branch,current_method,comparator,metric,difference,ci_low,ci_high,bootstrap_resamples
svm_l1,regret_constrained_medoid,direct,macro_ovr_auroc,-0.0132066910079036,-0.0241714765409506,-0.0031421524554575,2000
svm_l1,regret_constrained_medoid,direct,macro_auprc,-0.0243478234968634,-0.0423937863388348,-0.0063713174303995,2000
svm_l1,regret_constrained_medoid,direct,balanced_accuracy,-0.0231579156199889,-0.0428845822319273,-0.0045022363329886,2000
svm_l1,regret_constrained_medoid,direct,accuracy,-0.0285132382892057,-0.0498981670061098,-0.0071283095723014,2000
svm_l1,regret_constrained_medoid,direct,macro_f1,-0.0193017204201486,-0.0400842142226258,0.0008912402319386,2000
svm_l1,regret_constrained_medoid,rfecv_only,macro_ovr_auroc,-0.0107754408013034,-0.0258575810471019,0.0034562988045721,2000
svm_l1,regret_constrained_medoid,rfecv_only,macro_auprc,-0.0148182288276694,-0.0375118667621489,0.0086188510818469,2000
svm_l1,regret_constrained_medoid,rfecv_only,balanced_accuracy,-0.0283098959616027,-0.0514338458633653,-0.0060306372146605,2000
svm_l1,regret_constrained_medoid,rfecv_only,accuracy,-0.0295315682281058,-0.0539714867617108,-0.0050916496945009,2000
svm_l1,regret_constrained_medoid,rfecv_only,macro_f1,-0.031156836554197,-0.0560102913027133,-0.0064945834318256,2000
svm_l1,regret_constrained_medoid,highest_locking_score,macro_ovr_auroc,-0.0058462895333331,-0.015091746948686,0.0025908422683534,2000
svm_l1,regret_constrained_medoid,highest_locking_score,macro_auprc,-0.0108471808220833,-0.0259982007405911,0.0036021014575929,2000
svm_l1,regret_constrained_medoid,highest_locking_score,balanced_accuracy,-0.0026213462054168,-0.0172608922893373,0.0129157910147164,2000
svm_l1,regret_constrained_medoid,highest_locking_score,accuracy,-0.0030549898167004,-0.0193482688391037,0.0142566191446028,2000
svm_l1,regret_constrained_medoid,highest_locking_score,macro_f1,-0.0032561124728509,-0.0191581981908722,0.0133704848967821,2000
svm_l1,regret_constrained_medoid,legacy_top3_medoid,macro_ovr_auroc,-0.0028085447384802,-0.0111347141837869,0.0053795363492715,2000
svm_l1,regret_constrained_medoid,legacy_top3_medoid,macro_auprc,-0.0060592965316343,-0.0186900336470392,0.0077751301114341,2000
svm_l1,regret_constrained_medoid,legacy_top3_medoid,balanced_accuracy,-0.0104751916856847,-0.026598636035267,0.0047534834529146,2000
svm_l1,regret_constrained_medoid,legacy_top3_medoid,accuracy,-0.0081466395112015,-0.0254582484725051,0.0091649694501018,2000
svm_l1,regret_constrained_medoid,legacy_top3_medoid,macro_f1,-0.0115054035286241,-0.028261141964462,0.0049448622681102,2000
svm_l1,regret_constrained_medoid,unrestricted_medoid,macro_ovr_auroc,0.0054817263847917,-0.0036734410779408,0.015014432685551,2000
svm_l1,regret_constrained_medoid,unrestricted_medoid,macro_auprc,0.0051567627163278,-0.0089024151238946,0.0197329774299295,2000
svm_l1,regret_constrained_medoid,unrestricted_medoid,balanced_accuracy,0.008217377860235,-0.0085698790779385,0.0245243978524636,2000
svm_l1,regret_constrained_medoid,unrestricted_medoid,accuracy,0.0081466395112017,-0.0081466395112016,0.0254582484725049,2000
svm_l1,regret_constrained_medoid,unrestricted_medoid,macro_f1,0.0057260065421269,-0.0108243636844398,0.0228837181261425,2000
xgboost,regret_constrained_medoid,direct,macro_ovr_auroc,-0.0043430184991469,-0.0143926211777563,0.0063254905347851,2000
xgboost,regret_constrained_medoid,direct,macro_auprc,-0.0099767152142081,-0.0278766896793081,0.009627288830315,2000
xgboost,regret_constrained_medoid,direct,balanced_accuracy,-0.0127732307725985,-0.0331745222224046,0.0075527802633524,2000
xgboost,regret_constrained_medoid,direct,accuracy,-0.0142566191446029,-0.0336048879837067,0.0061099796334012,2000
xgboost,regret_constrained_medoid,direct,macro_f1,-0.0028632597897082,-0.0256276358943853,0.0201531340593052,2000
xgboost,regret_constrained_medoid,rfecv_only,macro_ovr_auroc,0.0012156957673362,-0.0112795983863698,0.0134240464480501,2000
xgboost,regret_constrained_medoid,rfecv_only,macro_auprc,0.0050749788037204,-0.0143364224385024,0.0258881169865651,2000
xgboost,regret_constrained_medoid,rfecv_only,balanced_accuracy,-0.0073749733199794,-0.0286595427591792,0.0142056827759261,2000
xgboost,regret_constrained_medoid,rfecv_only,accuracy,-0.005091649694501,-0.0274949083503054,0.0173116089613034,2000
xgboost,regret_constrained_medoid,rfecv_only,macro_f1,-0.0039824825891211,-0.0271393168923556,0.0188045333424336,2000
xgboost,regret_constrained_medoid,highest_locking_score,macro_ovr_auroc,-0.0049864051639487,-0.0121607675895571,0.0018050513038417,2000
xgboost,regret_constrained_medoid,highest_locking_score,macro_auprc,-0.0095835936074319,-0.0236557714687843,0.0029004809703295,2000
xgboost,regret_constrained_medoid,highest_locking_score,balanced_accuracy,-0.0088574931179228,-0.021783858656093,0.003758770201564,2000
xgboost,regret_constrained_medoid,highest_locking_score,accuracy,-0.0061099796334012,-0.0183299389002036,0.0061099796334012,2000
xgboost,regret_constrained_medoid,highest_locking_score,macro_f1,-0.0069219659466465,-0.0192781254394169,0.0056399872255097,2000
xgboost,regret_constrained_medoid,legacy_top3_medoid,macro_ovr_auroc,0.0033258928535488,-0.0051746952818516,0.011465801001103,2000
xgboost,regret_constrained_medoid,legacy_top3_medoid,macro_auprc,0.0079185039216372,-0.0060443158622433,0.0220556079953097,2000
xgboost,regret_constrained_medoid,legacy_top3_medoid,balanced_accuracy,0.0013520613394191,-0.0147797495909064,0.0184719907673447,2000
xgboost,regret_constrained_medoid,legacy_top3_medoid,accuracy,0.0020366598778003,-0.0142566191446028,0.0203665987780039,2000
xgboost,regret_constrained_medoid,legacy_top3_medoid,macro_f1,0.0012801330447488,-0.0167173593764002,0.0201458046944043,2000
xgboost,regret_constrained_medoid,unrestricted_medoid,macro_ovr_auroc,0.0089501397128729,0.000126065240443,0.0176222501765378,2000
xgboost,regret_constrained_medoid,unrestricted_medoid,macro_auprc,0.0167617441681733,0.0009393782516811,0.0328107533434384,2000
xgboost,regret_constrained_medoid,unrestricted_medoid,balanced_accuracy,0.0095145741321468,-0.0090702748315738,0.028578069502137,2000
xgboost,regret_constrained_medoid,unrestricted_medoid,accuracy,0.0112016293279022,-0.0081466395112016,0.0305498981670062,2000
xgboost,regret_constrained_medoid,unrestricted_medoid,macro_f1,0.0079745948758678,-0.0127007411287552,0.0287833868484375,2000
boruta_rf,regret_constrained_medoid,direct,macro_ovr_auroc,-0.0155781098546485,-0.0248510437095982,-0.0061707377168269,2000
boruta_rf,regret_constrained_medoid,direct,macro_auprc,-0.017852212043791,-0.0316852471948325,-0.0040487426206262,2000
boruta_rf,regret_constrained_medoid,direct,balanced_accuracy,-0.0102544316197918,-0.0288064863918215,0.0077995311157448,2000
boruta_rf,regret_constrained_medoid,direct,accuracy,-0.0142566191446028,-0.0346232179226069,0.0050916496945009,2000
boruta_rf,regret_constrained_medoid,direct,macro_f1,-0.0076259600518613,-0.0290500072272734,0.0127150463900091,2000
boruta_rf,regret_constrained_medoid,rfecv_only,macro_ovr_auroc,0.0053583132749289,-0.0125420330251997,0.022509664844252,2000
boruta_rf,regret_constrained_medoid,rfecv_only,macro_auprc,0.0112366787710537,-0.015169959354167,0.0364765140160272,2000
boruta_rf,regret_constrained_medoid,rfecv_only,balanced_accuracy,-0.0152233459755584,-0.0430471148636444,0.0087192803509174,2000
boruta_rf,regret_constrained_medoid,rfecv_only,accuracy,-0.0173116089613034,-0.0478615071283095,0.0091649694501018,2000
boruta_rf,regret_constrained_medoid,rfecv_only,macro_f1,-0.0160103903873821,-0.0451291195547395,0.0105729575825354,2000
boruta_rf,regret_constrained_medoid,highest_locking_score,macro_ovr_auroc,0.00286971297297,-0.0036613887174724,0.0097457605998463,2000
boruta_rf,regret_constrained_medoid,highest_locking_score,macro_auprc,0.0025698172641208,-0.0072285147524922,0.0129380103370749,2000
boruta_rf,regret_constrained_medoid,highest_locking_score,balanced_accuracy,0.0041589363017935,-0.0058914000032838,0.0146067330793941,2000
boruta_rf,regret_constrained_medoid,highest_locking_score,accuracy,0.005091649694501,-0.0061099796334012,0.0162932790224032,2000
boruta_rf,regret_constrained_medoid,highest_locking_score,macro_f1,0.0033565489189057,-0.0067998533627385,0.0137858949303415,2000
boruta_rf,regret_constrained_medoid,legacy_top3_medoid,macro_ovr_auroc,0.0010243893816491,-0.0052006933746712,0.0070933735786997,2000
boruta_rf,regret_constrained_medoid,legacy_top3_medoid,macro_auprc,-6.798694485166124e-06,-0.0110764699382249,0.0106142880607877,2000
boruta_rf,regret_constrained_medoid,legacy_top3_medoid,balanced_accuracy,-0.0016782416908839,-0.0142371224435067,0.0100632863764974,2000
boruta_rf,regret_constrained_medoid,legacy_top3_medoid,accuracy,-0.0020366598778003,-0.0153004073319756,0.0112016293279022,2000
boruta_rf,regret_constrained_medoid,legacy_top3_medoid,macro_f1,-0.0038270154886943,-0.0171786849221753,0.008844382528459,2000
boruta_rf,regret_constrained_medoid,unrestricted_medoid,macro_ovr_auroc,-0.0043032054851719,-0.0154362456446178,0.0080251921942218,2000
boruta_rf,regret_constrained_medoid,unrestricted_medoid,macro_auprc,-0.0029777968453192,-0.0213710090471208,0.0152030270230934,2000
boruta_rf,regret_constrained_medoid,unrestricted_medoid,balanced_accuracy,-0.0152009073943333,-0.0352400893985912,0.0042046993777397,2000
boruta_rf,regret_constrained_medoid,unrestricted_medoid,accuracy,-0.0173116089613034,-0.0397148676171079,0.0050916496945009,2000
boruta_rf,regret_constrained_medoid,unrestricted_medoid,macro_f1,-0.0158996656941154,-0.036990991643444,0.0038025132387085,2000
