outer_repeat,branch,method,metric,estimate,participants
1,svm_l1,direct,macro_ovr_auroc,0.8367155367733706,491
1,svm_l1,direct,macro_auprc,0.6758734731336664,491
1,svm_l1,direct,balanced_accuracy,0.6640235659831109,491
1,svm_l1,direct,accuracy,0.6435845213849287,491
1,svm_l1,direct,macro_f1,0.6501098901098901,491
2,svm_l1,direct,macro_ovr_auroc,0.8427012858859346,491
2,svm_l1,direct,macro_auprc,0.6868094791337017,491
2,svm_l1,direct,balanced_accuracy,0.680844839947242,491
2,svm_l1,direct,accuracy,0.6639511201629328,491
2,svm_l1,direct,macro_f1,0.6638905175833447,491
1,svm_l1,rfecv_only,macro_ovr_auroc,0.8387948742174263,491
1,svm_l1,rfecv_only,macro_auprc,0.6737217803173681,491
1,svm_l1,rfecv_only,balanced_accuracy,0.684938512814619,491
1,svm_l1,rfecv_only,accuracy,0.6639511201629328,491
1,svm_l1,rfecv_only,macro_f1,0.6758503901149653,491
2,svm_l1,rfecv_only,macro_ovr_auroc,0.8357594480286787,491
2,svm_l1,rfecv_only,macro_auprc,0.6699019826116119,491
2,svm_l1,rfecv_only,balanced_accuracy,0.6702338537989613,491
2,svm_l1,rfecv_only,accuracy,0.6456211812627292,491
2,svm_l1,rfecv_only,macro_f1,0.6618602498463664,491
1,svm_l1,highest_locking_score,macro_ovr_auroc,0.8371423125847195,491
1,svm_l1,highest_locking_score,macro_auprc,0.6774553051663765,491
1,svm_l1,highest_locking_score,balanced_accuracy,0.6461988496122504,491
1,svm_l1,highest_locking_score,accuracy,0.6211812627291242,491
1,svm_l1,highest_locking_score,macro_f1,0.6340526169407665,491
2,svm_l1,highest_locking_score,macro_ovr_auroc,0.8275537071254448,491
2,svm_l1,highest_locking_score,macro_auprc,0.6582263617514313,491
2,svm_l1,highest_locking_score,balanced_accuracy,0.6575964174889585,491
2,svm_l1,highest_locking_score,accuracy,0.6354378818737271,491
2,svm_l1,highest_locking_score,macro_f1,0.6478565748578728,491
1,svm_l1,legacy_top3_medoid,macro_ovr_auroc,0.8240435919494812,491
1,svm_l1,legacy_top3_medoid,macro_auprc,0.6532452497811199,491
1,svm_l1,legacy_top3_medoid,balanced_accuracy,0.654044964727645,491
1,svm_l1,legacy_top3_medoid,accuracy,0.6272912423625254,491
1,svm_l1,legacy_top3_medoid,macro_f1,0.639964984986415,491
2,svm_l1,legacy_top3_medoid,macro_ovr_auroc,0.8345769381709774,491
2,svm_l1,legacy_top3_medoid,macro_auprc,0.6728606485557901,491
2,svm_l1,legacy_top3_medoid,balanced_accuracy,0.6654579933340996,491
2,svm_l1,legacy_top3_medoid,accuracy,0.639511201629328,491
2,svm_l1,legacy_top3_medoid,macro_f1,0.658442788923771,491
1,svm_l1,unrestricted_medoid,macro_ovr_auroc,0.8272356943684901,491
1,svm_l1,unrestricted_medoid,macro_auprc,0.6637792960265424,491
1,svm_l1,unrestricted_medoid,balanced_accuracy,0.6381313587381855,491
1,svm_l1,unrestricted_medoid,accuracy,0.615071283095723,491
1,svm_l1,unrestricted_medoid,macro_f1,0.6319912965074255,491
2,svm_l1,unrestricted_medoid,macro_ovr_auroc,0.8148042935054247,491
2,svm_l1,unrestricted_medoid,macro_auprc,0.639894483814443,491
2,svm_l1,unrestricted_medoid,balanced_accuracy,0.6439864602317195,491
2,svm_l1,unrestricted_medoid,accuracy,0.6191446028513238,491
2,svm_l1,unrestricted_medoid,macro_f1,0.6319536572612582,491
1,svm_l1,regret_constrained_medoid,macro_ovr_auroc,0.8302190499069739,491
1,svm_l1,regret_constrained_medoid,macro_auprc,0.6620551204132813,491
1,svm_l1,regret_constrained_medoid,balanced_accuracy,0.6468960874776299,491
1,svm_l1,regret_constrained_medoid,accuracy,0.6211812627291242,491
1,svm_l1,regret_constrained_medoid,macro_f1,0.6353522066812809,491
2,svm_l1,regret_constrained_medoid,macro_ovr_auroc,0.8227843907365242,491
2,svm_l1,regret_constrained_medoid,macro_auprc,0.6519321848603599,491
2,svm_l1,regret_constrained_medoid,balanced_accuracy,0.651656487212745,491
2,svm_l1,regret_constrained_medoid,accuracy,0.6293279022403259,491
2,svm_l1,regret_constrained_medoid,macro_f1,0.6400447601716565,491
1,xgboost,direct,macro_ovr_auroc,0.824209402147458,491
1,xgboost,direct,macro_auprc,0.6541809322086816,491
1,xgboost,direct,balanced_accuracy,0.6543361190011,491
1,xgboost,direct,accuracy,0.6354378818737271,491
1,xgboost,direct,macro_f1,0.6329162593541428,491
2,xgboost,direct,macro_ovr_auroc,0.8385162048128212,491
2,xgboost,direct,macro_auprc,0.6799360936528646,491
2,xgboost,direct,balanced_accuracy,0.6755821717262931,491
2,xgboost,direct,accuracy,0.659877800407332,491
2,xgboost,direct,macro_f1,0.6531328168090631,491
1,xgboost,rfecv_only,macro_ovr_auroc,0.8250531392816138,491
1,xgboost,rfecv_only,macro_auprc,0.651015762356965,491
1,xgboost,rfecv_only,balanced_accuracy,0.6567540129487033,491
1,xgboost,rfecv_only,accuracy,0.6354378818737271,491
1,xgboost,rfecv_only,macro_f1,0.6408937843374842,491
2,xgboost,rfecv_only,macro_ovr_auroc,0.8265550391456988,491
2,xgboost,rfecv_only,macro_auprc,0.6529978754687241,491
2,xgboost,rfecv_only,balanced_accuracy,0.6623677628734518,491
2,xgboost,rfecv_only,accuracy,0.6415478615071283,491
2,xgboost,rfecv_only,macro_f1,0.6473937374245473,491
1,xgboost,highest_locking_score,macro_ovr_auroc,0.8246232398214521,491
1,xgboost,highest_locking_score,macro_auprc,0.6533973368438157,491
1,xgboost,highest_locking_score,balanced_accuracy,0.6439261223395231,491
1,xgboost,highest_locking_score,accuracy,0.6211812627291242,491
1,xgboost,highest_locking_score,macro_f1,0.6290488578783863,491
2,xgboost,highest_locking_score,macro_ovr_auroc,0.8393891404684305,491
2,xgboost,highest_locking_score,macro_auprc,0.6799334458041781,491
2,xgboost,highest_locking_score,balanced_accuracy,0.6781606930785187,491
2,xgboost,highest_locking_score,accuracy,0.6578411405295316,491
2,xgboost,highest_locking_score,macro_f1,0.665117630598696,491
1,xgboost,legacy_top3_medoid,macro_ovr_auroc,0.8232520631005322,491
1,xgboost,legacy_top3_medoid,macro_auprc,0.6441160020953058,491
1,xgboost,legacy_top3_medoid,balanced_accuracy,0.6458123313685893,491
1,xgboost,legacy_top3_medoid,accuracy,0.6232179226069247,491
1,xgboost,legacy_top3_medoid,macro_f1,0.6303008750980935,491
2,xgboost,legacy_top3_medoid,macro_ovr_auroc,0.8241357211543552,491
2,xgboost,legacy_top3_medoid,macro_auprc,0.6542105854945494,491
2,xgboost,legacy_top3_medoid,balanced_accuracy,0.6558553751347683,491
2,xgboost,legacy_top3_medoid,accuracy,0.639511201629328,491
2,xgboost,legacy_top3_medoid,macro_f1,0.6474614153961981,491
1,xgboost,unrestricted_medoid,macro_ovr_auroc,0.8230280166014412,491
1,xgboost,unrestricted_medoid,macro_auprc,0.6440188898944992,491
1,xgboost,unrestricted_medoid,balanced_accuracy,0.6555246797029352,491
1,xgboost,unrestricted_medoid,accuracy,0.6334012219959266,491
1,xgboost,unrestricted_medoid,macro_f1,0.6429200622543536,491
2,xgboost,unrestricted_medoid,macro_ovr_auroc,0.8131112739347981,491
2,xgboost,unrestricted_medoid,macro_auprc,0.636621217202284,491
2,xgboost,unrestricted_medoid,balanced_accuracy,0.6298180012149671,491
2,xgboost,unrestricted_medoid,accuracy,0.6109979633401222,491
2,xgboost,unrestricted_medoid,macro_f1,0.6214533045776999,491
1,xgboost,regret_constrained_medoid,macro_ovr_auroc,0.8246232398214521,491
1,xgboost,regret_constrained_medoid,macro_auprc,0.6533973368438157,491
1,xgboost,regret_constrained_medoid,balanced_accuracy,0.6439261223395231,491
1,xgboost,regret_constrained_medoid,accuracy,0.6211812627291242,491
1,xgboost,regret_constrained_medoid,macro_f1,0.6290488578783863,491
2,xgboost,regret_constrained_medoid,macro_ovr_auroc,0.8294163301405331,491
2,xgboost,regret_constrained_medoid,macro_auprc,0.6607662585893141,491
2,xgboost,regret_constrained_medoid,balanced_accuracy,0.6604457068426728,491
2,xgboost,regret_constrained_medoid,accuracy,0.6456211812627292,491
2,xgboost,regret_constrained_medoid,macro_f1,0.6512736987054031,491
1,boruta_rf,direct,macro_ovr_auroc,0.8374435103809724,491
1,boruta_rf,direct,macro_auprc,0.6706991800720901,491
1,boruta_rf,direct,balanced_accuracy,0.6652125371467975,491
1,boruta_rf,direct,accuracy,0.6456211812627292,491
1,boruta_rf,direct,macro_f1,0.6498532933829176,491
2,boruta_rf,direct,macro_ovr_auroc,0.8491227472538514,491
2,boruta_rf,direct,macro_auprc,0.686291752533702,491
2,boruta_rf,direct,balanced_accuracy,0.6560567750833237,491
2,boruta_rf,direct,accuracy,0.6354378818737271,491
2,boruta_rf,direct,macro_f1,0.6401559750597257,491
1,boruta_rf,rfecv_only,macro_ovr_auroc,0.8280672465322149,491
1,boruta_rf,rfecv_only,macro_auprc,0.6587145050985017,491
1,boruta_rf,rfecv_only,balanced_accuracy,0.6758276279135951,491
1,boruta_rf,rfecv_only,accuracy,0.6537678207739308,491
1,boruta_rf,rfecv_only,macro_f1,0.6647232716198233,491
2,boruta_rf,rfecv_only,macro_ovr_auroc,0.8166261648434537,491
2,boruta_rf,rfecv_only,macro_auprc,0.6400986458776008,491
2,boruta_rf,rfecv_only,balanced_accuracy,0.6553795130280592,491
2,boruta_rf,rfecv_only,accuracy,0.6334012219959266,491
2,boruta_rf,rfecv_only,macro_f1,0.6420548574938616,491
1,boruta_rf,highest_locking_score,macro_ovr_auroc,0.8177148095016653,491
1,boruta_rf,highest_locking_score,macro_auprc,0.6421273484682806,491
1,boruta_rf,highest_locking_score,balanced_accuracy,0.6526953661593358,491
1,boruta_rf,highest_locking_score,accuracy,0.6272912423625254,491
1,boruta_rf,highest_locking_score,macro_f1,0.6404720717564367,491
2,boruta_rf,highest_locking_score,macro_ovr_auroc,0.8319558024779213,491
2,boruta_rf,highest_locking_score,macro_auprc,0.6740195255216878,491
2,boruta_rf,highest_locking_score,balanced_accuracy,0.6397472102276147,491
2,boruta_rf,highest_locking_score,accuracy,0.615071283095723,491
2,boruta_rf,highest_locking_score,macro_f1,0.6275721787446722,491
1,boruta_rf,legacy_top3_medoid,macro_ovr_auroc,0.8304344477671295,491
1,boruta_rf,legacy_top3_medoid,macro_auprc,0.6615635423312187,491
1,boruta_rf,legacy_top3_medoid,balanced_accuracy,0.6634869555223538,491
1,boruta_rf,legacy_top3_medoid,accuracy,0.6415478615071283,491
1,boruta_rf,legacy_top3_medoid,macro_f1,0.6526331969952148,491
2,boruta_rf,legacy_top3_medoid,macro_ovr_auroc,0.8229268113950987,491
2,boruta_rf,legacy_top3_medoid,macro_auprc,0.6597365635759616,491
2,boruta_rf,legacy_top3_medoid,balanced_accuracy,0.6406299768499516,491
2,boruta_rf,legacy_top3_medoid,accuracy,0.615071283095723,491
2,boruta_rf,legacy_top3_medoid,macro_f1,0.6297781823210945,491
1,boruta_rf,unrestricted_medoid,macro_ovr_auroc,0.8251875835735417,491
1,boruta_rf,unrestricted_medoid,macro_auprc,0.6527169985184793,491
1,boruta_rf,unrestricted_medoid,balanced_accuracy,0.6700034478795541,491
1,boruta_rf,unrestricted_medoid,accuracy,0.6456211812627292,491
1,boruta_rf,unrestricted_medoid,macro_f1,0.6629478430557814,491
2,boruta_rf,unrestricted_medoid,macro_ovr_auroc,0.8388288653223286,491
2,boruta_rf,unrestricted_medoid,macro_auprc,0.6745251036903693,491
2,boruta_rf,unrestricted_medoid,balanced_accuracy,0.6611588158996502,491
2,boruta_rf,unrestricted_medoid,accuracy,0.6415478615071283,491
2,boruta_rf,unrestricted_medoid,macro_f1,0.6436088366713701,491
1,boruta_rf,regret_constrained_medoid,macro_ovr_auroc,0.8274703432330472,491
1,boruta_rf,regret_constrained_medoid,macro_auprc,0.6548551602574384,491
1,boruta_rf,regret_constrained_medoid,balanced_accuracy,0.6586153206254345,491
1,boruta_rf,regret_constrained_medoid,accuracy,0.6354378818737271,491
1,boruta_rf,regret_constrained_medoid,macro_f1,0.6446426096288136,491
2,boruta_rf,regret_constrained_medoid,macro_ovr_auroc,0.8279396946924792,491
2,boruta_rf,regret_constrained_medoid,macro_auprc,0.6664313482607717,491
2,boruta_rf,regret_constrained_medoid,balanced_accuracy,0.6421451283651031,491
2,boruta_rf,regret_constrained_medoid,accuracy,0.6171079429735234,491
2,boruta_rf,regret_constrained_medoid,macro_f1,0.6301147387101068,491
