center,branch,cap,comparator,metric,updated_minus_comparator,ci_low,ci_high,bootstrap_replicates,bootstrap_seed,bootstrap_strata
pooled_four_center_loco,boruta_rf,low,archived_locked_medoid,macro_auroc,-0.011634201708004,-0.033372098877253085,0.012969539938945772,2000,42,heldout_center x true_class
pooled_four_center_loco,boruta_rf,low,archived_locked_medoid,macro_auprc,0.012732019377502568,-0.022671984843240782,0.042841372724552136,2000,42,heldout_center x true_class
pooled_four_center_loco,boruta_rf,low,archived_locked_medoid,balanced_accuracy,-0.012012012012012074,-0.05308385308385305,0.03208622083622082,2000,42,heldout_center x true_class
pooled_four_center_loco,boruta_rf,low,archived_locked_medoid,macro_f1,-0.0071559877291133,-0.05100586414326305,0.04041105724457449,2000,42,heldout_center x true_class
pooled_four_center_loco,boruta_rf,low,archived_rfecv_only,macro_auroc,-0.04040205872143554,-0.06213231970635388,-0.019485508277328548,2000,42,heldout_center x true_class
pooled_four_center_loco,boruta_rf,low,archived_rfecv_only,macro_auprc,-0.02890611117616415,-0.06328679001367289,1.884208526375992e-05,2000,42,heldout_center x true_class
pooled_four_center_loco,boruta_rf,low,archived_rfecv_only,balanced_accuracy,-0.056999306999307,-0.09593555093555095,-0.01887214137214141,2000,42,heldout_center x true_class
pooled_four_center_loco,boruta_rf,low,archived_rfecv_only,macro_f1,-0.05726341670106905,-0.09875901730126983,-0.016616973009236057,2000,42,heldout_center x true_class
pooled_four_center_loco,boruta_rf,reference,archived_locked_medoid,macro_auroc,0.014561518340403423,-0.00328033877373379,0.032782213941186855,2000,42,heldout_center x true_class
pooled_four_center_loco,boruta_rf,reference,archived_locked_medoid,macro_auprc,0.012383842401533562,-0.016196939473170947,0.04296401742456863,2000,42,heldout_center x true_class
pooled_four_center_loco,boruta_rf,reference,archived_locked_medoid,balanced_accuracy,-0.01975051975051967,-0.057087664587664524,0.019577269577269577,2000,42,heldout_center x true_class
pooled_four_center_loco,boruta_rf,reference,archived_locked_medoid,macro_f1,-0.012158142701746644,-0.05375961902855356,0.031121242696056175,2000,42,heldout_center x true_class
pooled_four_center_loco,boruta_rf,reference,archived_rfecv_only,macro_auroc,0.002459810662853057,-0.01453344147184273,0.019130782124839384,2000,42,heldout_center x true_class
pooled_four_center_loco,boruta_rf,reference,archived_rfecv_only,macro_auprc,0.005478199338780909,-0.02546022808615234,0.033922716916189484,2000,42,heldout_center x true_class
pooled_four_center_loco,boruta_rf,reference,archived_rfecv_only,balanced_accuracy,0.0012589512589513685,-0.03302985677985676,0.035536786786786824,2000,42,heldout_center x true_class
pooled_four_center_loco,boruta_rf,reference,archived_rfecv_only,macro_f1,0.0020422524347215587,-0.03619516800596888,0.04125040823029014,2000,42,heldout_center x true_class
pooled_four_center_loco,svm_l1,low,archived_locked_medoid,macro_auroc,-0.031122046342260345,-0.05482792553108366,-0.005503141173588625,2000,42,heldout_center x true_class
pooled_four_center_loco,svm_l1,low,archived_locked_medoid,macro_auprc,-0.0346456563969576,-0.066759617231613,-0.002325643540372331,2000,42,heldout_center x true_class
pooled_four_center_loco,svm_l1,low,archived_locked_medoid,balanced_accuracy,-0.01786786786786798,-0.06245957495957495,0.030987525987525907,2000,42,heldout_center x true_class
pooled_four_center_loco,svm_l1,low,archived_locked_medoid,macro_f1,-0.01755165674029069,-0.06410300134789963,0.0339156410354365,2000,42,heldout_center x true_class
pooled_four_center_loco,svm_l1,low,archived_rfecv_only,macro_auroc,-0.009759184449798064,-0.034985995024535844,0.014239101413897996,2000,42,heldout_center x true_class
pooled_four_center_loco,svm_l1,low,archived_rfecv_only,macro_auprc,-0.0017293018733772758,-0.03983655534631144,0.03233123620727149,2000,42,heldout_center x true_class
pooled_four_center_loco,svm_l1,low,archived_rfecv_only,balanced_accuracy,-0.03955878955878955,-0.0858171633171633,0.007542446292446229,2000,42,heldout_center x true_class
pooled_four_center_loco,svm_l1,low,archived_rfecv_only,macro_f1,-0.012973100204387134,-0.062103875626924335,0.037744066672322836,2000,42,heldout_center x true_class
pooled_four_center_loco,svm_l1,reference,archived_locked_medoid,macro_auroc,0.012492530852319828,-0.009255295341012456,0.035057593970353025,2000,42,heldout_center x true_class
pooled_four_center_loco,svm_l1,reference,archived_locked_medoid,macro_auprc,0.04235576188642076,0.008179432795307818,0.07383190133770247,2000,42,heldout_center x true_class
pooled_four_center_loco,svm_l1,reference,archived_locked_medoid,balanced_accuracy,0.024774774774774855,-0.01901882651882653,0.07270876645876646,2000,42,heldout_center x true_class
pooled_four_center_loco,svm_l1,reference,archived_locked_medoid,macro_f1,0.03047523267832819,-0.016375205358972945,0.08141303347966276,2000,42,heldout_center x true_class
pooled_four_center_loco,svm_l1,reference,archived_rfecv_only,macro_auroc,-0.00840776001232868,-0.028653744425752657,0.011911153901229498,2000,42,heldout_center x true_class
pooled_four_center_loco,svm_l1,reference,archived_rfecv_only,macro_auprc,-0.0015532594077423134,-0.03469718766630306,0.030196595038522196,2000,42,heldout_center x true_class
pooled_four_center_loco,svm_l1,reference,archived_rfecv_only,balanced_accuracy,0.037560637560637655,-0.010911007161007258,0.08421171171171163,2000,42,heldout_center x true_class
pooled_four_center_loco,svm_l1,reference,archived_rfecv_only,macro_f1,0.04505829083267254,-0.005077738873640936,0.09537981241429927,2000,42,heldout_center x true_class
pooled_four_center_loco,xgboost,low,archived_locked_medoid,macro_auroc,0.017636412526570444,-0.0026417760261272876,0.03840766272121603,2000,42,heldout_center x true_class
pooled_four_center_loco,xgboost,low,archived_locked_medoid,macro_auprc,0.040665103420401194,0.004962995641478271,0.07669603553805443,2000,42,heldout_center x true_class
pooled_four_center_loco,xgboost,low,archived_locked_medoid,balanced_accuracy,0.02738507738507745,-0.02095229845229854,0.07413577038577034,2000,42,heldout_center x true_class
pooled_four_center_loco,xgboost,low,archived_locked_medoid,macro_f1,0.029236493144441544,-0.021356369930605332,0.07721406024170721,2000,42,heldout_center x true_class
pooled_four_center_loco,xgboost,low,archived_rfecv_only,macro_auroc,0.04801688332269194,0.02526743260990742,0.07036542982110537,2000,42,heldout_center x true_class
pooled_four_center_loco,xgboost,low,archived_rfecv_only,macro_auprc,0.06503863591910675,0.02940121647166962,0.0997536705442351,2000,42,heldout_center x true_class
pooled_four_center_loco,xgboost,low,archived_rfecv_only,balanced_accuracy,0.05337260337260341,0.010163432663432639,0.09486168861168855,2000,42,heldout_center x true_class
pooled_four_center_loco,xgboost,low,archived_rfecv_only,macro_f1,0.06932817323908913,0.025074690192774078,0.11242040501095413,2000,42,heldout_center x true_class
pooled_four_center_loco,xgboost,reference,archived_locked_medoid,macro_auroc,0.015082096440746096,-0.007309748927120496,0.037198311913355306,2000,42,heldout_center x true_class
pooled_four_center_loco,xgboost,reference,archived_locked_medoid,macro_auprc,0.0003386418551003523,-0.03648080075853218,0.036347039189466496,2000,42,heldout_center x true_class
pooled_four_center_loco,xgboost,reference,archived_locked_medoid,balanced_accuracy,0.018456918456918547,-0.026518826518826533,0.05955388080388073,2000,42,heldout_center x true_class
pooled_four_center_loco,xgboost,reference,archived_locked_medoid,macro_f1,0.015759542390137327,-0.03175678079238205,0.060323846501038315,2000,42,heldout_center x true_class
pooled_four_center_loco,xgboost,reference,archived_rfecv_only,macro_auroc,-0.02072128455290423,-0.0435590232161808,0.0012695146445245678,2000,42,heldout_center x true_class
pooled_four_center_loco,xgboost,reference,archived_rfecv_only,macro_auprc,-0.014830422358806938,-0.047353220889652846,0.02118344781565526,2000,42,heldout_center x true_class
pooled_four_center_loco,xgboost,reference,archived_rfecv_only,balanced_accuracy,0.009216909216909208,-0.033218121968121975,0.055002021252021235,2000,42,heldout_center x true_class
pooled_four_center_loco,xgboost,reference,archived_rfecv_only,macro_f1,-0.005837132764220487,-0.05102656834373602,0.04377768718444472,2000,42,heldout_center x true_class
