outer_repeat,outer_fold,branch,method,n_features,macro_ovr_auroc,macro_auprc,balanced_accuracy,accuracy,macro_f1
1,1,svm_l1,elastic_net_native,74,0.871151885738193,0.7298334404207756,0.6889396210985416,0.6666666666666666,0.683100233100233
1,1,svm_l1,elastic_net_matched,15,0.8416263452709943,0.7044486872804985,0.681363863522784,0.6565656565656566,0.676930596285435
1,1,svm_l1,stability_native,58,0.8697039806284227,0.7382910760437955,0.6573758575257825,0.6363636363636364,0.6412888071895425
1,1,svm_l1,stability_matched,15,0.8048024377121491,0.6241111051435502,0.6272318386261415,0.5959595959595959,0.6201923076923077
1,1,svm_l1,random_bank_rep_01,15,0.8527811728804429,0.7218429109801272,0.6622459873959123,0.6565656565656566,0.6496661290778938
1,1,svm_l1,random_bank_rep_02,15,0.873101646684891,0.7531901355500621,0.6930625596292763,0.6767676767676768,0.6771588808871327
1,1,svm_l1,random_bank_rep_03,15,0.8532226019956737,0.7031571261089806,0.6965153786742991,0.6767676767676768,0.6906759906759906
1,1,svm_l1,random_bank_rep_04,15,0.8595509480289577,0.7123401403329572,0.6520489755122438,0.6262626262626263,0.6348940650536121
1,1,svm_l1,random_bank_rep_05,15,0.871484996849946,0.7454802718412895,0.7324178819681068,0.7070707070707071,0.7321254014802401
1,1,xgboost,elastic_net_native,82,0.8518474289595607,0.6999299752997042,0.6563309254463676,0.6363636363636364,0.6437279670975323
1,1,xgboost,elastic_net_matched,20,0.8709542929916595,0.733397174348757,0.6704942983053926,0.6464646464646465,0.6616915422885573
1,1,xgboost,stability_native,54,0.8585631453883034,0.7075503050514904,0.6910294852573713,0.6666666666666666,0.683829611248966
1,1,xgboost,stability_matched,20,0.8562574637358715,0.7062422017654877,0.651004043432829,0.6262626262626263,0.6405985319028797
1,1,xgboost,random_bank_rep_01,20,0.8521960155146852,0.6975659026936752,0.7084298759711054,0.6868686868686869,0.7051596382259998
1,1,xgboost,random_bank_rep_02,20,0.8356773277128292,0.6857154045489489,0.6381014038435328,0.6060606060606061,0.6327766216991964
1,1,xgboost,random_bank_rep_03,20,0.8564052442440102,0.7130676559912341,0.6411794102948525,0.6161616161616161,0.631831119544592
1,1,xgboost,random_bank_rep_04,20,0.819144242067756,0.6401517864022351,0.6477670255781199,0.6161616161616161,0.6361909663505134
1,1,xgboost,random_bank_rep_05,20,0.8446963889893742,0.6881072275325485,0.6573758575257825,0.6363636363636364,0.6431618439091266
1,1,boruta_rf,elastic_net_native,58,0.8469517324282825,0.6860089520794601,0.6532529189950479,0.6262626262626263,0.6484016216991964
1,1,boruta_rf,elastic_net_matched,18,0.8503495393917407,0.6869059536693194,0.6696651674162918,0.6363636363636364,0.6710621345867248
1,1,boruta_rf,stability_native,22,0.8434324222341696,0.6712408299745204,0.6662123483712689,0.6363636363636364,0.6618747372845734
1,1,boruta_rf,stability_matched,18,0.8357674221413702,0.6927518937198751,0.6694493662259778,0.6464646464646465,0.6635061919504645
1,1,boruta_rf,random_bank_rep_01,18,0.853991366725759,0.7077432408586368,0.6889396210985416,0.6666666666666666,0.6831291943232242
1,1,boruta_rf,random_bank_rep_02,18,0.84792914224033,0.7006060065932807,0.668404434146563,0.6464646464646465,0.6624708624708624
1,1,boruta_rf,random_bank_rep_03,18,0.841368622892514,0.6790313235827694,0.7020580618781518,0.6767676767676768,0.7013773532668881
1,1,boruta_rf,random_bank_rep_04,18,0.8283509064146855,0.6616792066631862,0.6274476398164555,0.5858585858585859,0.6315873015873015
1,1,boruta_rf,random_bank_rep_05,18,0.8419019834104159,0.6826786696895817,0.6866907455363227,0.6666666666666666,0.6774611715788186
1,2,svm_l1,elastic_net_native,71,0.8495715069244482,0.7257945481584536,0.6871212121212121,0.6632653061224489,0.6859902268117278
1,2,svm_l1,elastic_net_matched,15,0.8000552981590133,0.667438654386137,0.6075757575757575,0.5714285714285714,0.6030952380952381
1,2,svm_l1,stability_native,57,0.8505641675146319,0.7074915229599379,0.7037878787878789,0.6836734693877551,0.7025696167312017
1,2,svm_l1,stability_matched,15,0.8284425133689839,0.6675691560630554,0.6621212121212121,0.6326530612244898,0.6602334511549256
1,2,svm_l1,random_bank_rep_01,15,0.8490496925674944,0.7055679141664748,0.665909090909091,0.6326530612244898,0.6634586570157441
1,2,svm_l1,random_bank_rep_02,15,0.8422622720416838,0.7223594117908163,0.6409090909090909,0.6122448979591837,0.6391841916112129
1,2,svm_l1,random_bank_rep_03,15,0.8231123301363239,0.6860858846792531,0.6181818181818182,0.5816326530612245,0.6129943793798434
1,2,svm_l1,random_bank_rep_04,15,0.8349821295835228,0.6700303784171762,0.7340909090909091,0.7244897959183674,0.7275698158051099
1,2,svm_l1,random_bank_rep_05,15,0.8257905471721262,0.6830283078415643,0.6333333333333333,0.6020408163265306,0.6301925234748714
1,2,xgboost,elastic_net_native,61,0.8340033160853595,0.6902671259601761,0.6674242424242425,0.6326530612244898,0.6668214654282766
1,2,xgboost,elastic_net_matched,20,0.827648808879459,0.6534816820288574,0.6356060606060607,0.6020408163265306,0.6339371980676329
1,2,xgboost,stability_native,26,0.8325307432505575,0.6614259334817711,0.671969696969697,0.6428571428571429,0.6702871072589381
1,2,xgboost,stability_matched,20,0.8290841704734894,0.6658134983983406,0.6659090909090908,0.6428571428571429,0.6623608149727552
1,2,xgboost,random_bank_rep_01,20,0.8321811380054414,0.6715242019029791,0.6757575757575758,0.6428571428571429,0.6773124774612334
1,2,xgboost,random_bank_rep_02,20,0.848685067512467,0.682731184944131,0.6636363636363637,0.6326530612244898,0.6633633633633633
1,2,xgboost,random_bank_rep_03,20,0.8123170109044722,0.6491274747901844,0.6227272727272727,0.5918367346938775,0.6213675213675214
1,2,xgboost,random_bank_rep_04,20,0.8379840618617709,0.6777855664434078,0.6128787878787879,0.5816326530612245,0.6088016967126193
1,2,xgboost,random_bank_rep_05,20,0.842369756146846,0.6883276646160331,0.6151515151515151,0.5918367346938775,0.608003682584937
1,2,boruta_rf,elastic_net_native,86,0.840878870871131,0.694301296995421,0.6712121212121211,0.6530612244897959,0.665034965034965
1,2,boruta_rf,elastic_net_matched,18,0.8333266127577272,0.696562860768418,0.6727272727272727,0.6428571428571429,0.6739298724954462
1,2,boruta_rf,stability_native,48,0.840608198560985,0.687741090770485,0.6886363636363636,0.673469387755102,0.6779728725380899
1,2,boruta_rf,stability_matched,18,0.8566876492960085,0.7241696904510073,0.6954545454545454,0.6836734693877551,0.6830985915492959
1,2,boruta_rf,random_bank_rep_01,18,0.8396224389645442,0.6874718993408119,0.6780303030303031,0.6428571428571429,0.6762187088274045
1,2,boruta_rf,random_bank_rep_02,18,0.8430815508021391,0.6996598434552962,0.6772727272727272,0.6530612244897959,0.674858607281725
1,2,boruta_rf,random_bank_rep_03,18,0.8482472829028556,0.69921760809513,0.6931818181818181,0.6632653061224489,0.6936219262295081
1,2,boruta_rf,random_bank_rep_04,18,0.828844169246646,0.6859812379628536,0.625,0.5918367346938775,0.6224602589746289
1,2,boruta_rf,random_bank_rep_05,18,0.8380343985220146,0.6774877566690007,0.6954545454545455,0.673469387755102,0.6937675070028011
1,3,svm_l1,elastic_net_native,76,0.8177157981337548,0.6680329599891505,0.593939393939394,0.5612244897959183,0.5987085497064114
1,3,svm_l1,elastic_net_matched,15,0.820311564080914,0.6806022044243277,0.5901515151515151,0.5510204081632653,0.591704147926037
1,3,svm_l1,stability_native,53,0.817184737347276,0.6673090805532679,0.6128787878787879,0.5816326530612245,0.6201227617483775
1,3,svm_l1,stability_matched,15,0.7749433036004244,0.6315526267526415,0.5901515151515151,0.5510204081632653,0.5890937019969278
1,3,svm_l1,random_bank_rep_01,15,0.8098305783483801,0.6536027344092267,0.6242424242424242,0.5918367346938775,0.6205018939393939
1,3,svm_l1,random_bank_rep_02,15,0.7953711471706828,0.6460038383875721,0.6022727272727273,0.5816326530612245,0.589569597069597
1,3,svm_l1,random_bank_rep_03,15,0.7648729495478722,0.5938385316184772,0.5332167832167832,0.5306122448979592,0.5337919776119403
1,3,svm_l1,random_bank_rep_04,15,0.7822694526835394,0.6209240554185348,0.5803030303030302,0.5408163265306123,0.582838589981447
1,3,svm_l1,random_bank_rep_05,15,0.8261510677145352,0.6631302957093363,0.6318181818181817,0.6122448979591837,0.6234662026406429
1,3,xgboost,elastic_net_native,62,0.8179383439058361,0.6622623479349327,0.6106060606060606,0.5816326530612245,0.6087121212121213
1,3,xgboost,elastic_net_matched,20,0.8224801900885492,0.6628953042749172,0.6333333333333333,0.6020408163265306,0.6361751152073732
1,3,xgboost,stability_native,27,0.8253176712348539,0.6772542553746452,0.5984848484848484,0.5612244897959183,0.6030709244080146
1,3,xgboost,stability_matched,20,0.8176020444983294,0.6679370878935557,0.6143939393939394,0.5816326530612245,0.6173020527859238
1,3,xgboost,random_bank_rep_01,20,0.7906320588596131,0.6477846600789046,0.6318181818181818,0.6020408163265306,0.6253126992691421
1,3,xgboost,random_bank_rep_02,20,0.8066201278082082,0.6459407433959722,0.5757575757575757,0.5408163265306123,0.5625974946117481
1,3,xgboost,random_bank_rep_03,20,0.8042397811167161,0.644369463278261,0.6318181818181817,0.6122448979591837,0.6219724597585513
1,3,xgboost,random_bank_rep_04,20,0.7997367699380084,0.6384575019436274,0.6148601398601398,0.6020408163265306,0.6115533408998489
1,3,xgboost,random_bank_rep_05,20,0.8541338305657191,0.7270118253495212,0.6686480186480187,0.6428571428571429,0.6772199820788531
1,3,boruta_rf,elastic_net_native,83,0.8183618754826185,0.65669606558882,0.6106060606060606,0.5816326530612245,0.6140029325513197
1,3,boruta_rf,elastic_net_matched,21,0.8112076648841354,0.6376442320317335,0.6499999999999999,0.6224489795918368,0.6503663003663003
1,3,boruta_rf,stability_native,48,0.7997816489496056,0.6531128981897776,0.6136363636363636,0.5816326530612245,0.6181515616999489
1,3,boruta_rf,stability_matched,21,0.8156969642844255,0.6589280984855537,0.6446969696969698,0.6122448979591837,0.6482776089159068
1,3,boruta_rf,random_bank_rep_01,21,0.8235833116831568,0.6577668628243334,0.6174242424242424,0.5816326530612245,0.6222644778739157
1,3,boruta_rf,random_bank_rep_02,21,0.8389594474153298,0.6958752469725861,0.6613636363636364,0.6326530612244898,0.6637188416422288
1,3,boruta_rf,random_bank_rep_03,21,0.8255884337540684,0.6749805413967216,0.6606060606060606,0.6224489795918368,0.6651148871080371
1,3,boruta_rf,random_bank_rep_04,21,0.8096283296167197,0.6572032073760204,0.6106060606060606,0.5816326530612245,0.6119868035190615
1,3,boruta_rf,random_bank_rep_05,21,0.8034188785930272,0.6312803911757279,0.6196969696969697,0.5816326530612245,0.6239737274220032
1,4,svm_l1,elastic_net_native,78,0.8081895765404011,0.6558709102880456,0.630150833674072,0.6020408163265306,0.6022720030590785
1,4,svm_l1,elastic_net_matched,16,0.7875292773193823,0.6179041658215947,0.6231089000954069,0.5816326530612245,0.6220586129540355
1,4,svm_l1,stability_native,60,0.8186620675676148,0.6691085883382066,0.6225750760983144,0.5918367346938775,0.5976438492063493
1,4,svm_l1,stability_matched,16,0.7840187249032826,0.6351528155717319,0.6059243105719867,0.5510204081632653,0.6060981781376518
1,4,svm_l1,random_bank_rep_01,16,0.8258846450900424,0.6821404023925497,0.6488119576575349,0.6122448979591837,0.6267342032967034
1,4,svm_l1,random_bank_rep_02,16,0.8151226834135381,0.6428100052159179,0.644314206533097,0.6122448979591837,0.6275396671826625
1,4,svm_l1,random_bank_rep_03,16,0.8378410095651475,0.701455766311038,0.6551837717504884,0.6224489795918368,0.6435874423679302
1,4,svm_l1,random_bank_rep_04,16,0.805995428858997,0.6399075763361263,0.6412362000817772,0.6020408163265306,0.6356421356421356
1,4,svm_l1,random_bank_rep_05,16,0.7948498128558099,0.6261761667253084,0.6520489755122438,0.6224489795918368,0.6347718189025632
1,4,xgboost,elastic_net_native,89,0.799453734671126,0.6482935851835331,0.6387715233292445,0.6122448979591837,0.6077859070153591
1,4,xgboost,elastic_net_matched,20,0.8004807386516533,0.6498013966194627,0.6617145972468311,0.6326530612244898,0.6482236761648527
1,4,xgboost,stability_native,55,0.7877301559010704,0.6155893930369727,0.6387715233292445,0.6122448979591837,0.6051747311827956
1,4,xgboost,stability_matched,20,0.8042766728523849,0.6466779335696764,0.66396347280905,0.6326530612244898,0.6557692307692308
1,4,xgboost,random_bank_rep_01,20,0.7623969607133907,0.5956267800104662,0.5903411930398438,0.5510204081632653,0.5695204493087558
1,4,xgboost,random_bank_rep_02,20,0.702669214549451,0.4824245713821834,0.5144630481961816,0.5102040816326531,0.4901656314699793
1,4,xgboost,random_bank_rep_03,20,0.7873911995051426,0.6202073213452804,0.6336036527190949,0.6020408163265306,0.6219114219114219
1,4,xgboost,random_bank_rep_04,20,0.7665362773158875,0.5880294734703722,0.5892962609604289,0.5510204081632653,0.5824175824175825
1,4,xgboost,random_bank_rep_05,20,0.7812444477062168,0.5906532196874572,0.6344895733951207,0.6020408163265306,0.6015397258277332
1,4,boruta_rf,elastic_net_native,57,0.8114465844001076,0.6596699617311095,0.632399709236291,0.6020408163265306,0.6135043414455179
1,4,boruta_rf,elastic_net_matched,17,0.811113184666408,0.6466589138936849,0.6172481940847758,0.5816326530612245,0.6002894954507857
1,4,boruta_rf,stability_native,25,0.8090074543148006,0.658353576177737,0.646563082095316,0.6122448979591837,0.6326469326469326
1,4,boruta_rf,stability_matched,17,0.8412358855537267,0.7160452687467129,0.6713802189814184,0.6428571428571429,0.6549769878574226
1,4,boruta_rf,random_bank_rep_01,17,0.8071769010599595,0.6576196151096431,0.6184521375675798,0.5816326530612245,0.6049360079210825
1,4,boruta_rf,random_bank_rep_02,17,0.7870584288275442,0.6204062812264832,0.6325587206396801,0.6020408163265306,0.6217111557596633
1,4,boruta_rf,random_bank_rep_03,17,0.8203674386582932,0.6718340641016738,0.6551837717504884,0.6224489795918368,0.6421507483962936
1,4,boruta_rf,random_bank_rep_04,17,0.7998398003795306,0.6228505271664339,0.6725841624642224,0.6428571428571429,0.663778409090909
1,4,boruta_rf,random_bank_rep_05,17,0.8479749985147287,0.7069121198606435,0.6453591386125119,0.6122448979591837,0.6243279569892474
1,5,svm_l1,elastic_net_native,82,0.8484748185347886,0.7061025261651963,0.6756621689155422,0.6530612244897959,0.6551618031693933
1,5,svm_l1,elastic_net_matched,12,0.7438642916304086,0.5780640181086323,0.536424969333515,0.4795918367346938,0.5381645114942528
1,5,svm_l1,stability_native,60,0.8563698220819661,0.7321839315433525,0.6746172368361274,0.6530612244897959,0.6553079053079054
1,5,svm_l1,stability_matched,12,0.792628406076682,0.6512149704908642,0.5905569942301576,0.5408163265306123,0.5905569942301576
1,5,svm_l1,random_bank_rep_01,12,0.8458159032371926,0.7111661610652102,0.7213893053473263,0.6938775510204082,0.710487117552335
1,5,svm_l1,random_bank_rep_02,12,0.873568041154248,0.7537358044838451,0.6532529189950479,0.6224489795918368,0.6480383292037061
1,5,svm_l1,random_bank_rep_03,12,0.8322819709026605,0.6853612555842534,0.6411794102948525,0.6122448979591837,0.6269051810865192
1,5,svm_l1,random_bank_rep_04,12,0.8743698081029415,0.7684710069772351,0.6953682249784199,0.6632653061224489,0.688722294654498
1,5,svm_l1,random_bank_rep_05,12,0.8556243618215573,0.7182288172390978,0.6697088518677724,0.6530612244897959,0.6716553544494721
1,5,xgboost,elastic_net_native,88,0.8427170330918456,0.6975863883219405,0.664792603698151,0.6428571428571429,0.6387680390492361
1,5,xgboost,elastic_net_matched,19,0.8065071310498597,0.6549005618333542,0.6455181500159012,0.6122448979591837,0.6356988082340195
1,5,xgboost,stability_native,56,0.8255694530357199,0.6654858125261801,0.6410203988914633,0.6122448979591837,0.6211150918047469
1,5,xgboost,stability_matched,19,0.8338451403668795,0.698217909204042,0.7072259324883013,0.6836734693877551,0.6990925500693789
1,5,xgboost,random_bank_rep_01,19,0.791330044562252,0.5996959404581835,0.5862619389605896,0.5612244897959183,0.5626716880815241
1,5,xgboost,random_bank_rep_02,19,0.7871031082566491,0.6095780398549386,0.6141133978465313,0.5816326530612245,0.5753920171062009
1,5,xgboost,random_bank_rep_03,19,0.8163680808711233,0.6614718288792896,0.6520489755122438,0.6224489795918368,0.6361628973569271
1,5,xgboost,random_bank_rep_04,19,0.8383473997267101,0.6784591716626142,0.6237790195811186,0.5918367346938775,0.6078921387140566
1,5,xgboost,random_bank_rep_05,19,0.8252905016023457,0.6619480595418524,0.692903548225887,0.673469387755102,0.6672709480294562
1,5,boruta_rf,elastic_net_native,67,0.8644574565863921,0.7311872646322773,0.6715392303848076,0.6428571428571429,0.6637822790807866
1,5,boruta_rf,elastic_net_matched,20,0.8713773532814013,0.7473902030478036,0.6662123483712689,0.6326530612244898,0.662617405469102
1,5,boruta_rf,stability_native,42,0.8617059651992185,0.7318684245280498,0.710519740129935,0.6836734693877551,0.7043594326975092
1,5,boruta_rf,stability_matched,20,0.8654753392534502,0.7407563893382385,0.6812048521193947,0.6530612244897959,0.6726641965814952
1,5,boruta_rf,random_bank_rep_01,20,0.8393876138853651,0.6970505034740397,0.6629753305165598,0.6224489795918368,0.6513092743742899
1,5,boruta_rf,random_bank_rep_02,20,0.8347702372589929,0.6953107047661445,0.6521057652991685,0.6122448979591837,0.6452959960697617
1,5,boruta_rf,random_bank_rep_03,20,0.8332383109144728,0.6920506204538528,0.6725841624642224,0.6428571428571429,0.6633399387497747
1,5,boruta_rf,random_bank_rep_04,20,0.8472814292154622,0.701939569834376,0.6629753305165598,0.6224489795918368,0.6580979284369115
1,5,boruta_rf,random_bank_rep_05,20,0.8420064443302824,0.6899745747106003,0.6879514788060515,0.6530612244897959,0.6872306671017248
2,1,svm_l1,elastic_net_native,66,0.8397111994397384,0.6879546118633806,0.681363863522784,0.6565656565656566,0.6770833333333334
2,1,svm_l1,elastic_net_matched,14,0.8120234297865877,0.6427337221606422,0.681363863522784,0.6565656565656566,0.6754478807883658
2,1,svm_l1,stability_native,56,0.8431000812586934,0.6960872504502699,0.6899845531779565,0.6666666666666666,0.6848958333333334
2,1,svm_l1,stability_matched,14,0.8092810841001339,0.6665532936735507,0.6251419744673119,0.5959595959595959,0.6203081232492997
2,1,svm_l1,random_bank_rep_01,14,0.8071354246549545,0.6432020709330533,0.6542978510744627,0.6262626262626263,0.6518511730205279
2,1,svm_l1,random_bank_rep_02,14,0.8307338330461936,0.6610271928527378,0.6663713597746581,0.6363636363636364,0.6658119658119659
2,1,svm_l1,random_bank_rep_03,14,0.8278376103275853,0.668039468396363,0.7031029939575666,0.6767676767676768,0.7010247345741054
2,1,svm_l1,random_bank_rep_04,14,0.841949469066084,0.6793241769645362,0.6608286765708055,0.6363636363636364,0.6599043715846995
2,1,svm_l1,random_bank_rep_05,14,0.8107911086193476,0.6440561096636394,0.6413384216982418,0.6161616161616161,0.636996336996337
2,1,xgboost,elastic_net_native,74,0.8308065133633808,0.6754960840731759,0.6606696651674163,0.6363636363636364,0.6484133387118461
2,1,xgboost,elastic_net_matched,20,0.8344034564513141,0.6973458539509615,0.6770819135886601,0.6464646464646465,0.674578699988536
2,1,xgboost,stability_native,22,0.8369188386295263,0.7035698660238664,0.6715392303848076,0.6464646464646465,0.6635416666666666
2,1,xgboost,stability_matched,20,0.8439857743356414,0.7049392685253791,0.6715392303848076,0.6464646464646465,0.6642765009380863
2,1,xgboost,random_bank_rep_01,20,0.7973195242568032,0.6369240710941971,0.5915451365226477,0.5555555555555556,0.5862170412574133
2,1,xgboost,random_bank_rep_02,20,0.7693169632044797,0.5836227201788025,0.4616182168655931,0.4747474747474747,0.4493780236155317
2,1,xgboost,random_bank_rep_03,20,0.7869826919263888,0.5881774286479848,0.5601128007424859,0.5454545454545454,0.5401365629984052
2,1,xgboost,random_bank_rep_04,20,0.8001861861685116,0.6137697548118705,0.5221772230767733,0.5050505050505051,0.5065359748010609
2,1,xgboost,random_bank_rep_05,20,0.8182750705313886,0.6604589789551831,0.6153173413293352,0.5858585858585859,0.6052722218865187
2,1,boruta_rf,elastic_net_native,58,0.841131569201625,0.6787234334543764,0.6337626641224843,0.6060606060606061,0.6273674242424243
2,1,boruta_rf,elastic_net_matched,18,0.8306699743605692,0.6660592285012991,0.6456771614192903,0.6161616161616161,0.6421855921855921
2,1,boruta_rf,stability_native,21,0.8471790531855596,0.6851908891224096,0.6696651674162918,0.6363636363636364,0.6703478554542384
2,1,boruta_rf,stability_matched,18,0.842683226625466,0.6794223491047696,0.6782858570714643,0.6464646464646465,0.6781669664777291
2,1,boruta_rf,random_bank_rep_01,18,0.8296288093758377,0.6704020909848636,0.6618736086502203,0.6363636363636364,0.6557692307692308
2,1,boruta_rf,random_bank_rep_02,18,0.7971929930144603,0.6117158542198277,0.5654672663668167,0.5353535353535354,0.5576036866359446
2,1,boruta_rf,random_bank_rep_03,18,0.8446995885743618,0.6865473049913187,0.6780700558811502,0.6565656565656566,0.6629934796612029
2,1,boruta_rf,random_bank_rep_04,18,0.841421136559871,0.6827583379892853,0.6465062923083913,0.6262626262626263,0.6255029284441048
2,1,boruta_rf,random_bank_rep_05,18,0.809490973795813,0.6313636097698722,0.6315137885602653,0.6060606060606061,0.6214227134743439
2,2,svm_l1,elastic_net_native,70,0.8258716902292753,0.6826963688118095,0.634090909090909,0.6122448979591837,0.6179271708683473
2,2,svm_l1,elastic_net_matched,15,0.8039279734713172,0.6402158116071665,0.5772727272727273,0.5408163265306123,0.5769432742801084
2,2,svm_l1,stability_native,58,0.824802351930835,0.6848272454150274,0.606060606060606,0.5816326530612245,0.5915032679738562
2,2,svm_l1,stability_matched,15,0.826525300035362,0.6596645730845021,0.6098484848484848,0.5816326530612245,0.5978163992869875
2,2,svm_l1,random_bank_rep_01,15,0.8536024089429661,0.7067167865040682,0.6734848484848484,0.6530612244897959,0.6617114367114367
2,2,svm_l1,random_bank_rep_02,15,0.8315898626657141,0.6751493276020986,0.6484848484848484,0.6326530612244898,0.6329759808853118
2,2,svm_l1,random_bank_rep_03,15,0.7942845789401517,0.6476950244448477,0.6363636363636362,0.6122448979591837,0.6272109966139817
2,2,svm_l1,random_bank_rep_04,15,0.823809014772637,0.6583924913653718,0.6386363636363636,0.6122448979591837,0.6349871815979491
2,2,svm_l1,random_bank_rep_05,15,0.8071234944106461,0.6214572713763485,0.640151515151515,0.6224489795918368,0.6255317146621494
2,2,xgboost,elastic_net_native,91,0.8404814097151558,0.7148506240438742,0.6295454545454545,0.6122448979591837,0.6120876708892512
2,2,xgboost,elastic_net_matched,20,0.8368457587304337,0.6889469225911931,0.6363636363636362,0.6122448979591837,0.6291738423268274
2,2,xgboost,stability_native,56,0.8268456775422719,0.6843432433093889,0.6295454545454545,0.6122448979591837,0.6135986733001658
2,2,xgboost,stability_matched,20,0.8437430087971884,0.7130612202019587,0.6409090909090909,0.6224489795918368,0.6301166233609281
2,2,xgboost,random_bank_rep_01,20,0.8387565672201895,0.6992193796626017,0.6386363636363637,0.6224489795918368,0.6162305356335207
2,2,xgboost,random_bank_rep_02,20,0.8237126263829049,0.6674984510807714,0.609090909090909,0.5816326530612245,0.6042536350844279
2,2,xgboost,random_bank_rep_03,20,0.8155731974423925,0.6654107373386634,0.634090909090909,0.6122448979591837,0.6200980392156862
2,2,xgboost,random_bank_rep_04,20,0.8334340517583552,0.6873505284277712,0.6174242424242423,0.5918367346938775,0.6074989425342922
2,2,xgboost,random_bank_rep_05,20,0.8343208520066105,0.7015728435998692,0.6409090909090909,0.6122448979591837,0.6358830845771144
2,2,boruta_rf,elastic_net_native,55,0.8310424289332958,0.6924630999787106,0.6136363636363635,0.5918367346938775,0.6010089274795158
2,2,boruta_rf,elastic_net_matched,17,0.8319955779514603,0.6908440835673729,0.6409090909090909,0.6224489795918368,0.6272281639928698
2,2,boruta_rf,stability_native,26,0.8233516547951533,0.6790974865209971,0.656060606060606,0.6326530612244898,0.6509615384615385
2,2,boruta_rf,stability_matched,17,0.8278100575894694,0.690667382438083,0.6325757575757575,0.6122448979591837,0.6196524064171123
2,2,boruta_rf,random_bank_rep_01,17,0.8185996214827485,0.6658196313312132,0.6136363636363635,0.5918367346938775,0.6005231826127349
2,2,boruta_rf,random_bank_rep_02,17,0.8088393159987588,0.6602583684222403,0.5818181818181818,0.5510204081632653,0.5682647792022792
2,2,boruta_rf,random_bank_rep_03,17,0.8157430160139139,0.6601469555935147,0.6,0.5714285714285714,0.5940624259654109
2,2,boruta_rf,random_bank_rep_04,17,0.8511622536390338,0.7038663639943925,0.6249999999999999,0.6020408163265306,0.6165501165501165
2,2,boruta_rf,random_bank_rep_05,17,0.814597541261628,0.6441380688833392,0.6257575757575757,0.6020408163265306,0.6154208713517433
2,3,svm_l1,elastic_net_native,78,0.8387514253032828,0.6895875213730732,0.693939393939394,0.673469387755102,0.6902108888754607
2,3,svm_l1,elastic_net_matched,16,0.8064499032958785,0.6423550935670789,0.6530303030303031,0.6326530612244898,0.6402088107970461
2,3,svm_l1,stability_native,61,0.8265325618653792,0.6788465066772397,0.6712121212121211,0.6530612244897959,0.6636779248719546
2,3,svm_l1,stability_matched,16,0.7897889198005297,0.6374221277726846,0.6196969696969696,0.5816326530612245,0.6181318681318682
2,3,svm_l1,random_bank_rep_01,16,0.8162456609438034,0.6806900929247197,0.668939393939394,0.6428571428571429,0.6664242620124973
2,3,svm_l1,random_bank_rep_02,16,0.8075785540568823,0.6517643042698303,0.6431818181818181,0.6122448979591837,0.6270353302611367
2,3,svm_l1,random_bank_rep_03,16,0.8346173692148924,0.6729104790017654,0.678030303030303,0.6530612244897959,0.675334636342099
2,3,svm_l1,random_bank_rep_04,16,0.798529096032966,0.6261453226191293,0.6151515151515151,0.5816326530612245,0.6107378089310532
2,3,svm_l1,random_bank_rep_05,16,0.8004507296109462,0.6434617609001476,0.6318181818181817,0.6020408163265306,0.6295181782986661
2,3,xgboost,elastic_net_native,88,0.8274843126429814,0.6763627764144233,0.6992424242424242,0.6836734693877551,0.6913990969522138
2,3,xgboost,elastic_net_matched,20,0.8276188594687047,0.6630027603538771,0.678030303030303,0.6530612244897959,0.6772299218194741
2,3,xgboost,stability_native,50,0.829859359551697,0.6658068397059168,0.6568181818181819,0.6428571428571429,0.6413549168313045
2,3,xgboost,stability_matched,20,0.8190236492094077,0.6574686898910225,0.6871212121212122,0.6632653061224489,0.6847485768500948
2,3,xgboost,random_bank_rep_01,20,0.807918867767939,0.6483202221234712,0.5865384615384615,0.5714285714285714,0.5643456799474826
2,3,xgboost,random_bank_rep_02,20,0.8194274250001805,0.6578604067684309,0.6666666666666665,0.6428571428571429,0.6640151515151514
2,3,xgboost,random_bank_rep_03,20,0.8307654870928866,0.6858384175421339,0.7250000000000001,0.7040816326530612,0.7249078494168832
2,3,xgboost,random_bank_rep_04,20,0.8407218168828076,0.688022462789725,0.6757575757575758,0.6530612244897959,0.669819928696598
2,3,xgboost,random_bank_rep_05,20,0.8226984058253408,0.6783040220144005,0.6840909090909091,0.6632653061224489,0.6771302020266395
2,3,boruta_rf,elastic_net_native,65,0.8435410306927336,0.7026402535041808,0.7166666666666667,0.6938775510204082,0.7157338308457711
2,3,boruta_rf,elastic_net_matched,12,0.833015256157671,0.6903510794809665,0.6954545454545455,0.673469387755102,0.690478809881795
2,3,boruta_rf,stability_native,43,0.8394024641509161,0.6937907170800585,0.6992424242424242,0.6836734693877551,0.6913990969522138
2,3,boruta_rf,stability_matched,12,0.8147789968029905,0.670176056052165,0.671969696969697,0.6530612244897959,0.6620049105123732
2,3,boruta_rf,random_bank_rep_01,12,0.7976733277042873,0.6422943445816788,0.6151515151515151,0.5918367346938775,0.6048742845337773
2,3,boruta_rf,random_bank_rep_02,12,0.8290347810084653,0.6780287545167836,0.6386363636363636,0.6122448979591837,0.633430295195001
2,3,boruta_rf,random_bank_rep_03,12,0.8356370925256373,0.6964818072976082,0.7446969696969697,0.7244897959183674,0.7445221445221446
2,3,boruta_rf,random_bank_rep_04,12,0.7756122940526965,0.6166273989516654,0.6446969696969698,0.6122448979591837,0.6429839828774373
2,3,boruta_rf,random_bank_rep_05,12,0.8158080567523291,0.6581634081894637,0.6674242424242425,0.6428571428571429,0.6648956356736242
2,4,svm_l1,elastic_net_native,65,0.862370528022702,0.7299202016896524,0.716005633546863,0.6938775510204082,0.7133776091081593
2,4,svm_l1,elastic_net_matched,15,0.8504408634843418,0.7049204394149982,0.6499591113534142,0.6224489795918368,0.6412414140324378
2,4,svm_l1,stability_native,54,0.8513710277728268,0.7132917702318838,0.6801599200399799,0.6530612244897959,0.6734125089520171
2,4,svm_l1,stability_matched,15,0.8045094935049958,0.6542806916969313,0.5905569942301576,0.5408163265306123,0.5940434419381788
2,4,svm_l1,random_bank_rep_01,15,0.8198572741601227,0.6668196095130297,0.6910294852573713,0.6632653061224489,0.6840370018975332
2,4,svm_l1,random_bank_rep_02,15,0.8398271493623819,0.6832612383571942,0.6649516151015401,0.6428571428571429,0.654250728233898
2,4,svm_l1,random_bank_rep_03,15,0.8143767626676173,0.648590451870479,0.6682454227431739,0.6428571428571429,0.6562553503729974
2,4,svm_l1,random_bank_rep_04,15,0.8625525349213505,0.7214175282776681,0.684816682567807,0.6530612244897959,0.6846153846153846
2,4,svm_l1,random_bank_rep_05,15,0.8560875156827181,0.7276944951370643,0.7234223797192313,0.7040816326530612,0.7132540148844497
2,4,xgboost,elastic_net_native,70,0.8699980429365737,0.7597487076997551,0.7441165780745991,0.7244897959183674,0.7414628914628915
2,4,xgboost,elastic_net_matched,21,0.8485615933292094,0.7016830258247656,0.7094748080505202,0.6836734693877551,0.705203212832514
2,4,xgboost,stability_native,17,0.8364615943776363,0.679556779602744,0.6703352869020035,0.6428571428571429,0.6566066066066065
2,4,xgboost,stability_matched,21,0.8328210719814918,0.6813328210868524,0.6682454227431739,0.6428571428571429,0.6592436413129337
2,4,xgboost,random_bank_rep_01,21,0.8517121509175483,0.7133342822674977,0.6857026032438327,0.6530612244897959,0.6815514373960561
2,4,xgboost,random_bank_rep_02,21,0.8520756754489889,0.7141996093072159,0.6866907455363227,0.6632653061224489,0.6798917538749236
2,4,xgboost,random_bank_rep_03,21,0.8331593643737571,0.6837119713146956,0.6996501749125437,0.673469387755102,0.6919336527185168
2,4,xgboost,random_bank_rep_04,21,0.8552585944789843,0.7234189301011554,0.6596247330880014,0.6326530612244898,0.6494289806110458
2,4,xgboost,random_bank_rep_05,21,0.828457868967614,0.6844929422016754,0.6662123483712689,0.6326530612244898,0.6646037446393083
2,4,boruta_rf,elastic_net_native,21,0.8693932054951545,0.7181944386803739,0.7125528145018399,0.6938775510204082,0.7006858062060244
2,4,boruta_rf,elastic_net_matched,19,0.8570583239848608,0.7003947307975879,0.6941074917086911,0.673469387755102,0.6792019113207076
2,4,boruta_rf,stability_native,6,0.8387568104059859,0.684538749701059,0.5991208940984053,0.5612244897959183,0.5915181753385603
2,4,boruta_rf,stability_matched,19,0.8694719074029419,0.7216713473213607,0.7016832492844487,0.6836734693877551,0.6866039426523297
2,4,boruta_rf,random_bank_rep_01,19,0.869743624691151,0.7412406152294178,0.6488119576575349,0.6122448979591837,0.6450980392156862
2,4,boruta_rf,random_bank_rep_02,19,0.8740310963399418,0.7325917562046796,0.6932783608195903,0.6632653061224489,0.6904677289923192
2,4,boruta_rf,random_bank_rep_03,19,0.8503525859447898,0.6902506892739407,0.66396347280905,0.6326530612244898,0.6581932773109243
2,4,boruta_rf,random_bank_rep_04,19,0.889619910324558,0.7603530310288225,0.7441165780745991,0.7244897959183674,0.7399869777918558
2,4,boruta_rf,random_bank_rep_05,19,0.8361645750551298,0.6796985050705567,0.6467220934987051,0.6122448979591837,0.6429684344162964
2,5,svm_l1,elastic_net_native,77,0.8539976864714496,0.7199124578629194,0.6346485847985098,0.6020408163265306,0.6277678592130584
2,5,svm_l1,elastic_net_matched,13,0.82541012710428,0.6746290117889626,0.6490277588478488,0.6020408163265306,0.6461415062478892
2,5,svm_l1,stability_native,63,0.8578684434006774,0.7269392047996417,0.6748330380264413,0.6428571428571429,0.6720085470085471
2,5,svm_l1,stability_matched,13,0.802158151693384,0.651239815149619,0.6533097087819726,0.6122448979591837,0.6530054644808744
2,5,svm_l1,random_bank_rep_01,13,0.8280678541847958,0.6653233890460198,0.6403502794057516,0.6020408163265306,0.6390692640692641
2,5,svm_l1,random_bank_rep_02,13,0.8352739364583442,0.6661725565094593,0.6620894098405342,0.6224489795918368,0.6639112903225806
2,5,svm_l1,random_bank_rep_03,13,0.8333535042433535,0.6792824590344599,0.6383608894853273,0.6122448979591837,0.6415151515151515
2,5,svm_l1,random_bank_rep_04,13,0.8252451396679282,0.6508389662521017,0.6586365907955113,0.6224489795918368,0.6569079887916738
2,5,svm_l1,random_bank_rep_05,13,0.8199868946645559,0.6490116761667758,0.6368974603607287,0.6020408163265306,0.629321800691488
2,5,xgboost,elastic_net_native,65,0.8439676315688309,0.6998916910530214,0.6692903548225887,0.6428571428571429,0.658089173522585
2,5,xgboost,elastic_net_matched,20,0.82628378118633,0.6766254118770053,0.5925900686020625,0.5510204081632653,0.5925659061016755
2,5,xgboost,stability_native,19,0.8152892085425819,0.6661061540872187,0.6326155104266048,0.5918367346938775,0.6289731682146542
2,5,xgboost,stability_matched,20,0.8171218586510941,0.6584399729192983,0.6596815228749262,0.6224489795918368,0.6541770038721046
2,5,xgboost,random_bank_rep_01,20,0.8191362011302041,0.6690284801641919,0.6270728272227523,0.5918367346938775,0.6157600862371765
2,5,xgboost,random_bank_rep_02,20,0.812969459326281,0.6311274002709925,0.616203262005361,0.5816326530612245,0.6013421005224283
2,5,xgboost,random_bank_rep_03,20,0.8267058778303156,0.6654778439672586,0.6782858570714643,0.6428571428571429,0.6786811887875717
2,5,xgboost,random_bank_rep_04,20,0.8151328531538427,0.6372863204527818,0.6501749125437282,0.6122448979591837,0.6448781334027236
2,5,xgboost,random_bank_rep_05,20,0.7987353176558574,0.631932186696432,0.6241538321748217,0.5816326530612245,0.6252136752136752
2,5,boruta_rf,elastic_net_native,54,0.8349141513159504,0.689312392574752,0.6522647767025578,0.6122448979591837,0.6543499849365662
2,5,boruta_rf,elastic_net_matched,20,0.8576695568299766,0.7166522620854594,0.6781268456680751,0.6428571428571429,0.6745797208104317
2,5,boruta_rf,stability_native,25,0.8499452371716238,0.6998711712990417,0.63157057834719,0.5918367346938775,0.6290337451595058
2,5,boruta_rf,stability_matched,20,0.8463757282198062,0.6966066188099165,0.6500159011403389,0.6122448979591837,0.648290711312467
2,5,boruta_rf,random_bank_rep_01,20,0.8246786047535672,0.6749215160842975,0.5970878197265004,0.5510204081632653,0.5998655913978495
2,5,boruta_rf,random_bank_rep_02,20,0.8575899812331597,0.730737437875919,0.6889964108854664,0.6530612244897959,0.6865483816110198
2,5,boruta_rf,random_bank_rep_03,20,0.8762160178651932,0.7584434341367529,0.6770819135886601,0.6428571428571429,0.6766397895579573
2,5,boruta_rf,random_bank_rep_04,20,0.8674549089091818,0.7312777433603721,0.6846576711644177,0.6530612244897959,0.6837606837606838
2,5,boruta_rf,random_bank_rep_05,20,0.8496411584417581,0.7081778075436183,0.651004043432829,0.6224489795918368,0.6450426944971537
