dataset,branch,center,cap,condition,selection_rule,selected_run,selected_feature_count,direct_feature_count,compression_ratio,development_locking_metric,best_saved_run_score,selected_development_score,development_cv_regret,mean_pairwise_jaccard,selected_medoid_mean_jaccard,nogueira_seed_agreement,heldout_metric,heldout_estimate,heldout_direct_estimate,heldout_delta,heldout_source,selection_used_heldout,status,note
CGGA,boruta_rf,CGGA fixed development/held-out split,not_applicable,no_penalty,highest_development_cv_run,4.0,10.0,26,0.6153846153846154,ROC AUROC,0.8171645021645022,0.8171645021645022,0.0,0.473482905982906,0.5205128205128206,0.0703634669151908,,,,,,False,complete,
CGGA,boruta_rf,CGGA fixed development/held-out split,not_applicable,no_penalty,legacy_top_three_medoid,2.0,14.0,26,0.4615384615384615,ROC AUROC,0.8171645021645022,0.8025757575757575,0.0145887445887447,0.473482905982906,0.540625,0.0703634669151908,ROC AUROC,0.6657210401891254,0.6576832151300236,0.0080378250591017,archived Table_S19 variant=no_penalty_medoid; joined after locking,False,complete,
CGGA,boruta_rf,CGGA fixed development/held-out split,not_applicable,no_penalty,all_run_medoid,2.0,14.0,26,0.4615384615384615,ROC AUROC,0.8171645021645022,0.8025757575757575,0.0145887445887447,0.473482905982906,0.540625,0.0703634669151908,,,,,,False,complete,
CGGA,boruta_rf,CGGA fixed development/held-out split,not_applicable,no_penalty,regret_constrained_medoid_abs_0.01,4.0,10.0,26,0.6153846153846154,ROC AUROC,0.8171645021645022,0.8171645021645022,0.0,0.473482905982906,0.5205128205128206,0.0703634669151908,,,,,,False,complete,
CGGA,boruta_rf,CGGA fixed development/held-out split,not_applicable,penalty,highest_development_cv_run,5.0,9.0,26,0.6538461538461539,ROC AUROC,0.8146753246753248,0.8146753246753248,0.0,0.3946253746253746,0.3887362637362637,0.1919191919191918,ROC AUROC,0.6950354609929078,0.6576832151300236,0.0373522458628842,archived Table_S19 variant=best_cv; joined after locking,False,complete,
CGGA,boruta_rf,CGGA fixed development/held-out split,not_applicable,penalty,legacy_top_three_medoid,5.0,9.0,26,0.6538461538461539,ROC AUROC,0.8146753246753248,0.8146753246753248,0.0,0.3946253746253746,0.3887362637362637,0.1919191919191918,ROC AUROC,0.6950354609929078,0.6576832151300236,0.0373522458628842,archived Table_S19 variant=best_cv; joined after locking,False,complete,
CGGA,boruta_rf,CGGA fixed development/held-out split,not_applicable,penalty,all_run_medoid,2.0,9.0,26,0.6538461538461539,ROC AUROC,0.8146753246753248,0.7985064935064935,0.0161688311688312,0.3946253746253746,0.4516733266733266,0.1919191919191918,,,,,,False,complete,
CGGA,boruta_rf,CGGA fixed development/held-out split,not_applicable,penalty,regret_constrained_medoid_abs_0.01,5.0,9.0,26,0.6538461538461539,ROC AUROC,0.8146753246753248,0.8146753246753248,0.0,0.3946253746253746,0.3887362637362637,0.1919191919191918,ROC AUROC,0.6950354609929078,0.6576832151300236,0.0373522458628842,archived Table_S19 variant=best_cv; joined after locking,False,complete,
CGGA,svm_l1,CGGA fixed development/held-out split,not_applicable,no_penalty,highest_development_cv_run,1.0,16.0,35,0.5428571428571429,ROC AUROC,0.8800432900432901,0.8800432900432901,0.0,0.4666159109090143,0.44375,0.1439849624060147,,,,,,False,complete,
CGGA,svm_l1,CGGA fixed development/held-out split,not_applicable,no_penalty,legacy_top_three_medoid,4.0,23.0,35,0.3428571428571428,ROC AUROC,0.8800432900432901,0.8764935064935067,0.0035497835497834,0.4666159109090143,0.5216786661614248,0.1439849624060147,ROC AUROC,0.6226950354609929,0.6345153664302601,-0.0118203309692671,archived Table_S19 variant=no_penalty_medoid; joined after locking,False,complete,
CGGA,svm_l1,CGGA fixed development/held-out split,not_applicable,no_penalty,all_run_medoid,4.0,23.0,35,0.3428571428571428,ROC AUROC,0.8800432900432901,0.8764935064935067,0.0035497835497834,0.4666159109090143,0.5216786661614248,0.1439849624060147,,,,,,False,complete,
CGGA,svm_l1,CGGA fixed development/held-out split,not_applicable,no_penalty,regret_constrained_medoid_abs_0.01,4.0,23.0,35,0.3428571428571428,ROC AUROC,0.8800432900432901,0.8764935064935067,0.0035497835497834,0.4666159109090143,0.5216786661614248,0.1439849624060147,,,,,,False,complete,
CGGA,svm_l1,CGGA fixed development/held-out split,not_applicable,penalty,highest_development_cv_run,1.0,15.0,35,0.5714285714285714,ROC AUROC,0.8733549783549783,0.8733549783549783,0.0,0.4317513150465095,0.3931865236213062,0.0817350579839428,ROC AUROC,0.6643026004728132,0.6345153664302601,0.0297872340425531,archived Table_S19 variant=single_run; joined after locking,False,complete,
CGGA,svm_l1,CGGA fixed development/held-out split,not_applicable,penalty,legacy_top_three_medoid,4.0,16.0,35,0.5428571428571429,ROC AUROC,0.8733549783549783,0.8702380952380953,0.003116883116883,0.4317513150465095,0.4594155844155844,0.0817350579839428,ROC AUROC,0.6515366430260048,0.6345153664302601,0.0170212765957447,archived Table_S19 variant=full_medoid; joined after locking,False,complete,
CGGA,svm_l1,CGGA fixed development/held-out split,not_applicable,penalty,all_run_medoid,3.0,15.0,35,0.5714285714285714,ROC AUROC,0.8733549783549783,0.8585497835497836,0.0148051948051947,0.4317513150465095,0.4648714176746213,0.0817350579839428,,,,,,False,complete,
CGGA,svm_l1,CGGA fixed development/held-out split,not_applicable,penalty,regret_constrained_medoid_abs_0.01,4.0,16.0,35,0.5428571428571429,ROC AUROC,0.8733549783549783,0.8702380952380953,0.003116883116883,0.4317513150465095,0.4594155844155844,0.0817350579839428,ROC AUROC,0.6515366430260048,0.6345153664302601,0.0170212765957447,archived Table_S19 variant=full_medoid; joined after locking,False,complete,
CGGA,xgboost,CGGA fixed development/held-out split,not_applicable,no_penalty,highest_development_cv_run,3.0,35.0,70,0.5,ROC AUROC,0.8678571428571429,0.8678571428571429,0.0,0.369310595065312,0.3606821480406386,-0.0184972865550716,,,,,,False,complete,
CGGA,xgboost,CGGA fixed development/held-out split,not_applicable,no_penalty,legacy_top_three_medoid,3.0,35.0,70,0.5,ROC AUROC,0.8678571428571429,0.8678571428571429,0.0,0.369310595065312,0.3606821480406386,-0.0184972865550716,ROC AUROC,0.6453900709219857,0.6836879432624113,-0.0382978723404255,archived Table_S19 variant=no_penalty_medoid; joined after locking,False,complete,
CGGA,xgboost,CGGA fixed development/held-out split,not_applicable,no_penalty,all_run_medoid,5.0,39.0,70,0.4428571428571428,ROC AUROC,0.8678571428571429,0.8431385281385282,0.0247186147186146,0.369310595065312,0.4115566037735849,-0.0184972865550716,,,,,,False,complete,
CGGA,xgboost,CGGA fixed development/held-out split,not_applicable,no_penalty,regret_constrained_medoid_abs_0.01,3.0,35.0,70,0.5,ROC AUROC,0.8678571428571429,0.8678571428571429,0.0,0.369310595065312,0.3606821480406386,-0.0184972865550716,,,,,,False,complete,
CGGA,xgboost,CGGA fixed development/held-out split,not_applicable,penalty,highest_development_cv_run,2.0,20.0,70,0.7142857142857143,ROC AUROC,0.8487445887445887,0.8487445887445887,0.0,0.2175382741072968,0.2238413547237076,-0.0359090909090908,ROC AUROC,0.7163120567375886,0.6836879432624113,0.0326241134751772,archived Table_S19 variant=best_cv; joined after locking,False,complete,
CGGA,xgboost,CGGA fixed development/held-out split,not_applicable,penalty,legacy_top_three_medoid,1.0,19.0,70,0.7285714285714286,ROC AUROC,0.8487445887445887,0.8455627705627705,0.0031818181818181,0.2175382741072968,0.2390328510436432,-0.0359090909090908,ROC AUROC,0.7021276595744681,0.6836879432624113,0.0184397163120567,archived Table_S19 variant=single_run; joined after locking,False,complete,
CGGA,xgboost,CGGA fixed development/held-out split,not_applicable,penalty,all_run_medoid,1.0,19.0,70,0.7285714285714286,ROC AUROC,0.8487445887445887,0.8455627705627705,0.0031818181818181,0.2175382741072968,0.2390328510436432,-0.0359090909090908,ROC AUROC,0.7021276595744681,0.6836879432624113,0.0184397163120567,archived Table_S19 variant=single_run; joined after locking,False,complete,
CGGA,xgboost,CGGA fixed development/held-out split,not_applicable,penalty,regret_constrained_medoid_abs_0.01,5.0,21.0,70,0.7,ROC AUROC,0.8487445887445887,0.8474458874458876,0.0012987012987011,0.2175382741072968,0.2361278822379391,-0.0359090909090908,,,,,,False,complete,
AMP-AD,boruta_rf,emory,high,legacy_zero_truncated,highest_development_cv_run,4.0,49.0,68,0.2794117647058823,macro OvR AUROC,0.8675020172112156,0.8675020172112156,0.0,0.587718335862909,0.5708817167577414,0.0013820053373999,,,,,,False,complete,
AMP-AD,boruta_rf,emory,high,legacy_zero_truncated,legacy_top_three_medoid,5.0,48.0,68,0.2941176470588235,macro OvR AUROC,0.8675020172112156,0.8584349758935712,0.0090670413176443,0.587718335862909,0.6102655830323238,0.0013820053373999,macro OvR AUROC,0.8373990782968349,0.795372060616021,0.0420270176808139,archived budget_summary.json variant=locked_medoid; joined after locking,False,complete,
AMP-AD,boruta_rf,emory,high,legacy_zero_truncated,all_run_medoid,5.0,48.0,68,0.2941176470588235,macro OvR AUROC,0.8675020172112156,0.8584349758935712,0.0090670413176443,0.587718335862909,0.6102655830323238,0.0013820053373999,macro OvR AUROC,0.8373990782968349,0.795372060616021,0.0420270176808139,archived budget_summary.json variant=locked_medoid; joined after locking,False,complete,
AMP-AD,boruta_rf,emory,high,legacy_zero_truncated,regret_constrained_medoid_abs_0.01,5.0,48.0,68,0.2941176470588235,macro OvR AUROC,0.8675020172112156,0.8584349758935712,0.0090670413176443,0.587718335862909,0.6102655830323238,0.0013820053373999,macro OvR AUROC,0.8373990782968349,0.795372060616021,0.0420270176808139,archived budget_summary.json variant=locked_medoid; joined after locking,False,complete,
AMP-AD,boruta_rf,emory,low,legacy_zero_truncated,highest_development_cv_run,1.0,14.0,68,0.7941176470588236,macro OvR AUROC,0.8475955399378805,0.8475955399378805,0.0,0.1551455026455026,0.175,-0.0825163398692812,,,,,,False,complete,
AMP-AD,boruta_rf,emory,low,legacy_zero_truncated,legacy_top_three_medoid,3.0,16.0,68,0.7647058823529411,macro OvR AUROC,0.8475955399378805,0.8447479419565547,0.0028475979813258,0.1551455026455026,0.206845238095238,-0.0825163398692812,macro OvR AUROC,0.8949009614199431,0.795372060616021,0.0995289008039221,archived budget_summary.json variant=locked_medoid; joined after locking,False,complete,
AMP-AD,boruta_rf,emory,low,legacy_zero_truncated,all_run_medoid,3.0,16.0,68,0.7647058823529411,macro OvR AUROC,0.8475955399378805,0.8447479419565547,0.0028475979813258,0.1551455026455026,0.206845238095238,-0.0825163398692812,macro OvR AUROC,0.8949009614199431,0.795372060616021,0.0995289008039221,archived budget_summary.json variant=locked_medoid; joined after locking,False,complete,
AMP-AD,boruta_rf,emory,low,legacy_zero_truncated,regret_constrained_medoid_abs_0.01,1.0,14.0,68,0.7941176470588236,macro OvR AUROC,0.8475955399378805,0.8475955399378805,0.0,0.1551455026455026,0.175,-0.0825163398692812,,,,,,False,complete,
AMP-AD,boruta_rf,emory,reference,legacy_zero_truncated,highest_development_cv_run,1.0,25.0,68,0.6323529411764706,macro OvR AUROC,0.8584641872733197,0.8584641872733197,0.0,0.3328168393957867,0.3612296507033349,0.0615172413793101,macro OvR AUROC,0.7734532146623389,0.795372060616021,-0.021918845953682,archived budget_summary.json variant=locked_medoid; joined after locking,False,complete,
AMP-AD,boruta_rf,emory,reference,legacy_zero_truncated,legacy_top_three_medoid,1.0,25.0,68,0.6323529411764706,macro OvR AUROC,0.8584641872733197,0.8584641872733197,0.0,0.3328168393957867,0.3612296507033349,0.0615172413793101,macro OvR AUROC,0.7734532146623389,0.795372060616021,-0.021918845953682,archived budget_summary.json variant=locked_medoid; joined after locking,False,complete,
AMP-AD,boruta_rf,emory,reference,legacy_zero_truncated,all_run_medoid,5.0,25.0,68,0.6323529411764706,macro OvR AUROC,0.8584641872733197,0.8516546614581927,0.006809525815127,0.3328168393957867,0.3640873015873015,0.0615172413793101,,,,,,False,complete,
AMP-AD,boruta_rf,emory,reference,legacy_zero_truncated,regret_constrained_medoid_abs_0.01,5.0,25.0,68,0.6323529411764706,macro OvR AUROC,0.8584641872733197,0.8516546614581927,0.006809525815127,0.3328168393957867,0.3640873015873015,0.0615172413793101,,,,,,False,complete,
AMP-AD,boruta_rf,mayo,high,legacy_zero_truncated,highest_development_cv_run,5.0,45.0,86,0.4767441860465116,macro OvR AUROC,0.8830517487138596,0.8830517487138596,0.0,0.392921603199259,0.4244505494505494,0.015,macro OvR AUROC,0.8486839517296811,0.85785344148254,-0.0091694897528588,archived budget_summary.json variant=locked_medoid; joined after locking,False,complete,
AMP-AD,boruta_rf,mayo,high,legacy_zero_truncated,legacy_top_three_medoid,5.0,45.0,86,0.4767441860465116,macro OvR AUROC,0.8830517487138596,0.8830517487138596,0.0,0.392921603199259,0.4244505494505494,0.015,macro OvR AUROC,0.8486839517296811,0.85785344148254,-0.0091694897528588,archived budget_summary.json variant=locked_medoid; joined after locking,False,complete,
AMP-AD,boruta_rf,mayo,high,legacy_zero_truncated,all_run_medoid,5.0,45.0,86,0.4767441860465116,macro OvR AUROC,0.8830517487138596,0.8830517487138596,0.0,0.392921603199259,0.4244505494505494,0.015,macro OvR AUROC,0.8486839517296811,0.85785344148254,-0.0091694897528588,archived budget_summary.json variant=locked_medoid; joined after locking,False,complete,
AMP-AD,boruta_rf,mayo,high,legacy_zero_truncated,regret_constrained_medoid_abs_0.01,5.0,45.0,86,0.4767441860465116,macro OvR AUROC,0.8830517487138596,0.8830517487138596,0.0,0.392921603199259,0.4244505494505494,0.015,macro OvR AUROC,0.8486839517296811,0.85785344148254,-0.0091694897528588,archived budget_summary.json variant=locked_medoid; joined after locking,False,complete,
AMP-AD,boruta_rf,mayo,low,legacy_zero_truncated,highest_development_cv_run,3.0,22.0,86,0.7441860465116279,macro OvR AUROC,0.8705392680863664,0.8705392680863664,0.0,0.1280939950608618,0.1512033045977011,-0.138127336580945,macro OvR AUROC,0.8096836365189609,0.85785344148254,-0.048169804963579,archived budget_summary.json variant=locked_medoid; joined after locking,False,complete,
AMP-AD,boruta_rf,mayo,low,legacy_zero_truncated,legacy_top_three_medoid,3.0,22.0,86,0.7441860465116279,macro OvR AUROC,0.8705392680863664,0.8705392680863664,0.0,0.1280939950608618,0.1512033045977011,-0.138127336580945,macro OvR AUROC,0.8096836365189609,0.85785344148254,-0.048169804963579,archived budget_summary.json variant=locked_medoid; joined after locking,False,complete,
AMP-AD,boruta_rf,mayo,low,legacy_zero_truncated,all_run_medoid,3.0,22.0,86,0.7441860465116279,macro OvR AUROC,0.8705392680863664,0.8705392680863664,0.0,0.1280939950608618,0.1512033045977011,-0.138127336580945,macro OvR AUROC,0.8096836365189609,0.85785344148254,-0.048169804963579,archived budget_summary.json variant=locked_medoid; joined after locking,False,complete,
AMP-AD,boruta_rf,mayo,low,legacy_zero_truncated,regret_constrained_medoid_abs_0.01,3.0,22.0,86,0.7441860465116279,macro OvR AUROC,0.8705392680863664,0.8705392680863664,0.0,0.1280939950608618,0.1512033045977011,-0.138127336580945,macro OvR AUROC,0.8096836365189609,0.85785344148254,-0.048169804963579,archived budget_summary.json variant=locked_medoid; joined after locking,False,complete,
AMP-AD,boruta_rf,mayo,reference,legacy_zero_truncated,highest_development_cv_run,2.0,24.0,86,0.7209302325581395,macro OvR AUROC,0.8824375665218811,0.8824375665218811,0.0,0.2119176802103631,0.2023731048121292,-0.0466666666666668,macro OvR AUROC,0.8140421568134086,0.85785344148254,-0.0438112846691313,archived budget_summary.json variant=locked_medoid; joined after locking,False,complete,
AMP-AD,boruta_rf,mayo,reference,legacy_zero_truncated,legacy_top_three_medoid,2.0,24.0,86,0.7209302325581395,macro OvR AUROC,0.8824375665218811,0.8824375665218811,0.0,0.2119176802103631,0.2023731048121292,-0.0466666666666668,macro OvR AUROC,0.8140421568134086,0.85785344148254,-0.0438112846691313,archived budget_summary.json variant=locked_medoid; joined after locking,False,complete,
AMP-AD,boruta_rf,mayo,reference,legacy_zero_truncated,all_run_medoid,5.0,24.0,86,0.7209302325581395,macro OvR AUROC,0.8824375665218811,0.8596915123237663,0.0227460541981148,0.2119176802103631,0.2490238831702246,-0.0466666666666668,,,,,,False,complete,
AMP-AD,boruta_rf,mayo,reference,legacy_zero_truncated,regret_constrained_medoid_abs_0.01,2.0,24.0,86,0.7209302325581395,macro OvR AUROC,0.8824375665218811,0.8824375665218811,0.0,0.2119176802103631,0.2023731048121292,-0.0466666666666668,macro OvR AUROC,0.8140421568134086,0.85785344148254,-0.0438112846691313,archived budget_summary.json variant=locked_medoid; joined after locking,False,complete,
AMP-AD,boruta_rf,mount_sinai,high,legacy_zero_truncated,highest_development_cv_run,2.0,47.0,119,0.6050420168067228,macro OvR AUROC,0.8931031610934811,0.8931031610934811,0.0,0.257250517522355,0.2460919928025191,-0.043617021276596,,,,,,False,complete,
AMP-AD,boruta_rf,mount_sinai,high,legacy_zero_truncated,legacy_top_three_medoid,3.0,47.0,119,0.6050420168067228,macro OvR AUROC,0.8931031610934811,0.8913131099016475,0.0017900511918336,0.257250517522355,0.2561252100942777,-0.043617021276596,macro OvR AUROC,0.6768342054679263,0.7295534321697112,-0.0527192267017849,archived budget_summary.json variant=locked_medoid; joined after locking,False,complete,
AMP-AD,boruta_rf,mount_sinai,high,legacy_zero_truncated,all_run_medoid,4.0,47.0,119,0.6050420168067228,macro OvR AUROC,0.8931031610934811,0.8866590745001999,0.0064440865932812,0.257250517522355,0.2943711413781836,-0.043617021276596,,,,,,False,complete,
AMP-AD,boruta_rf,mount_sinai,high,legacy_zero_truncated,regret_constrained_medoid_abs_0.01,3.0,47.0,119,0.6050420168067228,macro OvR AUROC,0.8931031610934811,0.8913131099016475,0.0017900511918336,0.257250517522355,0.2561252100942777,-0.043617021276596,macro OvR AUROC,0.6768342054679263,0.7295534321697112,-0.0527192267017849,archived budget_summary.json variant=locked_medoid; joined after locking,False,complete,
AMP-AD,boruta_rf,mount_sinai,low,legacy_zero_truncated,highest_development_cv_run,5.0,32.0,119,0.73109243697479,macro OvR AUROC,0.8855579077607757,0.8855579077607757,0.0,0.1324444471211004,0.1777108881456707,-0.1150449473731765,macro OvR AUROC,0.7235480704957449,0.7295534321697112,-0.0060053616739663,archived budget_summary.json variant=locked_medoid; joined after locking,False,complete,
AMP-AD,boruta_rf,mount_sinai,low,legacy_zero_truncated,legacy_top_three_medoid,5.0,32.0,119,0.73109243697479,macro OvR AUROC,0.8855579077607757,0.8855579077607757,0.0,0.1324444471211004,0.1777108881456707,-0.1150449473731765,macro OvR AUROC,0.7235480704957449,0.7295534321697112,-0.0060053616739663,archived budget_summary.json variant=locked_medoid; joined after locking,False,complete,
AMP-AD,boruta_rf,mount_sinai,low,legacy_zero_truncated,all_run_medoid,5.0,32.0,119,0.73109243697479,macro OvR AUROC,0.8855579077607757,0.8855579077607757,0.0,0.1324444471211004,0.1777108881456707,-0.1150449473731765,macro OvR AUROC,0.7235480704957449,0.7295534321697112,-0.0060053616739663,archived budget_summary.json variant=locked_medoid; joined after locking,False,complete,
AMP-AD,boruta_rf,mount_sinai,low,legacy_zero_truncated,regret_constrained_medoid_abs_0.01,5.0,32.0,119,0.73109243697479,macro OvR AUROC,0.8855579077607757,0.8855579077607757,0.0,0.1324444471211004,0.1777108881456707,-0.1150449473731765,macro OvR AUROC,0.7235480704957449,0.7295534321697112,-0.0060053616739663,archived budget_summary.json variant=locked_medoid; joined after locking,False,complete,
AMP-AD,boruta_rf,mount_sinai,reference,legacy_zero_truncated,highest_development_cv_run,3.0,29.0,119,0.7563025210084033,macro OvR AUROC,0.8821187782585487,0.8821187782585487,0.0,0.1786342109540644,0.1998300827423167,-0.0444444444444445,macro OvR AUROC,0.6636112025646909,0.7295534321697112,-0.0659422296050203,archived budget_summary.json variant=locked_medoid; joined after locking,False,complete,
AMP-AD,boruta_rf,mount_sinai,reference,legacy_zero_truncated,legacy_top_three_medoid,3.0,29.0,119,0.7563025210084033,macro OvR AUROC,0.8821187782585487,0.8821187782585487,0.0,0.1786342109540644,0.1998300827423167,-0.0444444444444445,macro OvR AUROC,0.6636112025646909,0.7295534321697112,-0.0659422296050203,archived budget_summary.json variant=locked_medoid; joined after locking,False,complete,
AMP-AD,boruta_rf,mount_sinai,reference,legacy_zero_truncated,all_run_medoid,3.0,29.0,119,0.7563025210084033,macro OvR AUROC,0.8821187782585487,0.8821187782585487,0.0,0.1786342109540644,0.1998300827423167,-0.0444444444444445,macro OvR AUROC,0.6636112025646909,0.7295534321697112,-0.0659422296050203,archived budget_summary.json variant=locked_medoid; joined after locking,False,complete,
AMP-AD,boruta_rf,mount_sinai,reference,legacy_zero_truncated,regret_constrained_medoid_abs_0.01,3.0,29.0,119,0.7563025210084033,macro OvR AUROC,0.8821187782585487,0.8821187782585487,0.0,0.1786342109540644,0.1998300827423167,-0.0444444444444445,macro OvR AUROC,0.6636112025646909,0.7295534321697112,-0.0659422296050203,archived budget_summary.json variant=locked_medoid; joined after locking,False,complete,
AMP-AD,boruta_rf,rush,high,legacy_zero_truncated,highest_development_cv_run,2.0,48.0,57,0.1578947368421053,macro OvR AUROC,0.8846499736443413,0.8846499736443413,0.0,0.7302919546340598,0.7617845117845118,0.0104166666666667,macro OvR AUROC,0.7874558591232881,0.7999922011224297,-0.0125363419991416,archived budget_summary.json variant=locked_medoid; joined after locking,False,complete,
AMP-AD,boruta_rf,rush,high,legacy_zero_truncated,legacy_top_three_medoid,2.0,48.0,57,0.1578947368421053,macro OvR AUROC,0.8846499736443413,0.8846499736443413,0.0,0.7302919546340598,0.7617845117845118,0.0104166666666667,macro OvR AUROC,0.7874558591232881,0.7999922011224297,-0.0125363419991416,archived budget_summary.json variant=locked_medoid; joined after locking,False,complete,
AMP-AD,boruta_rf,rush,high,legacy_zero_truncated,all_run_medoid,2.0,48.0,57,0.1578947368421053,macro OvR AUROC,0.8846499736443413,0.8846499736443413,0.0,0.7302919546340598,0.7617845117845118,0.0104166666666667,macro OvR AUROC,0.7874558591232881,0.7999922011224297,-0.0125363419991416,archived budget_summary.json variant=locked_medoid; joined after locking,False,complete,
AMP-AD,boruta_rf,rush,high,legacy_zero_truncated,regret_constrained_medoid_abs_0.01,2.0,48.0,57,0.1578947368421053,macro OvR AUROC,0.8846499736443413,0.8846499736443413,0.0,0.7302919546340598,0.7617845117845118,0.0104166666666667,macro OvR AUROC,0.7874558591232881,0.7999922011224297,-0.0125363419991416,archived budget_summary.json variant=locked_medoid; joined after locking,False,complete,
AMP-AD,boruta_rf,rush,low,legacy_zero_truncated,highest_development_cv_run,1.0,13.0,57,0.7719298245614035,macro OvR AUROC,0.8765536218536731,0.8765536218536731,0.0,0.1958754632095593,0.2378033151059466,-0.021209740769835,macro OvR AUROC,0.7714802569832172,0.7999922011224297,-0.0285119441392125,archived budget_summary.json variant=locked_medoid; joined after locking,False,complete,
AMP-AD,boruta_rf,rush,low,legacy_zero_truncated,legacy_top_three_medoid,1.0,13.0,57,0.7719298245614035,macro OvR AUROC,0.8765536218536731,0.8765536218536731,0.0,0.1958754632095593,0.2378033151059466,-0.021209740769835,macro OvR AUROC,0.7714802569832172,0.7999922011224297,-0.0285119441392125,archived budget_summary.json variant=locked_medoid; joined after locking,False,complete,
AMP-AD,boruta_rf,rush,low,legacy_zero_truncated,all_run_medoid,5.0,13.0,57,0.7719298245614035,macro OvR AUROC,0.8765536218536731,0.8591275753152994,0.0174260465383737,0.1958754632095593,0.2509373730769612,-0.021209740769835,,,,,,False,complete,
AMP-AD,boruta_rf,rush,low,legacy_zero_truncated,regret_constrained_medoid_abs_0.01,1.0,13.0,57,0.7719298245614035,macro OvR AUROC,0.8765536218536731,0.8765536218536731,0.0,0.1958754632095593,0.2378033151059466,-0.021209740769835,macro OvR AUROC,0.7714802569832172,0.7999922011224297,-0.0285119441392125,archived budget_summary.json variant=locked_medoid; joined after locking,False,complete,
AMP-AD,boruta_rf,rush,reference,legacy_zero_truncated,highest_development_cv_run,3.0,23.0,57,0.5964912280701755,macro OvR AUROC,0.8852293831076473,0.8852293831076473,0.0,0.3172985820044643,0.2809172809172809,0.0496894409937889,,,,,,False,complete,
AMP-AD,boruta_rf,rush,reference,legacy_zero_truncated,legacy_top_three_medoid,4.0,23.0,57,0.5964912280701755,macro OvR AUROC,0.8852293831076473,0.875551556004065,0.0096778271035823,0.3172985820044643,0.373440285204991,0.0496894409937889,macro OvR AUROC,0.7913244237336766,0.7999922011224297,-0.0086677773887531,archived budget_summary.json variant=locked_medoid; joined after locking,False,complete,
AMP-AD,boruta_rf,rush,reference,legacy_zero_truncated,all_run_medoid,4.0,23.0,57,0.5964912280701755,macro OvR AUROC,0.8852293831076473,0.875551556004065,0.0096778271035823,0.3172985820044643,0.373440285204991,0.0496894409937889,macro OvR AUROC,0.7913244237336766,0.7999922011224297,-0.0086677773887531,archived budget_summary.json variant=locked_medoid; joined after locking,False,complete,
AMP-AD,boruta_rf,rush,reference,legacy_zero_truncated,regret_constrained_medoid_abs_0.01,3.0,23.0,57,0.5964912280701755,macro OvR AUROC,0.8852293831076473,0.8852293831076473,0.0,0.3172985820044643,0.2809172809172809,0.0496894409937889,,,,,,False,complete,
AMP-AD,svm_l1,emory,high,legacy_zero_truncated,highest_development_cv_run,1.0,32.0,52,0.3846153846153846,macro OvR AUROC,0.8757680306670835,0.8757680306670835,0.0,0.5011047030302745,0.5344299489506523,0.0711805555555553,macro OvR AUROC,0.7756249794568388,0.7915665923689003,-0.0159416129120614,archived budget_summary.json variant=locked_medoid; joined after locking,False,complete,
AMP-AD,svm_l1,emory,high,legacy_zero_truncated,legacy_top_three_medoid,1.0,32.0,52,0.3846153846153846,macro OvR AUROC,0.8757680306670835,0.8757680306670835,0.0,0.5011047030302745,0.5344299489506523,0.0711805555555553,macro OvR AUROC,0.7756249794568388,0.7915665923689003,-0.0159416129120614,archived budget_summary.json variant=locked_medoid; joined after locking,False,complete,
AMP-AD,svm_l1,emory,high,legacy_zero_truncated,all_run_medoid,1.0,32.0,52,0.3846153846153846,macro OvR AUROC,0.8757680306670835,0.8757680306670835,0.0,0.5011047030302745,0.5344299489506523,0.0711805555555553,macro OvR AUROC,0.7756249794568388,0.7915665923689003,-0.0159416129120614,archived budget_summary.json variant=locked_medoid; joined after locking,False,complete,
AMP-AD,svm_l1,emory,high,legacy_zero_truncated,regret_constrained_medoid_abs_0.01,1.0,32.0,52,0.3846153846153846,macro OvR AUROC,0.8757680306670835,0.8757680306670835,0.0,0.5011047030302745,0.5344299489506523,0.0711805555555553,macro OvR AUROC,0.7756249794568388,0.7915665923689003,-0.0159416129120614,archived budget_summary.json variant=locked_medoid; joined after locking,False,complete,
AMP-AD,svm_l1,emory,low,legacy_zero_truncated,highest_development_cv_run,2.0,12.0,52,0.7692307692307692,macro OvR AUROC,0.8632976375438399,0.8632976375438399,0.0,0.1454123946229209,0.2047305764411027,-0.1220058831769155,macro OvR AUROC,0.7836571089609269,0.7915665923689003,-0.0079094834079733,archived budget_summary.json variant=locked_medoid; joined after locking,False,complete,
AMP-AD,svm_l1,emory,low,legacy_zero_truncated,legacy_top_three_medoid,2.0,12.0,52,0.7692307692307692,macro OvR AUROC,0.8632976375438399,0.8632976375438399,0.0,0.1454123946229209,0.2047305764411027,-0.1220058831769155,macro OvR AUROC,0.7836571089609269,0.7915665923689003,-0.0079094834079733,archived budget_summary.json variant=locked_medoid; joined after locking,False,complete,
AMP-AD,svm_l1,emory,low,legacy_zero_truncated,all_run_medoid,2.0,12.0,52,0.7692307692307692,macro OvR AUROC,0.8632976375438399,0.8632976375438399,0.0,0.1454123946229209,0.2047305764411027,-0.1220058831769155,macro OvR AUROC,0.7836571089609269,0.7915665923689003,-0.0079094834079733,archived budget_summary.json variant=locked_medoid; joined after locking,False,complete,
AMP-AD,svm_l1,emory,low,legacy_zero_truncated,regret_constrained_medoid_abs_0.01,2.0,12.0,52,0.7692307692307692,macro OvR AUROC,0.8632976375438399,0.8632976375438399,0.0,0.1454123946229209,0.2047305764411027,-0.1220058831769155,macro OvR AUROC,0.7836571089609269,0.7915665923689003,-0.0079094834079733,archived budget_summary.json variant=locked_medoid; joined after locking,False,complete,
AMP-AD,svm_l1,emory,reference,legacy_zero_truncated,highest_development_cv_run,2.0,19.0,52,0.6346153846153846,macro OvR AUROC,0.8662959276171168,0.8662959276171168,0.0,0.3194599472130062,0.3134758785481811,0.0289473684210526,,,,,,False,complete,
AMP-AD,svm_l1,emory,reference,legacy_zero_truncated,legacy_top_three_medoid,5.0,19.0,52,0.6346153846153846,macro OvR AUROC,0.8662959276171168,0.8629304181159428,0.0033655095011739,0.3194599472130062,0.3308682058682058,0.0289473684210526,macro OvR AUROC,0.8433420093950724,0.7915665923689003,0.0517754170261721,archived budget_summary.json variant=locked_medoid; joined after locking,False,complete,
AMP-AD,svm_l1,emory,reference,legacy_zero_truncated,all_run_medoid,3.0,19.0,52,0.6346153846153846,macro OvR AUROC,0.8662959276171168,0.8499106996255754,0.0163852279915414,0.3194599472130062,0.3463099799306696,0.0289473684210526,,,,,,False,complete,
AMP-AD,svm_l1,emory,reference,legacy_zero_truncated,regret_constrained_medoid_abs_0.01,2.0,19.0,52,0.6346153846153846,macro OvR AUROC,0.8662959276171168,0.8662959276171168,0.0,0.3194599472130062,0.3134758785481811,0.0289473684210526,,,,,,False,complete,
AMP-AD,svm_l1,mayo,high,legacy_zero_truncated,highest_development_cv_run,2.0,37.0,120,0.6916666666666667,macro OvR AUROC,0.8890474423133169,0.8890474423133169,0.0,0.2094289461593591,0.2075268817204301,-0.0444490103417576,,,,,,False,complete,
AMP-AD,svm_l1,mayo,high,legacy_zero_truncated,legacy_top_three_medoid,3.0,37.0,120,0.6916666666666667,macro OvR AUROC,0.8890474423133169,0.8876237127978086,0.0014237295155082,0.2094289461593591,0.2333400591875168,-0.0444490103417576,macro OvR AUROC,0.8434617642363688,0.8454536724310749,-0.0019919081947061,archived budget_summary.json variant=locked_medoid; joined after locking,False,complete,
AMP-AD,svm_l1,mayo,high,legacy_zero_truncated,all_run_medoid,1.0,38.0,120,0.6833333333333333,macro OvR AUROC,0.8890474423133169,0.8835940209799544,0.0054534213333624,0.2094289461593591,0.2351353198469108,-0.0444490103417576,,,,,,False,complete,
AMP-AD,svm_l1,mayo,high,legacy_zero_truncated,regret_constrained_medoid_abs_0.01,3.0,37.0,120,0.6916666666666667,macro OvR AUROC,0.8890474423133169,0.8876237127978086,0.0014237295155082,0.2094289461593591,0.2333400591875168,-0.0444490103417576,macro OvR AUROC,0.8434617642363688,0.8454536724310749,-0.0019919081947061,archived budget_summary.json variant=locked_medoid; joined after locking,False,complete,
AMP-AD,svm_l1,mayo,low,legacy_zero_truncated,highest_development_cv_run,5.0,26.0,120,0.7833333333333333,macro OvR AUROC,0.8803417953413748,0.8803417953413748,0.0,0.1221903036576949,0.1256146480331262,-0.1241619526503245,macro OvR AUROC,0.8261542019683757,0.8454536724310749,-0.0192994704626991,archived budget_summary.json variant=locked_medoid; joined after locking,False,complete,
AMP-AD,svm_l1,mayo,low,legacy_zero_truncated,legacy_top_three_medoid,5.0,26.0,120,0.7833333333333333,macro OvR AUROC,0.8803417953413748,0.8803417953413748,0.0,0.1221903036576949,0.1256146480331262,-0.1241619526503245,macro OvR AUROC,0.8261542019683757,0.8454536724310749,-0.0192994704626991,archived budget_summary.json variant=locked_medoid; joined after locking,False,complete,
AMP-AD,svm_l1,mayo,low,legacy_zero_truncated,all_run_medoid,4.0,27.0,120,0.775,macro OvR AUROC,0.8803417953413748,0.8656340494030779,0.0147077459382969,0.1221903036576949,0.1302083333333333,-0.1241619526503245,,,,,,False,complete,
AMP-AD,svm_l1,mayo,low,legacy_zero_truncated,regret_constrained_medoid_abs_0.01,5.0,26.0,120,0.7833333333333333,macro OvR AUROC,0.8803417953413748,0.8803417953413748,0.0,0.1221903036576949,0.1256146480331262,-0.1241619526503245,macro OvR AUROC,0.8261542019683757,0.8454536724310749,-0.0192994704626991,archived budget_summary.json variant=locked_medoid; joined after locking,False,complete,
AMP-AD,svm_l1,mayo,reference,legacy_zero_truncated,highest_development_cv_run,5.0,23.0,120,0.8083333333333333,macro OvR AUROC,0.8800283298259538,0.8800283298259538,0.0,0.1687237920109061,0.1566906607604282,-0.0841907290629495,macro OvR AUROC,0.8137115461239123,0.8454536724310749,-0.0317421263071626,archived budget_summary.json variant=locked_medoid; joined after locking,False,complete,
AMP-AD,svm_l1,mayo,reference,legacy_zero_truncated,legacy_top_three_medoid,5.0,23.0,120,0.8083333333333333,macro OvR AUROC,0.8800283298259538,0.8800283298259538,0.0,0.1687237920109061,0.1566906607604282,-0.0841907290629495,macro OvR AUROC,0.8137115461239123,0.8454536724310749,-0.0317421263071626,archived budget_summary.json variant=locked_medoid; joined after locking,False,complete,
AMP-AD,svm_l1,mayo,reference,legacy_zero_truncated,all_run_medoid,1.0,33.0,120,0.725,macro OvR AUROC,0.8800283298259538,0.8685388779055726,0.0114894519203812,0.1687237920109061,0.1904324229691877,-0.0841907290629495,,,,,,False,complete,
AMP-AD,svm_l1,mayo,reference,legacy_zero_truncated,regret_constrained_medoid_abs_0.01,2.0,29.0,120,0.7583333333333333,macro OvR AUROC,0.8800283298259538,0.8727349716678985,0.0072933581580553,0.1687237920109061,0.1786043537738654,-0.0841907290629495,,,,,,False,complete,
AMP-AD,svm_l1,mount_sinai,high,legacy_zero_truncated,highest_development_cv_run,1.0,40.0,70,0.4285714285714286,macro OvR AUROC,0.8993067604787814,0.8993067604787814,0.0,0.3975302240275017,0.3801313628899836,-0.0091666666666669,,,,,,False,complete,
AMP-AD,svm_l1,mount_sinai,high,legacy_zero_truncated,legacy_top_three_medoid,3.0,40.0,70,0.4285714285714286,macro OvR AUROC,0.8993067604787814,0.8974935014547096,0.0018132590240718,0.3975302240275017,0.4162561576354679,-0.0091666666666669,macro OvR AUROC,0.6470400009644196,0.7003904028613331,-0.0533504018969135,archived budget_summary.json variant=locked_medoid; joined after locking,False,complete,
AMP-AD,svm_l1,mount_sinai,high,legacy_zero_truncated,all_run_medoid,2.0,40.0,70,0.4285714285714286,macro OvR AUROC,0.8993067604787814,0.8984510797688842,0.0008556807098972,0.3975302240275017,0.4232180067025802,-0.0091666666666669,,,,,,False,complete,
AMP-AD,svm_l1,mount_sinai,high,legacy_zero_truncated,regret_constrained_medoid_abs_0.01,2.0,40.0,70,0.4285714285714286,macro OvR AUROC,0.8993067604787814,0.8984510797688842,0.0008556807098972,0.3975302240275017,0.4232180067025802,-0.0091666666666669,,,,,,False,complete,
AMP-AD,svm_l1,mount_sinai,low,legacy_zero_truncated,highest_development_cv_run,4.0,18.0,70,0.7428571428571429,macro OvR AUROC,0.8864005719148036,0.8864005719148036,0.0,0.1892954812969805,0.13864289446186,-0.0334127897419036,,,,,,False,complete,
AMP-AD,svm_l1,mount_sinai,low,legacy_zero_truncated,legacy_top_three_medoid,5.0,13.0,70,0.8142857142857143,macro OvR AUROC,0.8864005719148036,0.876047227222154,0.0103533446926495,0.1892954812969805,0.2470238095238095,-0.0334127897419036,macro OvR AUROC,0.6855950219322312,0.7003904028613331,-0.0147953809291019,archived budget_summary.json variant=locked_medoid; joined after locking,False,complete,
AMP-AD,svm_l1,mount_sinai,low,legacy_zero_truncated,all_run_medoid,5.0,13.0,70,0.8142857142857143,macro OvR AUROC,0.8864005719148036,0.876047227222154,0.0103533446926495,0.1892954812969805,0.2470238095238095,-0.0334127897419036,macro OvR AUROC,0.6855950219322312,0.7003904028613331,-0.0147953809291019,archived budget_summary.json variant=locked_medoid; joined after locking,False,complete,
AMP-AD,svm_l1,mount_sinai,low,legacy_zero_truncated,regret_constrained_medoid_abs_0.01,4.0,18.0,70,0.7428571428571429,macro OvR AUROC,0.8864005719148036,0.8864005719148036,0.0,0.1892954812969805,0.13864289446186,-0.0334127897419036,,,,,,False,complete,
AMP-AD,svm_l1,mount_sinai,reference,legacy_zero_truncated,highest_development_cv_run,3.0,17.0,70,0.7571428571428571,macro OvR AUROC,0.88885532750827,0.88885532750827,0.0,0.1915890304335799,0.221300857507754,-0.0521885521885521,,,,,,False,complete,
AMP-AD,svm_l1,mount_sinai,reference,legacy_zero_truncated,legacy_top_three_medoid,5.0,19.0,70,0.7285714285714286,macro OvR AUROC,0.88885532750827,0.886180676661412,0.002674650846858,0.1915890304335799,0.220084485407066,-0.0521885521885521,macro OvR AUROC,0.6901929337975851,0.7003904028613331,-0.010197469063748,archived budget_summary.json variant=locked_medoid; joined after locking,False,complete,
AMP-AD,svm_l1,mount_sinai,reference,legacy_zero_truncated,all_run_medoid,3.0,17.0,70,0.7571428571428571,macro OvR AUROC,0.88885532750827,0.88885532750827,0.0,0.1915890304335799,0.221300857507754,-0.0521885521885521,,,,,,False,complete,
AMP-AD,svm_l1,mount_sinai,reference,legacy_zero_truncated,regret_constrained_medoid_abs_0.01,3.0,17.0,70,0.7571428571428571,macro OvR AUROC,0.88885532750827,0.88885532750827,0.0,0.1915890304335799,0.221300857507754,-0.0521885521885521,,,,,,False,complete,
AMP-AD,svm_l1,rush,high,legacy_zero_truncated,highest_development_cv_run,2.0,35.0,120,0.7083333333333333,macro OvR AUROC,0.8750914704854796,0.8750914704854796,0.0,0.2055566204341083,0.1794248402333981,-0.0695200250557883,,,,,,False,complete,
AMP-AD,svm_l1,rush,high,legacy_zero_truncated,legacy_top_three_medoid,5.0,36.0,120,0.7,macro OvR AUROC,0.8750914704854796,0.8705335872335359,0.0045578832519437,0.2055566204341083,0.2179784563172309,-0.0695200250557883,macro OvR AUROC,0.7671780556002021,0.7883429044008219,-0.0211648488006197,archived budget_summary.json variant=locked_medoid; joined after locking,False,complete,
AMP-AD,svm_l1,rush,high,legacy_zero_truncated,all_run_medoid,3.0,35.0,120,0.7083333333333333,macro OvR AUROC,0.8750914704854796,0.8713834257519613,0.0037080447335183,0.2055566204341083,0.2258254216048596,-0.0695200250557883,,,,,,False,complete,
AMP-AD,svm_l1,rush,high,legacy_zero_truncated,regret_constrained_medoid_abs_0.01,5.0,36.0,120,0.7,macro OvR AUROC,0.8750914704854796,0.8705335872335359,0.0045578832519437,0.2055566204341083,0.2179784563172309,-0.0695200250557883,macro OvR AUROC,0.7671780556002021,0.7883429044008219,-0.0211648488006197,archived budget_summary.json variant=locked_medoid; joined after locking,False,complete,
AMP-AD,svm_l1,rush,low,legacy_zero_truncated,highest_development_cv_run,4.0,84.0,120,0.3,macro OvR AUROC,0.8808076771372981,0.8808076771372981,0.0,0.4241011843974928,0.4583914057355236,-0.0434352009054894,,,,,,False,complete,
AMP-AD,svm_l1,rush,low,legacy_zero_truncated,legacy_top_three_medoid,3.0,84.0,120,0.3,macro OvR AUROC,0.8808076771372981,0.8701235335751465,0.0106841435621516,0.4241011843974928,0.482115128146241,-0.0434352009054894,macro OvR AUROC,0.7569477031355375,0.7883429044008219,-0.0313952012652843,archived budget_summary.json variant=locked_medoid; joined after locking,False,complete,
AMP-AD,svm_l1,rush,low,legacy_zero_truncated,all_run_medoid,3.0,84.0,120,0.3,macro OvR AUROC,0.8808076771372981,0.8701235335751465,0.0106841435621516,0.4241011843974928,0.482115128146241,-0.0434352009054894,macro OvR AUROC,0.7569477031355375,0.7883429044008219,-0.0313952012652843,archived budget_summary.json variant=locked_medoid; joined after locking,False,complete,
AMP-AD,svm_l1,rush,low,legacy_zero_truncated,regret_constrained_medoid_abs_0.01,4.0,84.0,120,0.3,macro OvR AUROC,0.8808076771372981,0.8808076771372981,0.0,0.4241011843974928,0.4583914057355236,-0.0434352009054894,,,,,,False,complete,
AMP-AD,svm_l1,rush,reference,legacy_zero_truncated,highest_development_cv_run,3.0,30.0,120,0.75,macro OvR AUROC,0.8826732633157365,0.8826732633157365,0.0,0.1346424147338581,0.1665119075453421,-0.1219431200929814,macro OvR AUROC,0.7616079706592239,0.7883429044008219,-0.0267349337415979,archived budget_summary.json variant=locked_medoid; joined after locking,False,complete,
AMP-AD,svm_l1,rush,reference,legacy_zero_truncated,legacy_top_three_medoid,3.0,30.0,120,0.75,macro OvR AUROC,0.8826732633157365,0.8826732633157365,0.0,0.1346424147338581,0.1665119075453421,-0.1219431200929814,macro OvR AUROC,0.7616079706592239,0.7883429044008219,-0.0267349337415979,archived budget_summary.json variant=locked_medoid; joined after locking,False,complete,
AMP-AD,svm_l1,rush,reference,legacy_zero_truncated,all_run_medoid,3.0,30.0,120,0.75,macro OvR AUROC,0.8826732633157365,0.8826732633157365,0.0,0.1346424147338581,0.1665119075453421,-0.1219431200929814,macro OvR AUROC,0.7616079706592239,0.7883429044008219,-0.0267349337415979,archived budget_summary.json variant=locked_medoid; joined after locking,False,complete,
AMP-AD,svm_l1,rush,reference,legacy_zero_truncated,regret_constrained_medoid_abs_0.01,3.0,30.0,120,0.75,macro OvR AUROC,0.8826732633157365,0.8826732633157365,0.0,0.1346424147338581,0.1665119075453421,-0.1219431200929814,macro OvR AUROC,0.7616079706592239,0.7883429044008219,-0.0267349337415979,archived budget_summary.json variant=locked_medoid; joined after locking,False,complete,
AMP-AD,xgboost,emory,high,legacy_zero_truncated,highest_development_cv_run,4.0,31.0,100,0.69,macro OvR AUROC,0.825676020187642,0.825676020187642,0.0,0.2083938002551447,0.2473201203558346,-0.0580645161290327,macro OvR AUROC,0.8061513517400057,0.8747627384718628,-0.068611386731857,archived budget_summary.json variant=locked_medoid; joined after locking,False,complete,
AMP-AD,xgboost,emory,high,legacy_zero_truncated,legacy_top_three_medoid,4.0,31.0,100,0.69,macro OvR AUROC,0.825676020187642,0.825676020187642,0.0,0.2083938002551447,0.2473201203558346,-0.0580645161290327,macro OvR AUROC,0.8061513517400057,0.8747627384718628,-0.068611386731857,archived budget_summary.json variant=locked_medoid; joined after locking,False,complete,
AMP-AD,xgboost,emory,high,legacy_zero_truncated,all_run_medoid,4.0,31.0,100,0.69,macro OvR AUROC,0.825676020187642,0.825676020187642,0.0,0.2083938002551447,0.2473201203558346,-0.0580645161290327,macro OvR AUROC,0.8061513517400057,0.8747627384718628,-0.068611386731857,archived budget_summary.json variant=locked_medoid; joined after locking,False,complete,
AMP-AD,xgboost,emory,high,legacy_zero_truncated,regret_constrained_medoid_abs_0.01,4.0,31.0,100,0.69,macro OvR AUROC,0.825676020187642,0.825676020187642,0.0,0.2083938002551447,0.2473201203558346,-0.0580645161290327,macro OvR AUROC,0.8061513517400057,0.8747627384718628,-0.068611386731857,archived budget_summary.json variant=locked_medoid; joined after locking,False,complete,
AMP-AD,xgboost,emory,low,legacy_zero_truncated,highest_development_cv_run,5.0,22.0,100,0.78,macro OvR AUROC,0.8193700973799736,0.8193700973799736,0.0,0.1293435750788691,0.1413479494361847,-0.096185309566865,macro OvR AUROC,0.8457919354396921,0.8747627384718628,-0.0289708030321707,archived budget_summary.json variant=locked_medoid; joined after locking,False,complete,
AMP-AD,xgboost,emory,low,legacy_zero_truncated,legacy_top_three_medoid,5.0,22.0,100,0.78,macro OvR AUROC,0.8193700973799736,0.8193700973799736,0.0,0.1293435750788691,0.1413479494361847,-0.096185309566865,macro OvR AUROC,0.8457919354396921,0.8747627384718628,-0.0289708030321707,archived budget_summary.json variant=locked_medoid; joined after locking,False,complete,
AMP-AD,xgboost,emory,low,legacy_zero_truncated,all_run_medoid,2.0,20.0,100,0.8,macro OvR AUROC,0.8193700973799736,0.8184073463503154,0.0009627510296581,0.1293435750788691,0.1657679738562091,-0.096185309566865,,,,,,False,complete,
AMP-AD,xgboost,emory,low,legacy_zero_truncated,regret_constrained_medoid_abs_0.01,5.0,22.0,100,0.78,macro OvR AUROC,0.8193700973799736,0.8193700973799736,0.0,0.1293435750788691,0.1413479494361847,-0.096185309566865,macro OvR AUROC,0.8457919354396921,0.8747627384718628,-0.0289708030321707,archived budget_summary.json variant=locked_medoid; joined after locking,False,complete,
AMP-AD,xgboost,emory,reference,legacy_zero_truncated,highest_development_cv_run,1.0,20.0,100,0.8,macro OvR AUROC,0.8206914964893934,0.8206914964893934,0.0,0.1408580943014228,0.1338593386656514,-0.0946345321345323,macro OvR AUROC,0.7781081648794116,0.8747627384718628,-0.0966545735924512,archived budget_summary.json variant=locked_medoid; joined after locking,False,complete,
AMP-AD,xgboost,emory,reference,legacy_zero_truncated,legacy_top_three_medoid,1.0,20.0,100,0.8,macro OvR AUROC,0.8206914964893934,0.8206914964893934,0.0,0.1408580943014228,0.1338593386656514,-0.0946345321345323,macro OvR AUROC,0.7781081648794116,0.8747627384718628,-0.0966545735924512,archived budget_summary.json variant=locked_medoid; joined after locking,False,complete,
AMP-AD,xgboost,emory,reference,legacy_zero_truncated,all_run_medoid,5.0,20.0,100,0.8,macro OvR AUROC,0.8206914964893934,0.8144466560895918,0.0062448403998016,0.1408580943014228,0.1635231488172664,-0.0946345321345323,,,,,,False,complete,
AMP-AD,xgboost,emory,reference,legacy_zero_truncated,regret_constrained_medoid_abs_0.01,1.0,20.0,100,0.8,macro OvR AUROC,0.8206914964893934,0.8206914964893934,0.0,0.1408580943014228,0.1338593386656514,-0.0946345321345323,macro OvR AUROC,0.7781081648794116,0.8747627384718628,-0.0966545735924512,archived budget_summary.json variant=locked_medoid; joined after locking,False,complete,
AMP-AD,xgboost,mayo,high,legacy_zero_truncated,highest_development_cv_run,3.0,26.0,100,0.74,macro OvR AUROC,0.8524877319087789,0.8524877319087789,0.0,0.1649697918005203,0.1068840579710145,-0.0892492824786472,,,,,,False,complete,
AMP-AD,xgboost,mayo,high,legacy_zero_truncated,legacy_top_three_medoid,1.0,27.0,100,0.73,macro OvR AUROC,0.8524877319087789,0.8422361595044523,0.0102515724043266,0.1649697918005203,0.18239968926484,-0.0892492824786472,macro OvR AUROC,0.8101102177572944,0.8167809800352285,-0.006670762277934,archived budget_summary.json variant=locked_medoid; joined after locking,False,complete,
AMP-AD,xgboost,mayo,high,legacy_zero_truncated,all_run_medoid,4.0,23.0,100,0.77,macro OvR AUROC,0.8524877319087789,0.831249570072951,0.0212381618358279,0.1649697918005203,0.1974959200326397,-0.0892492824786472,,,,,,False,complete,
AMP-AD,xgboost,mayo,high,legacy_zero_truncated,regret_constrained_medoid_abs_0.01,3.0,26.0,100,0.74,macro OvR AUROC,0.8524877319087789,0.8524877319087789,0.0,0.1649697918005203,0.1068840579710145,-0.0892492824786472,,,,,,False,complete,
AMP-AD,xgboost,mayo,low,legacy_zero_truncated,highest_development_cv_run,2.0,22.0,100,0.78,macro OvR AUROC,0.8620790509019063,0.8620790509019063,0.0,0.1337031360470378,0.1306559342743553,-0.1045509071824859,macro OvR AUROC,0.7960519940700598,0.8167809800352285,-0.0207289859651687,archived budget_summary.json variant=locked_medoid; joined after locking,False,complete,
AMP-AD,xgboost,mayo,low,legacy_zero_truncated,legacy_top_three_medoid,2.0,22.0,100,0.78,macro OvR AUROC,0.8620790509019063,0.8620790509019063,0.0,0.1337031360470378,0.1306559342743553,-0.1045509071824859,macro OvR AUROC,0.7960519940700598,0.8167809800352285,-0.0207289859651687,archived budget_summary.json variant=locked_medoid; joined after locking,False,complete,
AMP-AD,xgboost,mayo,low,legacy_zero_truncated,all_run_medoid,3.0,19.0,100,0.81,macro OvR AUROC,0.8620790509019063,0.8197907006202841,0.0422883502816221,0.1337031360470378,0.1558656179399213,-0.1045509071824859,,,,,,False,complete,
AMP-AD,xgboost,mayo,low,legacy_zero_truncated,regret_constrained_medoid_abs_0.01,2.0,22.0,100,0.78,macro OvR AUROC,0.8620790509019063,0.8620790509019063,0.0,0.1337031360470378,0.1306559342743553,-0.1045509071824859,macro OvR AUROC,0.7960519940700598,0.8167809800352285,-0.0207289859651687,archived budget_summary.json variant=locked_medoid; joined after locking,False,complete,
AMP-AD,xgboost,mayo,reference,legacy_zero_truncated,highest_development_cv_run,5.0,21.0,100,0.79,macro OvR AUROC,0.8479818239768828,0.8479818239768828,0.0,0.1397930042363269,0.1184154669619786,-0.0866341370072714,,,,,,False,complete,
AMP-AD,xgboost,mayo,reference,legacy_zero_truncated,legacy_top_three_medoid,3.0,20.0,100,0.8,macro OvR AUROC,0.8479818239768828,0.8268715220509796,0.0211103019259032,0.1397930042363269,0.1573852988326672,-0.0866341370072714,macro OvR AUROC,0.7721927701259648,0.8167809800352285,-0.0445882099092637,archived budget_summary.json variant=locked_medoid; joined after locking,False,complete,
AMP-AD,xgboost,mayo,reference,legacy_zero_truncated,all_run_medoid,1.0,25.0,100,0.75,macro OvR AUROC,0.8479818239768828,0.8426673910497502,0.0053144329271326,0.1397930042363269,0.1649909491372906,-0.0866341370072714,,,,,,False,complete,
AMP-AD,xgboost,mayo,reference,legacy_zero_truncated,regret_constrained_medoid_abs_0.01,5.0,21.0,100,0.79,macro OvR AUROC,0.8479818239768828,0.8479818239768828,0.0,0.1397930042363269,0.1184154669619786,-0.0866341370072714,,,,,,False,complete,
AMP-AD,xgboost,mount_sinai,high,legacy_zero_truncated,highest_development_cv_run,1.0,34.0,100,0.6599999999999999,macro OvR AUROC,0.8706924967595201,0.8706924967595201,0.0,0.2189102019714022,0.195320382011495,-0.0496732026143791,,,,,,False,complete,
AMP-AD,xgboost,mount_sinai,high,legacy_zero_truncated,legacy_top_three_medoid,4.0,34.0,100,0.6599999999999999,macro OvR AUROC,0.8706924967595201,0.8666303130806611,0.004062183678859,0.2189102019714022,0.2503425055149193,-0.0496732026143791,macro OvR AUROC,0.6352781976328488,0.6825470611807821,-0.0472688635479333,archived budget_summary.json variant=locked_medoid; joined after locking,False,complete,
AMP-AD,xgboost,mount_sinai,high,legacy_zero_truncated,all_run_medoid,4.0,34.0,100,0.6599999999999999,macro OvR AUROC,0.8706924967595201,0.8666303130806611,0.004062183678859,0.2189102019714022,0.2503425055149193,-0.0496732026143791,macro OvR AUROC,0.6352781976328488,0.6825470611807821,-0.0472688635479333,archived budget_summary.json variant=locked_medoid; joined after locking,False,complete,
AMP-AD,xgboost,mount_sinai,high,legacy_zero_truncated,regret_constrained_medoid_abs_0.01,4.0,34.0,100,0.6599999999999999,macro OvR AUROC,0.8706924967595201,0.8666303130806611,0.004062183678859,0.2189102019714022,0.2503425055149193,-0.0496732026143791,macro OvR AUROC,0.6352781976328488,0.6825470611807821,-0.0472688635479333,archived budget_summary.json variant=locked_medoid; joined after locking,False,complete,
AMP-AD,xgboost,mount_sinai,low,legacy_zero_truncated,highest_development_cv_run,2.0,20.0,100,0.8,macro OvR AUROC,0.8613106698269872,0.8613106698269872,0.0,0.1429995579354537,0.1702555853526778,-0.0862585616438356,macro OvR AUROC,0.7137386348142162,0.6825470611807821,0.031191573633434,archived budget_summary.json variant=locked_medoid; joined after locking,False,complete,
AMP-AD,xgboost,mount_sinai,low,legacy_zero_truncated,legacy_top_three_medoid,2.0,20.0,100,0.8,macro OvR AUROC,0.8613106698269872,0.8613106698269872,0.0,0.1429995579354537,0.1702555853526778,-0.0862585616438356,macro OvR AUROC,0.7137386348142162,0.6825470611807821,0.031191573633434,archived budget_summary.json variant=locked_medoid; joined after locking,False,complete,
AMP-AD,xgboost,mount_sinai,low,legacy_zero_truncated,all_run_medoid,2.0,20.0,100,0.8,macro OvR AUROC,0.8613106698269872,0.8613106698269872,0.0,0.1429995579354537,0.1702555853526778,-0.0862585616438356,macro OvR AUROC,0.7137386348142162,0.6825470611807821,0.031191573633434,archived budget_summary.json variant=locked_medoid; joined after locking,False,complete,
AMP-AD,xgboost,mount_sinai,low,legacy_zero_truncated,regret_constrained_medoid_abs_0.01,2.0,20.0,100,0.8,macro OvR AUROC,0.8613106698269872,0.8613106698269872,0.0,0.1429995579354537,0.1702555853526778,-0.0862585616438356,macro OvR AUROC,0.7137386348142162,0.6825470611807821,0.031191573633434,archived budget_summary.json variant=locked_medoid; joined after locking,False,complete,
AMP-AD,xgboost,mount_sinai,reference,legacy_zero_truncated,highest_development_cv_run,3.0,23.0,100,0.77,macro OvR AUROC,0.8633415813456548,0.8633415813456548,0.0,0.1630189255189255,0.146596459096459,-0.0802697750575027,,,,,,False,complete,
AMP-AD,xgboost,mount_sinai,reference,legacy_zero_truncated,legacy_top_three_medoid,5.0,22.0,100,0.78,macro OvR AUROC,0.8633415813456548,0.8614270087849387,0.001914572560716,0.1630189255189255,0.1623397435897435,-0.0802697750575027,macro OvR AUROC,0.7039445591771173,0.6825470611807821,0.0213974979963351,archived budget_summary.json variant=locked_medoid; joined after locking,False,complete,
AMP-AD,xgboost,mount_sinai,reference,legacy_zero_truncated,all_run_medoid,4.0,20.0,100,0.8,macro OvR AUROC,0.8633415813456548,0.8447872386950017,0.018554342650653,0.1630189255189255,0.1773504273504273,-0.0802697750575027,,,,,,False,complete,
AMP-AD,xgboost,mount_sinai,reference,legacy_zero_truncated,regret_constrained_medoid_abs_0.01,2.0,25.0,100,0.75,macro OvR AUROC,0.8633415813456548,0.8629695054912657,0.000372075854389,0.1630189255189255,0.1679258241758242,-0.0802697750575027,,,,,,False,complete,
AMP-AD,xgboost,rush,high,legacy_zero_truncated,highest_development_cv_run,1.0,40.0,100,0.6,macro OvR AUROC,0.8686749458133228,0.8686749458133228,0.0,0.265236337078874,0.2871746442003413,-0.067916666666667,macro OvR AUROC,0.7878298342164811,0.8028004258182557,-0.0149705916017746,archived budget_summary.json variant=locked_medoid; joined after locking,False,complete,
AMP-AD,xgboost,rush,high,legacy_zero_truncated,legacy_top_three_medoid,1.0,40.0,100,0.6,macro OvR AUROC,0.8686749458133228,0.8686749458133228,0.0,0.265236337078874,0.2871746442003413,-0.067916666666667,macro OvR AUROC,0.7878298342164811,0.8028004258182557,-0.0149705916017746,archived budget_summary.json variant=locked_medoid; joined after locking,False,complete,
AMP-AD,xgboost,rush,high,legacy_zero_truncated,all_run_medoid,1.0,40.0,100,0.6,macro OvR AUROC,0.8686749458133228,0.8686749458133228,0.0,0.265236337078874,0.2871746442003413,-0.067916666666667,macro OvR AUROC,0.7878298342164811,0.8028004258182557,-0.0149705916017746,archived budget_summary.json variant=locked_medoid; joined after locking,False,complete,
AMP-AD,xgboost,rush,high,legacy_zero_truncated,regret_constrained_medoid_abs_0.01,1.0,40.0,100,0.6,macro OvR AUROC,0.8686749458133228,0.8686749458133228,0.0,0.265236337078874,0.2871746442003413,-0.067916666666667,macro OvR AUROC,0.7878298342164811,0.8028004258182557,-0.0149705916017746,archived budget_summary.json variant=locked_medoid; joined after locking,False,complete,
AMP-AD,xgboost,rush,low,legacy_zero_truncated,highest_development_cv_run,2.0,23.0,100,0.77,macro OvR AUROC,0.8651676871136675,0.8651676871136675,0.0,0.0986700302180178,0.1236130867709815,-0.1502246181491466,macro OvR AUROC,0.7888937419119593,0.8028004258182557,-0.0139066839062964,archived budget_summary.json variant=locked_medoid; joined after locking,False,complete,
AMP-AD,xgboost,rush,low,legacy_zero_truncated,legacy_top_three_medoid,2.0,23.0,100,0.77,macro OvR AUROC,0.8651676871136675,0.8651676871136675,0.0,0.0986700302180178,0.1236130867709815,-0.1502246181491466,macro OvR AUROC,0.7888937419119593,0.8028004258182557,-0.0139066839062964,archived budget_summary.json variant=locked_medoid; joined after locking,False,complete,
AMP-AD,xgboost,rush,low,legacy_zero_truncated,all_run_medoid,2.0,23.0,100,0.77,macro OvR AUROC,0.8651676871136675,0.8651676871136675,0.0,0.0986700302180178,0.1236130867709815,-0.1502246181491466,macro OvR AUROC,0.7888937419119593,0.8028004258182557,-0.0139066839062964,archived budget_summary.json variant=locked_medoid; joined after locking,False,complete,
AMP-AD,xgboost,rush,low,legacy_zero_truncated,regret_constrained_medoid_abs_0.01,2.0,23.0,100,0.77,macro OvR AUROC,0.8651676871136675,0.8651676871136675,0.0,0.0986700302180178,0.1236130867709815,-0.1502246181491466,macro OvR AUROC,0.7888937419119593,0.8028004258182557,-0.0139066839062964,archived budget_summary.json variant=locked_medoid; joined after locking,False,complete,
AMP-AD,xgboost,rush,reference,legacy_zero_truncated,highest_development_cv_run,2.0,20.0,100,0.8,macro OvR AUROC,0.8594687647506388,0.8594687647506388,0.0,0.165794900673694,0.1572128851540616,-0.0846002252252251,macro OvR AUROC,0.7686971887032147,0.8028004258182557,-0.034103237115041,archived budget_summary.json variant=locked_medoid; joined after locking,False,complete,
AMP-AD,xgboost,rush,reference,legacy_zero_truncated,legacy_top_three_medoid,2.0,20.0,100,0.8,macro OvR AUROC,0.8594687647506388,0.8594687647506388,0.0,0.165794900673694,0.1572128851540616,-0.0846002252252251,macro OvR AUROC,0.7686971887032147,0.8028004258182557,-0.034103237115041,archived budget_summary.json variant=locked_medoid; joined after locking,False,complete,
AMP-AD,xgboost,rush,reference,legacy_zero_truncated,all_run_medoid,5.0,20.0,100,0.8,macro OvR AUROC,0.8594687647506388,0.8440443257317298,0.0154244390189089,0.165794900673694,0.2042558959067498,-0.0846002252252251,,,,,,False,complete,
AMP-AD,xgboost,rush,reference,legacy_zero_truncated,regret_constrained_medoid_abs_0.01,2.0,20.0,100,0.8,macro OvR AUROC,0.8594687647506388,0.8594687647506388,0.0,0.165794900673694,0.1572128851540616,-0.0846002252252251,macro OvR AUROC,0.7686971887032147,0.8028004258182557,-0.034103237115041,archived budget_summary.json variant=locked_medoid; joined after locking,False,complete,
ADNI,svm_l1,ADNI fixed split,not_applicable,legacy_archived,highest_development_cv_run,4.0,29.0,63,0.5396825396825398,balanced accuracy,0.5864126048712515,0.5864126048712515,0.0,,0.3488372093023256,,,,,,,False,complete,All nonlocked candidate masks were unavailable; full seed-agreement statistics could not be reconstructed.
ADNI,svm_l1,ADNI fixed split,not_applicable,legacy_archived,legacy_top_three_medoid,2.0,29.0,63,0.5396825396825398,balanced accuracy,0.5864126048712515,0.5724029023653083,0.0140097025059431,,0.3817356778218945,,macro OvR AUROC,0.7836662658692782,0.7822119011747044,0.0014543646945738,archived source_table_s1 RFECV+GA; same locked run; joined after locking,False,complete,All nonlocked candidate masks were unavailable; full seed-agreement statistics could not be reconstructed.
ADNI,xgboost,ADNI fixed split,not_applicable,legacy_archived,highest_development_cv_run,2.0,30.0,100,0.7,balanced accuracy,0.5422992890850035,0.5422992890850035,0.0,,0.2474489795918367,,macro OvR AUROC,0.775325917123849,0.8093476732850968,-0.0340217561612478,archived source_table_s1 RFECV+GA; same locked run; joined after locking,False,complete,All nonlocked candidate masks were unavailable; full seed-agreement statistics could not be reconstructed.
ADNI,xgboost,ADNI fixed split,not_applicable,legacy_archived,legacy_top_three_medoid,2.0,30.0,100,0.7,balanced accuracy,0.5422992890850035,0.5422992890850035,0.0,,0.2474489795918367,,macro OvR AUROC,0.775325917123849,0.8093476732850968,-0.0340217561612478,archived source_table_s1 RFECV+GA; same locked run; joined after locking,False,complete,All nonlocked candidate masks were unavailable; full seed-agreement statistics could not be reconstructed.
ADNI,boruta_rf,ADNI fixed split,not_applicable,legacy_archived,highest_development_cv_run,1.0,27.0,48,0.4375,balanced accuracy,0.5739475055076559,0.5739475055076559,0.0,,0.3673076923076923,,,,,,,False,complete,All nonlocked candidate masks were unavailable; full seed-agreement statistics could not be reconstructed.
ADNI,boruta_rf,ADNI fixed split,not_applicable,legacy_archived,legacy_top_three_medoid,3.0,27.0,48,0.4375,balanced accuracy,0.5739475055076559,0.5514317163565284,0.0225157891511275,,0.3846153846153846,,macro OvR AUROC,0.7879147222483746,0.7897189487327693,-0.0018042264843947,archived source_table_s1 RFECV+GA; same locked run; joined after locking,False,complete,All nonlocked candidate masks were unavailable; full seed-agreement statistics could not be reconstructed.
