center,branch,cap,run_id,seed,rfecv_target,run_best_feature_count,run_best_absolute_target_deviation,base_development_cv_balanced_accuracy,raw_untruncated_objective,diagnostic_legacy_truncated_run_best_fitness,diagnostic_zero_legacy_run_best,diagnostic_all_zero_legacy_fitness_generations,actual_uniform_sampling_fallback_generations,mean_population_unique_masks,minimum_population_unique_masks,final_population_unique_masks,stable_feature_set_identifier,runtime_seconds,history_generations,python_version,numpy_version,pandas_version,scikit_learn_version,backend,objective_mode,held_out_inputs_used
emory,boruta_rf,low,1,42,12,12,0,0.6533893973065367,0.6533893973065367,0.6533893973065367,False,0,0,49.94,49,50,baab7b7fd32986acc19d04ebeed88d30c8eaa0776f629ed8290673b45cd87301,1593.8362430469997,50,3.12.13,2.0.2,2.2.2,1.6.1,gpu,untruncated_shifted_linear,False
emory,boruta_rf,low,2,43,12,12,0,0.6748815149158848,0.6748815149158848,0.6748815149158848,False,0,0,49.96,49,50,55b09c99d532ce867da7f3bab61ad4a5835afb9f4907413767154de311d0e9a0,1572.178270417,50,3.12.13,2.0.2,2.2.2,1.6.1,gpu,untruncated_shifted_linear,False
emory,boruta_rf,low,3,44,12,15,3,0.6714194437926269,0.6264194437926268,0.6264194437926268,False,0,0,49.96,49,50,a81f37332e6728af48f98143c36869985152e8ba40b467ac9b1b6e6e92dbd459,1598.2073041419994,50,3.12.13,2.0.2,2.2.2,1.6.1,gpu,untruncated_shifted_linear,False
emory,boruta_rf,low,4,45,12,13,1,0.6630190269361662,0.6480190269361662,0.6480190269361662,False,0,0,49.88,48,50,817fe18c60a415f6499f447d91bfed9961292a4292ae640ff256baf74fee007b,1609.764575333,50,3.12.13,2.0.2,2.2.2,1.6.1,gpu,untruncated_shifted_linear,False
emory,boruta_rf,low,5,46,12,12,0,0.6693453221742177,0.6693453221742177,0.6693453221742177,False,0,0,49.94,49,50,5185a795c15afda9469cb2f42c0d84cebefa1b633b30b97f622e02d08f599c3c,1609.929008833,50,3.12.13,2.0.2,2.2.2,1.6.1,gpu,untruncated_shifted_linear,False
emory,boruta_rf,reference,1,42,25,25,0,0.6829366908836038,0.6829366908836038,0.6829366908836038,False,0,0,49.96,49,50,862a55e5b4eebaf6750185cefeec292e3bdcd9acbc3af5d639008d5b4215a901,1603.3751911079999,50,3.12.13,2.0.2,2.2.2,1.6.1,gpu,untruncated_shifted_linear,False
emory,boruta_rf,reference,2,43,25,25,0,0.671292607776106,0.671292607776106,0.671292607776106,False,0,0,49.98,49,50,a7d46bdf69cabb5c998f15570788ae5550c75bb0d4f272a93a316b1348892649,1577.6774758869997,50,3.12.13,2.0.2,2.2.2,1.6.1,gpu,untruncated_shifted_linear,False
emory,boruta_rf,reference,3,44,25,25,0,0.6770005199203095,0.6770005199203095,0.6770005199203095,False,0,0,49.94,49,50,194cbbc02c6940bcb3ef62921a3999a5c0d046425b9c9d1e79188f71b72f6e2f,1578.1913988860006,50,3.12.13,2.0.2,2.2.2,1.6.1,gpu,untruncated_shifted_linear,False
emory,boruta_rf,reference,4,45,25,25,0,0.6913333885461096,0.6913333885461096,0.6913333885461096,False,0,0,49.9,49,50,7740235a70c87fadb46072ffe569c48408db521ef949c37ef25a11f31e2e7f75,1571.8084777820004,50,3.12.13,2.0.2,2.2.2,1.6.1,gpu,untruncated_shifted_linear,False
emory,boruta_rf,reference,5,46,25,25,0,0.6828316409083729,0.6828316409083729,0.6828316409083729,False,0,0,49.96,49,50,b29ff0139c3b078008a23a323abc6b240fe4b0f6584f1cae343e1b1037d227da,1551.8028211299993,50,3.12.13,2.0.2,2.2.2,1.6.1,gpu,untruncated_shifted_linear,False
emory,svm_l1,low,1,42,10,11,1,0.6817949136763579,0.6667949136763579,0.6667949136763579,False,0,0,49.94,48,49,bc4767ac98eaa41ff2ddc0fa8d302675ead36d7ab3bbceb1d8b5927ca9c16f46,1584.626893319,50,3.12.13,2.0.2,2.2.2,1.6.1,gpu,untruncated_shifted_linear,False
emory,svm_l1,low,2,43,10,10,0,0.675477851241444,0.675477851241444,0.675477851241444,False,0,0,49.72,48,50,c60603b8664a5ba288578d7e4db779bf18f93996d72d24276945bc28d4630d22,1583.8981177330002,50,3.12.13,2.0.2,2.2.2,1.6.1,gpu,untruncated_shifted_linear,False
emory,svm_l1,low,3,44,10,10,0,0.6662973008620862,0.6662973008620862,0.6662973008620862,False,0,0,49.92,49,50,7ab4dfbd8bbd4f1a576eafa8fae4f0492eb4101d4acae8a0c584995d2a5eea6e,1593.2703973529997,50,3.12.13,2.0.2,2.2.2,1.6.1,gpu,untruncated_shifted_linear,False
emory,svm_l1,low,4,45,10,10,0,0.6859215855882386,0.6859215855882386,0.6859215855882386,False,0,0,49.82,49,49,61f2ab392d9ac2eb9cf3f9e478eaf4646b41ce9bb2a018d2a1af09eaa21cfd6d,1572.7428007200006,50,3.12.13,2.0.2,2.2.2,1.6.1,gpu,untruncated_shifted_linear,False
emory,svm_l1,low,5,46,10,11,1,0.7034053246587928,0.6884053246587928,0.6884053246587928,False,0,0,49.96,49,50,1851c7ba78f20905ed91cf6baee047025e50d9606f306710d4606d41c0024147,1580.9524191649998,50,3.12.13,2.0.2,2.2.2,1.6.1,gpu,untruncated_shifted_linear,False
emory,svm_l1,reference,1,42,19,19,0,0.7031056036366815,0.7031056036366815,0.7031056036366815,False,0,0,49.96,49,49,d14593cc561d33cf822d6a358e0ae77a58457f3a8fbc99eb7baf5cb565daadbb,1584.2593076390003,50,3.12.13,2.0.2,2.2.2,1.6.1,gpu,untruncated_shifted_linear,False
emory,svm_l1,reference,2,43,19,19,0,0.6930085058349168,0.6930085058349168,0.6930085058349168,False,0,0,49.74,48,50,e5f6f71aed3ca8fac8f111d68ee00691bf7a4175a09a372f848089973ac90044,1580.6142082100014,50,3.12.13,2.0.2,2.2.2,1.6.1,gpu,untruncated_shifted_linear,False
emory,svm_l1,reference,3,44,19,19,0,0.7056647004783574,0.7056647004783574,0.7056647004783574,False,0,0,49.94,49,50,4b5a6e7008c92282cc2f0e914636b6af318cc5be64faf5a913e4d098e1f05295,1540.0319117900003,50,3.12.13,2.0.2,2.2.2,1.6.1,gpu,untruncated_shifted_linear,False
emory,svm_l1,reference,4,45,19,19,0,0.6998153822794594,0.6998153822794594,0.6998153822794594,False,0,0,49.82,49,50,121e9797ce94f3403788f4d5e7ed030eebe099cbab4c1b4da96b444e2031f4b7,1548.7473894120003,50,3.12.13,2.0.2,2.2.2,1.6.1,gpu,untruncated_shifted_linear,False
emory,svm_l1,reference,5,46,19,19,0,0.7005219984571096,0.7005219984571096,0.7005219984571096,False,0,0,49.94,49,49,bce7bc6e75587301038b728ebaa2caab341c90d564a624e4059bd387c26e896b,1539.6813692659998,50,3.12.13,2.0.2,2.2.2,1.6.1,gpu,untruncated_shifted_linear,False
emory,xgboost,low,1,42,9,20,11,0.5993048021312132,0.4343048021312132,0.4343048021312132,False,5,0,50.0,50,50,6d34f8c0e5709895a45a37eb95dd0b5336d3998209b33cd1efc6aefa096a9661,1600.8282159810005,50,3.12.13,2.0.2,2.2.2,1.6.1,gpu,untruncated_shifted_linear,False
emory,xgboost,low,2,43,9,16,7,0.5958046111870287,0.49080461118702867,0.49080461118702867,False,6,0,49.98,49,50,1a04ae2cd74f029696f5a13683e03cefd7a51d3eca474b9cf02e869886a6a278,1605.1404357820002,50,3.12.13,2.0.2,2.2.2,1.6.1,gpu,untruncated_shifted_linear,False
emory,xgboost,low,3,44,9,21,12,0.6309630181757392,0.4509630181757392,0.4509630181757392,False,6,0,50.0,50,50,960c2670becfd73efcec724e266c1823026b5aa284345e7c9c8e4c3c498725fa,1607.6463497440018,50,3.12.13,2.0.2,2.2.2,1.6.1,gpu,untruncated_shifted_linear,False
emory,xgboost,low,4,45,9,20,11,0.6125752925893718,0.44757529258937184,0.44757529258937184,False,6,0,50.0,50,50,3cf159b7d4677755fa2b19188f33d47820969448076b686d69b83b219622af7f,1601.585319576001,50,3.12.13,2.0.2,2.2.2,1.6.1,gpu,untruncated_shifted_linear,False
emory,xgboost,low,5,46,9,22,13,0.6157649960200791,0.42076499602007905,0.42076499602007905,False,6,0,50.0,50,50,ac134c488332f7db7dfc5b0fbe6a6275f7e3d19f0141ad57be1e3c244a0e414d,1573.4844659789997,50,3.12.13,2.0.2,2.2.2,1.6.1,gpu,untruncated_shifted_linear,False
emory,xgboost,reference,1,42,17,20,3,0.5993048021312132,0.5543048021312131,0.5543048021312131,False,2,0,50.0,50,50,6d34f8c0e5709895a45a37eb95dd0b5336d3998209b33cd1efc6aefa096a9661,1642.747618573,50,3.12.13,2.0.2,2.2.2,1.6.1,gpu,untruncated_shifted_linear,False
emory,xgboost,reference,2,43,17,17,0,0.600136590273656,0.600136590273656,0.600136590273656,False,3,0,49.9,49,49,f6be1c6ab45f14381b12b025e21c72695de8e08f7911b5617572e3849990930b,1653.751963527,50,3.12.13,2.0.2,2.2.2,1.6.1,gpu,untruncated_shifted_linear,False
emory,xgboost,reference,3,44,17,21,4,0.6309630181757392,0.5709630181757392,0.5709630181757392,False,4,0,50.0,50,50,960c2670becfd73efcec724e266c1823026b5aa284345e7c9c8e4c3c498725fa,1697.2277326849999,50,3.12.13,2.0.2,2.2.2,1.6.1,gpu,untruncated_shifted_linear,False
emory,xgboost,reference,4,45,17,20,3,0.6125752925893718,0.5675752925893718,0.5675752925893718,False,3,0,50.0,50,50,3cf159b7d4677755fa2b19188f33d47820969448076b686d69b83b219622af7f,1617.6247082650002,50,3.12.13,2.0.2,2.2.2,1.6.1,gpu,untruncated_shifted_linear,False
emory,xgboost,reference,5,46,17,22,5,0.6157649960200791,0.5407649960200791,0.5407649960200791,False,3,0,50.0,50,50,ac134c488332f7db7dfc5b0fbe6a6275f7e3d19f0141ad57be1e3c244a0e414d,1615.4225499599997,50,3.12.13,2.0.2,2.2.2,1.6.1,gpu,untruncated_shifted_linear,False
mayo,boruta_rf,low,1,42,13,13,0,0.7149644225506295,0.7149644225506295,0.7149644225506295,False,1,0,49.96,49,50,4fe26e1d5771d7a0e588e1a130396b56c5b2645b0a3e300baa45a7f0b8430c21,1643.6737305799998,50,3.12.13,2.0.2,2.2.2,1.6.1,gpu,untruncated_shifted_linear,False
mayo,boruta_rf,low,2,43,13,14,1,0.706535303776683,0.691535303776683,0.691535303776683,False,1,0,50.0,50,50,b13270bf19982aa3089713be5cc0ae224b6e5b964eda6b003e05178c70a0c437,1630.6315799729982,50,3.12.13,2.0.2,2.2.2,1.6.1,gpu,untruncated_shifted_linear,False
mayo,boruta_rf,low,3,44,13,15,2,0.6975697865353037,0.6675697865353036,0.6675697865353036,False,1,0,49.98,49,50,9b3f695e28ddeeab1d2c1008066ed9f427c55e7d3fe9de7de63544c935956f01,1660.4324083129995,50,3.12.13,2.0.2,2.2.2,1.6.1,gpu,untruncated_shifted_linear,False
mayo,boruta_rf,low,4,45,13,14,1,0.7126491516146689,0.6976491516146689,0.6976491516146689,False,1,0,49.94,49,50,1532fd18c667ca938b2ef70e008424785b4a8ebe1df3848ee1563f0d3f5659b6,1581.8391580519997,50,3.12.13,2.0.2,2.2.2,1.6.1,gpu,untruncated_shifted_linear,False
mayo,boruta_rf,low,5,46,13,16,3,0.7166174055829229,0.6716174055829228,0.6716174055829228,False,1,0,50.0,50,50,fe247fab04bdce98eb9cbb879aedcf900c01b94490cd2304efe4fc80f0f3d487,1569.286937509,50,3.12.13,2.0.2,2.2.2,1.6.1,gpu,untruncated_shifted_linear,False
mayo,boruta_rf,reference,1,42,24,24,0,0.7278872468527642,0.7278872468527642,0.7278872468527642,False,0,0,49.98,49,50,9bb54b87bd363d9eb8b92bd9c5998bc25ee586118ca608302cc1ac6ff60d0732,1564.2680576870002,50,3.12.13,2.0.2,2.2.2,1.6.1,gpu,untruncated_shifted_linear,False
mayo,boruta_rf,reference,2,43,24,24,0,0.7247071702244117,0.7247071702244117,0.7247071702244117,False,0,0,50.0,50,50,4cf2ba852ad1876990a620425a93416298ba273757d97c30d04e48b7315cda08,1565.7385975419993,50,3.12.13,2.0.2,2.2.2,1.6.1,gpu,untruncated_shifted_linear,False
mayo,boruta_rf,reference,3,44,24,25,1,0.7404269293924466,0.7254269293924466,0.7254269293924466,False,0,0,49.98,49,50,fe6a131eae125e664c2599f142b6670178e04e02c31ac9f6128d1c74cc72ba3c,1558.1603443689992,50,3.12.13,2.0.2,2.2.2,1.6.1,gpu,untruncated_shifted_linear,False
mayo,boruta_rf,reference,4,45,24,24,0,0.7547126436781609,0.7547126436781609,0.7547126436781609,False,0,0,49.94,49,50,28c9b7e4d7fb401d6f3a84ae4a2b151abbb91c8ee06e0adbc3d9b4d35af8c6c8,1568.3680671380007,50,3.12.13,2.0.2,2.2.2,1.6.1,gpu,untruncated_shifted_linear,False
mayo,boruta_rf,reference,5,46,24,24,0,0.7251943076081007,0.7251943076081007,0.7251943076081007,False,0,0,50.0,50,50,c9bbd97a6ff759d49bff570cc87f0f63c4c1b711ce858309da373a5d981f7d4f,1553.3052801429985,50,3.12.13,2.0.2,2.2.2,1.6.1,gpu,untruncated_shifted_linear,False
mayo,svm_l1,low,1,42,10,27,17,0.6896278051450465,0.4346278051450465,0.4346278051450465,False,7,0,50.0,50,50,c9adc0fe1244bf19401fc4b9862050292752557a8e07a5d8f66faef536de6f68,1519.2851486099999,50,3.12.13,2.0.2,2.2.2,1.6.1,gpu,untruncated_shifted_linear,False
mayo,svm_l1,low,2,43,10,26,16,0.6669348659003831,0.4269348659003831,0.4269348659003831,False,8,0,50.0,50,50,2389c8b130a91c35e3d42625fd8d7590c2eb5bbf1b55c2691df4a12a47bfd94e,1517.6680943280003,50,3.12.13,2.0.2,2.2.2,1.6.1,gpu,untruncated_shifted_linear,False
mayo,svm_l1,low,3,44,10,28,18,0.7070935960591133,0.43709359605911324,0.43709359605911324,False,7,0,50.0,50,50,fd4893ae6ed69ce5ab400acc93662a816b2ad5a941a97395587299f839839417,1525.0989760780003,50,3.12.13,2.0.2,2.2.2,1.6.1,gpu,untruncated_shifted_linear,False
mayo,svm_l1,low,4,45,10,24,14,0.6778051450465243,0.4678051450465244,0.4678051450465244,False,7,0,49.98,49,50,72c2ffe76cc644ad3b3d18cab3d870d31903f44ccb2f27edbca07a1675f384cd,1525.8019332490003,50,3.12.13,2.0.2,2.2.2,1.6.1,gpu,untruncated_shifted_linear,False
mayo,svm_l1,low,5,46,10,28,18,0.7091461412151068,0.43914614121510676,0.43914614121510676,False,8,0,50.0,50,50,a106f8305145deea538ff5aa4bd9123d392f2fd778a2c06f716522ed0136f744,1521.9831499829997,50,3.12.13,2.0.2,2.2.2,1.6.1,gpu,untruncated_shifted_linear,False
mayo,svm_l1,reference,1,42,20,27,7,0.6896278051450465,0.5846278051450465,0.5846278051450465,False,5,0,50.0,50,50,c9adc0fe1244bf19401fc4b9862050292752557a8e07a5d8f66faef536de6f68,1523.8860222410003,50,3.12.13,2.0.2,2.2.2,1.6.1,gpu,untruncated_shifted_linear,False
mayo,svm_l1,reference,2,43,20,26,6,0.6669348659003831,0.5769348659003831,0.5769348659003831,False,4,0,50.0,50,50,2389c8b130a91c35e3d42625fd8d7590c2eb5bbf1b55c2691df4a12a47bfd94e,1498.2496847019993,50,3.12.13,2.0.2,2.2.2,1.6.1,gpu,untruncated_shifted_linear,False
mayo,svm_l1,reference,3,44,20,28,8,0.7070935960591133,0.5870935960591133,0.5870935960591133,False,3,0,50.0,50,50,fd4893ae6ed69ce5ab400acc93662a816b2ad5a941a97395587299f839839417,1495.8241846249985,50,3.12.13,2.0.2,2.2.2,1.6.1,gpu,untruncated_shifted_linear,False
mayo,svm_l1,reference,4,45,20,24,4,0.6778051450465243,0.6178051450465243,0.6178051450465243,False,3,0,49.98,49,50,72c2ffe76cc644ad3b3d18cab3d870d31903f44ccb2f27edbca07a1675f384cd,1491.9457804950016,50,3.12.13,2.0.2,2.2.2,1.6.1,gpu,untruncated_shifted_linear,False
mayo,svm_l1,reference,5,46,20,28,8,0.7091461412151068,0.5891461412151068,0.5891461412151068,False,4,0,50.0,50,50,a106f8305145deea538ff5aa4bd9123d392f2fd778a2c06f716522ed0136f744,1496.3742946500006,50,3.12.13,2.0.2,2.2.2,1.6.1,gpu,untruncated_shifted_linear,False
mayo,xgboost,low,1,42,10,19,9,0.6576464148877943,0.5226464148877943,0.5226464148877943,False,4,0,50.0,50,50,8465a35a34154c7c7f8b625829989cd43e2cfaa4f61b473f9af77244537b8cc9,1513.572322625001,50,3.12.13,2.0.2,2.2.2,1.6.1,gpu,untruncated_shifted_linear,False
mayo,xgboost,low,2,43,10,19,9,0.6305145046524357,0.49551450465243574,0.49551450465243574,False,4,0,49.98,49,50,85967636c2fdc6f438368534c7ec35e99d4138ea5267ec015d09b08188f5ba84,1526.8804349499987,50,3.12.13,2.0.2,2.2.2,1.6.1,gpu,untruncated_shifted_linear,False
mayo,xgboost,low,3,44,10,22,12,0.6997099069512862,0.5197099069512863,0.5197099069512863,False,4,0,50.0,50,50,c99b29a0351a634b33150073e9375389ab98f7ac6e57a2de9da83eb28d40b6cd,1524.0680471430023,50,3.12.13,2.0.2,2.2.2,1.6.1,gpu,untruncated_shifted_linear,False
mayo,xgboost,low,4,45,10,20,10,0.6494088669950739,0.4994088669950739,0.4994088669950739,False,5,0,50.0,50,50,d1e4f13e97fb81b2d3f3796cf319c32e3c7dd649d6b015f50d058a8cb3918845,1508.5010478240001,50,3.12.13,2.0.2,2.2.2,1.6.1,gpu,untruncated_shifted_linear,False
mayo,xgboost,low,5,46,10,24,14,0.6858237547892719,0.47582375478927197,0.47582375478927197,False,4,0,50.0,50,50,1f52e1444adff0a339075b05acd65e9e2477d0b9fc4e0485052291702c9fe465,1506.6921436859993,50,3.12.13,2.0.2,2.2.2,1.6.1,gpu,untruncated_shifted_linear,False
mayo,xgboost,reference,1,42,20,21,1,0.6625779967159278,0.6475779967159278,0.6475779967159278,False,2,0,50.0,50,50,7d03c00ca3abecb05f118488427e11584b482d136e1047f2b0a8f2816143b616,1517.8682188130006,50,3.12.13,2.0.2,2.2.2,1.6.1,gpu,untruncated_shifted_linear,False
mayo,xgboost,reference,2,43,20,20,0,0.6506622879036672,0.6506622879036672,0.6506622879036672,False,1,0,49.98,49,50,e04dfebd012123e791406e5a3c5e589012ae221daa4f45d8b4b5a86fd54552d6,1581.918195021001,50,3.12.13,2.0.2,2.2.2,1.6.1,gpu,untruncated_shifted_linear,False
mayo,xgboost,reference,3,44,20,22,2,0.6997099069512862,0.6697099069512862,0.6697099069512862,False,2,0,50.0,50,50,c99b29a0351a634b33150073e9375389ab98f7ac6e57a2de9da83eb28d40b6cd,1696.0674717810002,50,3.12.13,2.0.2,2.2.2,1.6.1,gpu,untruncated_shifted_linear,False
mayo,xgboost,reference,4,45,20,20,0,0.6494088669950739,0.6494088669950739,0.6494088669950739,False,2,0,50.0,50,50,d1e4f13e97fb81b2d3f3796cf319c32e3c7dd649d6b015f50d058a8cb3918845,1708.876541695,50,3.12.13,2.0.2,2.2.2,1.6.1,gpu,untruncated_shifted_linear,False
mayo,xgboost,reference,5,46,20,24,4,0.6858237547892719,0.625823754789272,0.625823754789272,False,2,0,50.0,50,50,1f52e1444adff0a339075b05acd65e9e2477d0b9fc4e0485052291702c9fe465,1685.5700667250003,50,3.12.13,2.0.2,2.2.2,1.6.1,gpu,untruncated_shifted_linear,False
mount_sinai,boruta_rf,low,1,42,13,22,9,0.692025051304135,0.557025051304135,0.557025051304135,False,6,0,50.0,50,50,7bb927174cd39fce848680a4c3ac8da2c22263bd5f816e8e6ea0115a8ed3dc93,1539.8690488409998,50,3.12.13,2.0.2,2.2.2,1.6.1,gpu,untruncated_shifted_linear,False
mount_sinai,boruta_rf,low,2,43,13,24,11,0.6908744006922577,0.5258744006922578,0.5258744006922578,False,7,0,50.0,50,50,c2571399d7d1ba01f37eb26efdb1858e8015200a8f081c44977af6f1acabe132,1546.6484129730002,50,3.12.13,2.0.2,2.2.2,1.6.1,gpu,untruncated_shifted_linear,False
mount_sinai,boruta_rf,low,3,44,13,24,11,0.7029614524044968,0.5379614524044969,0.5379614524044969,False,5,0,50.0,50,50,2c826051b7e33b8ecae830d27a0f5a7955870e4ba2233df14d0fe6a11e44dd14,1534.091200422,50,3.12.13,2.0.2,2.2.2,1.6.1,gpu,untruncated_shifted_linear,False
mount_sinai,boruta_rf,low,4,45,13,27,14,0.7049606250572789,0.4949606250572789,0.4949606250572789,False,5,0,50.0,50,50,fb12c08e0fd75cb8cbddce95b0424294f1c8e7ae7177669968db7ec1f1d4fe41,1523.8170103310003,50,3.12.13,2.0.2,2.2.2,1.6.1,gpu,untruncated_shifted_linear,False
mount_sinai,boruta_rf,low,5,46,13,25,12,0.6940463203048931,0.5140463203048931,0.5140463203048931,False,6,0,50.0,50,50,671553fed907e6c129090a54ab37beac23f09f105f1eddb97e53c71e150516dc,1515.7622768389992,50,3.12.13,2.0.2,2.2.2,1.6.1,gpu,untruncated_shifted_linear,False
mount_sinai,boruta_rf,reference,1,42,22,22,0,0.692025051304135,0.692025051304135,0.692025051304135,False,3,0,50.0,50,50,7bb927174cd39fce848680a4c3ac8da2c22263bd5f816e8e6ea0115a8ed3dc93,1509.5852380470005,50,3.12.13,2.0.2,2.2.2,1.6.1,gpu,untruncated_shifted_linear,False
mount_sinai,boruta_rf,reference,2,43,22,24,2,0.6908744006922577,0.6608744006922577,0.6608744006922577,False,3,0,50.0,50,50,c2571399d7d1ba01f37eb26efdb1858e8015200a8f081c44977af6f1acabe132,1533.4515480169994,50,3.12.13,2.0.2,2.2.2,1.6.1,gpu,untruncated_shifted_linear,False
mount_sinai,boruta_rf,reference,3,44,22,24,2,0.7029614524044968,0.6729614524044968,0.6729614524044968,False,2,0,50.0,50,50,2c826051b7e33b8ecae830d27a0f5a7955870e4ba2233df14d0fe6a11e44dd14,1546.701919916999,50,3.12.13,2.0.2,2.2.2,1.6.1,gpu,untruncated_shifted_linear,False
mount_sinai,boruta_rf,reference,4,45,22,27,5,0.7049606250572789,0.6299606250572789,0.6299606250572789,False,3,0,50.0,50,50,fb12c08e0fd75cb8cbddce95b0424294f1c8e7ae7177669968db7ec1f1d4fe41,1521.8813344970004,50,3.12.13,2.0.2,2.2.2,1.6.1,gpu,untruncated_shifted_linear,False
mount_sinai,boruta_rf,reference,5,46,22,25,3,0.6940463203048931,0.6490463203048931,0.6490463203048931,False,4,0,50.0,50,50,671553fed907e6c129090a54ab37beac23f09f105f1eddb97e53c71e150516dc,1529.9514781980015,50,3.12.13,2.0.2,2.2.2,1.6.1,gpu,untruncated_shifted_linear,False
mount_sinai,svm_l1,low,1,42,10,12,2,0.7241681287016066,0.6941681287016066,0.6941681287016066,False,0,0,49.98,49,50,9b053e7c9f29a18a36abf713b8af7b2b4e3e0face73e4f161c21976ce286dbb6,1600.9003767400009,50,3.12.13,2.0.2,2.2.2,1.6.1,gpu,untruncated_shifted_linear,False
mount_sinai,svm_l1,low,2,43,10,10,0,0.680981692537723,0.680981692537723,0.680981692537723,False,0,0,50.0,50,50,fc8625a399b4046ba0273bdbbb7a18306dd6a35aab1ded3671ef40664bae512d,1549.364080845,50,3.12.13,2.0.2,2.2.2,1.6.1,gpu,untruncated_shifted_linear,False
mount_sinai,svm_l1,low,3,44,10,10,0,0.6887649083259789,0.6887649083259789,0.6887649083259789,False,0,0,49.98,49,50,0a7435542f850634b430eb8d226303ba83a59b4c212c13409caa057b9116acb5,1537.9691421559999,50,3.12.13,2.0.2,2.2.2,1.6.1,gpu,untruncated_shifted_linear,False
mount_sinai,svm_l1,low,4,45,10,13,3,0.7042924181273092,0.6592924181273092,0.6592924181273092,False,0,0,50.0,50,50,40f80ae271c76b1fe26f14d34a1186f67c717754d10867dd1b22c0255c164fb1,1524.9255899509994,50,3.12.13,2.0.2,2.2.2,1.6.1,gpu,untruncated_shifted_linear,False
mount_sinai,svm_l1,low,5,46,10,11,1,0.6917376114374423,0.6767376114374423,0.6767376114374423,False,0,0,49.96,49,50,56464df388a54b8748ea610aa297b76c3056ebbf7ac7bff3bbe32aea95cb7d18,1527.02804079,50,3.12.13,2.0.2,2.2.2,1.6.1,gpu,untruncated_shifted_linear,False
mount_sinai,svm_l1,reference,1,42,17,17,0,0.7315147947809277,0.7315147947809277,0.7315147947809277,False,0,0,49.96,49,50,941db77b52235f3e0f64b8447be3ae80cdef609619aba75200c0c65112bfc775,1520.8472171019994,50,3.12.13,2.0.2,2.2.2,1.6.1,gpu,untruncated_shifted_linear,False
mount_sinai,svm_l1,reference,2,43,17,17,0,0.7552211381644537,0.7552211381644537,0.7552211381644537,False,0,0,50.0,50,50,bdecdc8c37bbfb9c66214fe7d9e9dc133bba2257032c2fb221eb4244311cac49,1526.4479753939995,50,3.12.13,2.0.2,2.2.2,1.6.1,gpu,untruncated_shifted_linear,False
mount_sinai,svm_l1,reference,3,44,17,17,0,0.744170710997085,0.744170710997085,0.744170710997085,False,0,0,49.98,49,50,dbcb09b4b0075258fcba1323283ebc3ffb5ed519ac3318c9f9db86bf6e321b4b,1530.6392497289999,50,3.12.13,2.0.2,2.2.2,1.6.1,gpu,untruncated_shifted_linear,False
mount_sinai,svm_l1,reference,4,45,17,17,0,0.7333629841614147,0.7333629841614147,0.7333629841614147,False,0,0,50.0,50,50,718ed7693c86ac81da86f9e8a737ff5fde953af8438d840001b089bc7d64e983,1509.532849031999,50,3.12.13,2.0.2,2.2.2,1.6.1,gpu,untruncated_shifted_linear,False
mount_sinai,svm_l1,reference,5,46,17,17,0,0.7419655217983714,0.7419655217983714,0.7419655217983714,False,0,0,49.96,49,50,9b71f021efc232b98d65e91c4b50b09032a7b4b1ff04d8be091e9c2d56ccba06,1515.8335849269988,50,3.12.13,2.0.2,2.2.2,1.6.1,gpu,untruncated_shifted_linear,False
mount_sinai,xgboost,low,1,42,10,19,9,0.6788460632905432,0.5438460632905432,0.5438460632905432,False,3,0,50.0,50,50,6de9ad52b8ebdb75d53d5542a45977b210b76e1c40c095ffae78ad6b45d978b9,1581.4782166550012,50,3.12.13,2.0.2,2.2.2,1.6.1,gpu,untruncated_shifted_linear,False
mount_sinai,xgboost,low,2,43,10,18,8,0.6349325793030537,0.5149325793030537,0.5149325793030537,False,3,0,49.98,49,50,16b2b35f5e183a1a6979d2605de3dfd53db1e28953a15a0da3b434b0fdc390dd,1572.518604942,50,3.12.13,2.0.2,2.2.2,1.6.1,gpu,untruncated_shifted_linear,False
mount_sinai,xgboost,low,3,44,10,21,11,0.6868633768222272,0.5218633768222272,0.5218633768222272,False,4,0,50.0,50,50,ca5deeaef5abfb2d8f293ff961507347546ccbe7b6826f56e011a6aa6dc21411,1562.1750337429999,50,3.12.13,2.0.2,2.2.2,1.6.1,gpu,untruncated_shifted_linear,False
mount_sinai,xgboost,low,4,45,10,24,14,0.6703048222595895,0.4603048222595896,0.4603048222595896,False,3,0,50.0,50,50,3f5f7c3d10a7c07ad87a9645d15d32b7604527cb84ee9ffdb51e27bef822245e,1580.9260904399998,50,3.12.13,2.0.2,2.2.2,1.6.1,gpu,untruncated_shifted_linear,False
mount_sinai,xgboost,low,5,46,10,10,0,0.6063882091375791,0.6063882091375791,0.6063882091375791,False,3,0,50.0,50,50,7ab6b76a701f50964da3e5ab41483d60e450ce6b8e64e61db2291eea8f33eb27,1580.572057325001,50,3.12.13,2.0.2,2.2.2,1.6.1,gpu,untruncated_shifted_linear,False
mount_sinai,xgboost,reference,1,42,19,19,0,0.6788460632905432,0.6788460632905432,0.6788460632905432,False,1,0,50.0,50,50,6de9ad52b8ebdb75d53d5542a45977b210b76e1c40c095ffae78ad6b45d978b9,1604.6682097909998,50,3.12.13,2.0.2,2.2.2,1.6.1,gpu,untruncated_shifted_linear,False
mount_sinai,xgboost,reference,2,43,19,19,0,0.6530544352950172,0.6530544352950172,0.6530544352950172,False,1,0,49.96,49,50,2c513c17644dd780190f3dc573112ea5f6d0b99d8394edbb21088ff539aee920,1587.144103343,50,3.12.13,2.0.2,2.2.2,1.6.1,gpu,untruncated_shifted_linear,False
mount_sinai,xgboost,reference,3,44,19,21,2,0.6868633768222272,0.6568633768222272,0.6568633768222272,False,1,0,50.0,50,50,ca5deeaef5abfb2d8f293ff961507347546ccbe7b6826f56e011a6aa6dc21411,1579.162047972999,50,3.12.13,2.0.2,2.2.2,1.6.1,gpu,untruncated_shifted_linear,False
mount_sinai,xgboost,reference,4,45,19,24,5,0.6703048222595895,0.5953048222595896,0.5953048222595896,False,1,0,50.0,50,50,3f5f7c3d10a7c07ad87a9645d15d32b7604527cb84ee9ffdb51e27bef822245e,1582.4781773209997,50,3.12.13,2.0.2,2.2.2,1.6.1,gpu,untruncated_shifted_linear,False
mount_sinai,xgboost,reference,5,46,19,19,0,0.688191152650625,0.688191152650625,0.688191152650625,False,1,0,50.0,50,50,2ed094ea7ad77512410ed6d2235c08372c666e153c35591b5b9a403043b5ef5f,1550.723096418,50,3.12.13,2.0.2,2.2.2,1.6.1,gpu,untruncated_shifted_linear,False
