center,branch,cap,rfecv_target,selected_run_id,selected_seed,selected_source_run_ids,selected_feature_count,selected_locking_score,selected_absolute_regret,eligible_pool_size,eligible_run_ids,selected_mean_jaccard,selected_stable_mask_hash,selected_duplicate_multiplicity,tie_break_path,duplicate_mask_policy,candidate_universe_sha256,held_out_used,selected_absolute_target_deviation,run_best_absolute_target_deviation_sum,run_best_absolute_target_deviation_mean,exact_target_runs,diagnostic_zero_legacy_run_best_count,diagnostic_all_zero_legacy_fitness_generations,actual_uniform_sampling_fallback_generations,unique_run_best_masks,condition_runtime_seconds,selected_run_raw_untruncated_objective,legacy_target_count,legacy_locked_feature_count,legacy_absolute_target_deviation,legacy_zero_run_best_fraction,legacy_all_zero_generations,legacy_uniform_sampling_fallbacks,legacy_locking_score,legacy_selected_run_id,legacy_zero_run_best_count,locking_score_difference_recommended_minus_legacy,target_deviation_change_recommended_minus_legacy
emory,boruta_rf,low,12,2,43,[2],12,0.8488077350567101,0.0,3,"[1, 2, 3]",0.194078947368421,55b09c99d532ce867da7f3bab61ad4a5835afb9f4907413767154de311d0e9a0,1,mean_jaccard > higher_locking_score > smaller_feature_count > stable_mask_hash,retain_multiplicity_as_voting_candidates,59dd6718a873770e8ce3926110175708383b1b4991af89f9703f9c71c8689da9,False,0,4,0.8,3,0,0,0,5,7983.915401771999,0.6748815149158848,12,16,4,0.0,0,0,0.8447479419565547,3,0,0.004059793100155473,-4
emory,boruta_rf,reference,25,1,42,[1],25,0.8628716536421569,0.0,3,"[1, 3, 4]",0.3006756756756756,862a55e5b4eebaf6750185cefeec292e3bdcd9acbc3af5d639008d5b4215a901,1,mean_jaccard > higher_locking_score > smaller_feature_count > stable_mask_hash,retain_multiplicity_as_voting_candidates,59dd6718a873770e8ce3926110175708383b1b4991af89f9703f9c71c8689da9,False,0,0,0.0,5,0,0,0,5,7882.855364793,0.6829366908836038,25,25,0,0.0,0,0,0.8584641872733197,1,0,0.004407466368837154,0
emory,svm_l1,low,10,5,46,[5],11,0.8501105171180928,0.0,3,"[1, 2, 5]",0.1720588235294117,1851c7ba78f20905ed91cf6baee047025e50d9606f306710d4606d41c0024147,1,mean_jaccard > higher_locking_score > smaller_feature_count > stable_mask_hash,retain_multiplicity_as_voting_candidates,39782e5314aa722f5ea0b9db1a962bd87970157ab1604a20fa1f953c71246d5c,False,1,2,0.4,3,0,0,0,5,7915.49062829,0.6884053246587928,10,12,2,0.0,0,0,0.8632976375438399,2,0,-0.0131871204257471,-1
emory,svm_l1,reference,19,5,46,[5],19,0.8608860826345524,0.0083472828176521,4,"[1, 2, 3, 5]",0.3113847837985768,bce7bc6e75587301038b728ebaa2caab341c90d564a624e4059bd387c26e896b,1,mean_jaccard > higher_locking_score > smaller_feature_count > stable_mask_hash,retain_multiplicity_as_voting_candidates,39782e5314aa722f5ea0b9db1a962bd87970157ab1604a20fa1f953c71246d5c,False,0,0,0.0,5,0,0,0,5,7793.334186317002,0.7005219984571096,19,19,0,0.0,0,0,0.8629304181159428,5,0,-0.0020443354813904913,0
emory,xgboost,low,9,1,42,[1],20,0.8234597012852847,0.0,3,"[1, 2, 3]",0.1319444444444444,6d34f8c0e5709895a45a37eb95dd0b5336d3998209b33cd1efc6aefa096a9661,1,mean_jaccard > higher_locking_score > smaller_feature_count > stable_mask_hash,retain_multiplicity_as_voting_candidates,66fd29861608f368700f7ffc2793959554b6607c59513f71226fcb5e22f7f8d7,False,11,54,10.8,0,0,29,0,5,7988.684787062003,0.4343048021312132,9,22,13,0.0,55,55,0.8193700973799736,5,0,0.004089603905311101,-2
emory,xgboost,reference,17,1,42,[1],20,0.8234597012852847,0.0,3,"[1, 2, 3]",0.1475694444444444,6d34f8c0e5709895a45a37eb95dd0b5336d3998209b33cd1efc6aefa096a9661,1,mean_jaccard > higher_locking_score > smaller_feature_count > stable_mask_hash,retain_multiplicity_as_voting_candidates,66fd29861608f368700f7ffc2793959554b6607c59513f71226fcb5e22f7f8d7,False,3,15,3.0,1,0,15,0,5,8226.77457301,0.5543048021312131,17,20,3,0.0,23,23,0.8206914964893934,1,0,0.002768204795891238,0
mayo,boruta_rf,low,13,1,42,[1],13,0.869409091515904,0.0,2,"[1, 5]",0.1153846153846153,4fe26e1d5771d7a0e588e1a130396b56c5b2645b0a3e300baa45a7f0b8430c21,1,mean_jaccard > higher_locking_score > smaller_feature_count > stable_mask_hash,retain_multiplicity_as_voting_candidates,86418699b3c59b0d1cb3329102078d3ff1f2d99f7cb33fb746ee506b9e7b3c3e,False,0,7,1.4,1,0,5,0,5,8085.863814426997,0.7149644225506295,13,22,9,0.0,5,5,0.8705392680863664,3,0,-0.0011301765704624378,-9
mayo,boruta_rf,reference,24,5,46,[5],24,0.8766628884968876,0.0020035105652221,5,"[1, 2, 3, 4, 5]",0.2406530122993537,c9bbd97a6ff759d49bff570cc87f0f63c4c1b711ce858309da373a5d981f7d4f,1,mean_jaccard > higher_locking_score > smaller_feature_count > stable_mask_hash,retain_multiplicity_as_voting_candidates,86418699b3c59b0d1cb3329102078d3ff1f2d99f7cb33fb746ee506b9e7b3c3e,False,0,1,0.2,4,0,0,0,5,7809.840346878998,0.7251943076081007,24,24,0,0.0,0,0,0.8824375665218811,2,0,-0.00577467802499354,0
mayo,svm_l1,low,10,3,44,[3],28,0.8803010945693872,0.0,3,"[1, 3, 5]",0.1684397163120567,fd4893ae6ed69ce5ab400acc93662a816b2ad5a941a97395587299f839839417,1,mean_jaccard > higher_locking_score > smaller_feature_count > stable_mask_hash,retain_multiplicity_as_voting_candidates,2d206be0982294d53a592a1d57c44754aa20cbe4dad7dbc954ea004810124bc8,False,18,83,16.6,0,0,37,0,5,7609.837302248001,0.43709359605911324,10,26,16,0.0,55,55,0.8803417953413748,5,0,-4.070077198758959e-05,2
mayo,svm_l1,reference,20,3,44,[3],28,0.8803010945693872,0.0,3,"[1, 3, 5]",0.1684397163120567,fd4893ae6ed69ce5ab400acc93662a816b2ad5a941a97395587299f839839417,1,mean_jaccard > higher_locking_score > smaller_feature_count > stable_mask_hash,retain_multiplicity_as_voting_candidates,2d206be0982294d53a592a1d57c44754aa20cbe4dad7dbc954ea004810124bc8,False,8,33,6.6,0,0,19,0,5,7506.279966713,0.5870935960591133,20,23,3,0.0,24,24,0.8800283298259538,5,0,0.00027276474343340684,5
mayo,xgboost,low,10,3,44,[3],22,0.8507659468953624,0.0,2,"[3, 5]",0.1794871794871795,c99b29a0351a634b33150073e9375389ab98f7ac6e57a2de9da83eb28d40b6cd,1,mean_jaccard > higher_locking_score > smaller_feature_count > stable_mask_hash,retain_multiplicity_as_voting_candidates,f1c94ee73d1bb7bb8f9686246e885910e79d6e3fd49d5050adc4db76f7df29fd,False,12,54,10.8,0,0,21,0,5,7579.713996228002,0.5197099069512863,10,22,12,0.0,37,37,0.8620790509019063,2,0,-0.01131310400654384,0
mayo,xgboost,reference,20,3,44,[3],22,0.8507659468953624,0.0,2,"[3, 5]",0.1794871794871795,c99b29a0351a634b33150073e9375389ab98f7ac6e57a2de9da83eb28d40b6cd,1,mean_jaccard > higher_locking_score > smaller_feature_count > stable_mask_hash,retain_multiplicity_as_voting_candidates,f1c94ee73d1bb7bb8f9686246e885910e79d6e3fd49d5050adc4db76f7df29fd,False,2,7,1.4,2,0,9,0,5,8190.300494035003,0.6697099069512862,20,20,0,0.0,11,11,0.8268715220509796,3,0,0.023894424844382867,2
mount_sinai,boruta_rf,low,13,3,44,[3],24,0.8803842122311307,0.0059693307771058,3,"[2, 3, 4]",0.1785714285714285,2c826051b7e33b8ecae830d27a0f5a7955870e4ba2233df14d0fe6a11e44dd14,1,mean_jaccard > higher_locking_score > smaller_feature_count > stable_mask_hash,retain_multiplicity_as_voting_candidates,1feb240b01a2548068cce32753fdc2fceed1cb5011f50aa74b980d3917e77393,False,11,57,11.4,0,0,29,0,5,7660.1879494059995,0.5379614524044969,13,32,19,0.0,39,39,0.8855579077607757,5,0,-0.005173695529644973,-8
mount_sinai,boruta_rf,reference,22,3,44,[3],24,0.8803842122311307,0.0059693307771058,3,"[2, 3, 4]",0.1785714285714285,2c826051b7e33b8ecae830d27a0f5a7955870e4ba2233df14d0fe6a11e44dd14,1,mean_jaccard > higher_locking_score > smaller_feature_count > stable_mask_hash,retain_multiplicity_as_voting_candidates,1feb240b01a2548068cce32753fdc2fceed1cb5011f50aa74b980d3917e77393,False,2,12,2.4,1,0,15,0,5,7641.571518676001,0.6729614524044968,22,29,7,0.0,25,25,0.8821187782585487,3,0,-0.0017345660274179497,-5
mount_sinai,svm_l1,low,10,1,42,[1],12,0.8796456339837061,0.0,3,"[1, 2, 4]",0.3125,9b053e7c9f29a18a36abf713b8af7b2b4e3e0face73e4f161c21976ce286dbb6,1,mean_jaccard > higher_locking_score > smaller_feature_count > stable_mask_hash,retain_multiplicity_as_voting_candidates,fc7c138f9aaafa274e8dbcec79eb69741bc332f77ba7934c034013ee5fb0fe6d,False,2,6,1.2,2,0,0,0,5,7740.187230482,0.6941681287016066,10,13,3,0.0,0,0,0.876047227222154,5,0,0.0035984067615520976,-1
mount_sinai,svm_l1,reference,17,5,46,[5],17,0.8920246270544959,0.003702196570253,5,"[1, 2, 3, 4, 5]",0.2732010582010582,9b71f021efc232b98d65e91c4b50b09032a7b4b1ff04d8be091e9c2d56ccba06,1,mean_jaccard > higher_locking_score > smaller_feature_count > stable_mask_hash,retain_multiplicity_as_voting_candidates,fc7c138f9aaafa274e8dbcec79eb69741bc332f77ba7934c034013ee5fb0fe6d,False,0,0,0.0,5,0,0,0,5,7603.3008761839965,0.7419655217983714,17,19,2,0.0,0,0,0.886180676661412,5,0,0.005843950393083941,-2
mount_sinai,xgboost,low,10,4,45,[4],24,0.8722208719829501,0.0,2,"[3, 4]",0.125,3f5f7c3d10a7c07ad87a9645d15d32b7604527cb84ee9ffdb51e27bef822245e,1,mean_jaccard > higher_locking_score > smaller_feature_count > stable_mask_hash,retain_multiplicity_as_voting_candidates,f6c4212a8f0af437bc19f52b48204284ffc83ae1cbd1b9602302f14601ae9a6c,False,14,42,8.4,1,0,16,0,5,7877.670003105001,0.4603048222595896,10,20,10,0.0,31,31,0.8613106698269872,2,0,0.010910202155962834,4
mount_sinai,xgboost,reference,19,4,45,[4],24,0.8722208719829501,0.0,2,"[3, 4]",0.125,3f5f7c3d10a7c07ad87a9645d15d32b7604527cb84ee9ffdb51e27bef822245e,1,mean_jaccard > higher_locking_score > smaller_feature_count > stable_mask_hash,retain_multiplicity_as_voting_candidates,f6c4212a8f0af437bc19f52b48204284ffc83ae1cbd1b9602302f14601ae9a6c,False,5,7,1.4,3,0,5,0,5,7904.1756348459985,0.5953048222595896,19,22,3,0.0,6,6,0.8614270087849387,5,0,0.010793863198011344,2
