relative_path,category,scope,bytes,sha256
analysis/ampad_updated_one_time_heldout_20260808/__pycache__/run_one_time_heldout.cpython-312.pyc,AMP-AD post-freeze and Rush recovery,private analysis; aggregate subset copied publicly,28057,f6c214be0cd65038883af114ffde6bb70af59d7fd392c393363040d5dfdb7624
analysis/ampad_updated_one_time_heldout_20260808/condition_metrics.csv,AMP-AD post-freeze and Rush recovery,private analysis; aggregate subset copied publicly,10325,bd942ba891dc89a46a78387f00222f3a3ee47a4d4d12f948ddf1e9afbea7a358
analysis/ampad_updated_one_time_heldout_20260808/frozen_24_condition_inventory.csv,AMP-AD post-freeze and Rush recovery,private analysis; aggregate subset copied publicly,22687,061f475ed90bdc36e55c7a56a64003ae23a5998d0af350ede89be46cd76889d3
analysis/ampad_updated_one_time_heldout_20260808/heldout_protocol.json,AMP-AD post-freeze and Rush recovery,private analysis; aggregate subset copied publicly,3766,7bc7b27e00f7337654b6f81c1448a831ce3979129e68d14666389445d3ec93b5
analysis/ampad_updated_one_time_heldout_20260808/ONE_TIME_EVALUATION_COMPLETE.json,AMP-AD post-freeze and Rush recovery,private analysis; aggregate subset copied publicly,3616,fa3258b00d7fafd0c1491af40cf0b85125889deebfc2e60147faa45f6d7e20a3
analysis/ampad_updated_one_time_heldout_20260808/outputs/emory__boruta_rf__low__updated_locked_predictions.csv,AMP-AD post-freeze and Rush recovery,private analysis; aggregate subset copied publicly,5570,26c229a559c0aaf7a535a4858b5772431b6008564d4bf0ee69566a1b5348789f
analysis/ampad_updated_one_time_heldout_20260808/outputs/emory__boruta_rf__reference__updated_locked_predictions.csv,AMP-AD post-freeze and Rush recovery,private analysis; aggregate subset copied publicly,5538,49f6c0ad4594dea9d85486afa0db443f1f6f1e5417c96b8d510502566621519e
analysis/ampad_updated_one_time_heldout_20260808/outputs/emory__svm_l1__low__updated_locked_predictions.csv,AMP-AD post-freeze and Rush recovery,private analysis; aggregate subset copied publicly,5525,b78c1649cfacdffd2d89b36e8c4a22214718381d12bc005cdd0403e65fc5be94
analysis/ampad_updated_one_time_heldout_20260808/outputs/emory__svm_l1__reference__updated_locked_predictions.csv,AMP-AD post-freeze and Rush recovery,private analysis; aggregate subset copied publicly,5606,6a99c29888446bf26e49441d723ca88f3220a578b6e021300b9a4a0a70122cd2
analysis/ampad_updated_one_time_heldout_20260808/outputs/emory__xgboost__low__updated_locked_predictions.csv,AMP-AD post-freeze and Rush recovery,private analysis; aggregate subset copied publicly,5553,66884f6f03f5a6042f85e1ed0c25205905b0ed5a07e191ed7fbf83d462a9c20f
analysis/ampad_updated_one_time_heldout_20260808/outputs/emory__xgboost__reference__updated_locked_predictions.csv,AMP-AD post-freeze and Rush recovery,private analysis; aggregate subset copied publicly,5553,66884f6f03f5a6042f85e1ed0c25205905b0ed5a07e191ed7fbf83d462a9c20f
analysis/ampad_updated_one_time_heldout_20260808/outputs/mayo__boruta_rf__low__updated_locked_predictions.csv,AMP-AD post-freeze and Rush recovery,private analysis; aggregate subset copied publicly,14878,10e8435e99002593668d2470ddd438eb97661410ea4c8a6386a1c7b1e57e8f7f
analysis/ampad_updated_one_time_heldout_20260808/outputs/mayo__boruta_rf__reference__updated_locked_predictions.csv,AMP-AD post-freeze and Rush recovery,private analysis; aggregate subset copied publicly,14895,f63d80db1c3a49a52c32750df6e173cb8db2aa0441dbb8629ab8ac804e911b41
analysis/ampad_updated_one_time_heldout_20260808/outputs/mayo__svm_l1__low__updated_locked_predictions.csv,AMP-AD post-freeze and Rush recovery,private analysis; aggregate subset copied publicly,14850,d4731780307682c2b69001400fc6a00bef2ba80cc73d78811a8160b0c3ef3581
analysis/ampad_updated_one_time_heldout_20260808/outputs/mayo__svm_l1__reference__updated_locked_predictions.csv,AMP-AD post-freeze and Rush recovery,private analysis; aggregate subset copied publicly,14850,d4731780307682c2b69001400fc6a00bef2ba80cc73d78811a8160b0c3ef3581
analysis/ampad_updated_one_time_heldout_20260808/outputs/mayo__xgboost__low__updated_locked_predictions.csv,AMP-AD post-freeze and Rush recovery,private analysis; aggregate subset copied publicly,14917,07ce58b07e88ab409382800499d976b4870f7ecec0671eb0a30610df9c520523
analysis/ampad_updated_one_time_heldout_20260808/outputs/mayo__xgboost__reference__updated_locked_predictions.csv,AMP-AD post-freeze and Rush recovery,private analysis; aggregate subset copied publicly,14917,07ce58b07e88ab409382800499d976b4870f7ecec0671eb0a30610df9c520523
analysis/ampad_updated_one_time_heldout_20260808/outputs/mount_sinai__boruta_rf__low__updated_locked_predictions.csv,AMP-AD post-freeze and Rush recovery,private analysis; aggregate subset copied publicly,3579,cd289f19539fb6fe5ca2e44b373eed2fbc3b1c70417184fb7a02c7fbe7249ba4
analysis/ampad_updated_one_time_heldout_20260808/outputs/mount_sinai__boruta_rf__reference__updated_locked_predictions.csv,AMP-AD post-freeze and Rush recovery,private analysis; aggregate subset copied publicly,3579,cd289f19539fb6fe5ca2e44b373eed2fbc3b1c70417184fb7a02c7fbe7249ba4
analysis/ampad_updated_one_time_heldout_20260808/outputs/mount_sinai__svm_l1__low__updated_locked_predictions.csv,AMP-AD post-freeze and Rush recovery,private analysis; aggregate subset copied publicly,3664,3e73b2ec731b3f2e3f6f060d9bf72aa4d02e33f53bb0928de07f55a234d082b2
analysis/ampad_updated_one_time_heldout_20260808/outputs/mount_sinai__svm_l1__reference__updated_locked_predictions.csv,AMP-AD post-freeze and Rush recovery,private analysis; aggregate subset copied publicly,3618,9fd6f5d70ba150181465347fd2cddcd18aa885e11ecccbb11cda18fcced7c62f
analysis/ampad_updated_one_time_heldout_20260808/outputs/mount_sinai__xgboost__low__updated_locked_predictions.csv,AMP-AD post-freeze and Rush recovery,private analysis; aggregate subset copied publicly,3613,0475960eb91202a74658dcaa0fb2b91269a4c516b0464c9caae54ea9bf007aa6
analysis/ampad_updated_one_time_heldout_20260808/outputs/mount_sinai__xgboost__reference__updated_locked_predictions.csv,AMP-AD post-freeze and Rush recovery,private analysis; aggregate subset copied publicly,3613,0475960eb91202a74658dcaa0fb2b91269a4c516b0464c9caae54ea9bf007aa6
analysis/ampad_updated_one_time_heldout_20260808/outputs/rush__boruta_rf__low__updated_locked_predictions.csv,AMP-AD post-freeze and Rush recovery,private analysis; aggregate subset copied publicly,12796,6f96839b215e89ee142b267d24a5c7c6584bf7ec829de457126811fec6461ce1
analysis/ampad_updated_one_time_heldout_20260808/outputs/rush__boruta_rf__reference__updated_locked_predictions.csv,AMP-AD post-freeze and Rush recovery,private analysis; aggregate subset copied publicly,12672,18a0d07b3aada123690772ad8f28c0708595ba6187d63d18365e4514e0dfc097
analysis/ampad_updated_one_time_heldout_20260808/outputs/rush__svm_l1__low__updated_locked_predictions.csv,AMP-AD post-freeze and Rush recovery,private analysis; aggregate subset copied publicly,12748,d2d35485df1802cabf97119f9001b68234ef0f0b6fded5d9e3fa8ef14f746765
analysis/ampad_updated_one_time_heldout_20260808/outputs/rush__svm_l1__reference__updated_locked_predictions.csv,AMP-AD post-freeze and Rush recovery,private analysis; aggregate subset copied publicly,12826,485d53ff58292ce2603e237b8f0f7d764972a2a9d74e200c1815e4e2f204b665
analysis/ampad_updated_one_time_heldout_20260808/outputs/rush__xgboost__low__updated_locked_predictions.csv,AMP-AD post-freeze and Rush recovery,private analysis; aggregate subset copied publicly,12695,775bc0a86036c86f31cb799809b42fd04b01dcff27d82a16ba40331a56050bb9
analysis/ampad_updated_one_time_heldout_20260808/outputs/rush__xgboost__reference__updated_locked_predictions.csv,AMP-AD post-freeze and Rush recovery,private analysis; aggregate subset copied publicly,12848,b6f8c9080232ead8c21cc8ee2727e99a27e31b5a24da2c47fac606f7d4ee828e
analysis/ampad_updated_one_time_heldout_20260808/paired_condition_contrasts.csv,AMP-AD post-freeze and Rush recovery,private analysis; aggregate subset copied publicly,8456,1bd326a9da80b03d8ff3aa7a5ec172d37bc0d9f35d249a9d80c41368acd06911
analysis/ampad_updated_one_time_heldout_20260808/PROTOCOL_LOCKED.sha256,AMP-AD post-freeze and Rush recovery,private analysis; aggregate subset copied publicly,89,b3d9870412d3d4805a3a2eae71b3ca73b46c417bc89bb19d98458fc43ca5cdb4
analysis/ampad_updated_one_time_heldout_20260808/README.md,AMP-AD post-freeze and Rush recovery,private analysis; aggregate subset copied publicly,642,646cbfcf07ef0c426cb43e7796ca7a2050260e071705082e8f27e33449c8892c
analysis/ampad_updated_one_time_heldout_20260808/run_one_time_heldout.py,AMP-AD post-freeze and Rush recovery,private analysis; aggregate subset copied publicly,21680,77d70f08e4bcc45f6395cb2d90d8ce97cfbf77491fafcb20922a2d4ee8339a20
analysis/ampad_updated_one_time_heldout_20260808/Rush_reconstructed_source_results_20260808.zip,AMP-AD post-freeze and Rush recovery,private analysis; aggregate subset copied publicly,32252,0ff0f1ed7fec40c8232eb96ed22abb1fd21e8ac5397e24ae71a51128aa19132f
analysis/ampad_updated_one_time_heldout_20260808/rush_recovery/all_run_features/boruta_rf_low_seed42.csv,AMP-AD post-freeze and Rush recovery,private analysis; aggregate subset copied publicly,311,c21a0910a0f81898d809a206cd399245ab5a23182fb210babd195f0dd129e16b
analysis/ampad_updated_one_time_heldout_20260808/rush_recovery/all_run_features/boruta_rf_low_seed43.csv,AMP-AD post-freeze and Rush recovery,private analysis; aggregate subset copied publicly,334,179d82cb933c808c1a7fc5d63a8eba03172a58938633b41c3541cf1403388b5e
analysis/ampad_updated_one_time_heldout_20260808/rush_recovery/all_run_features/boruta_rf_low_seed44.csv,AMP-AD post-freeze and Rush recovery,private analysis; aggregate subset copied publicly,309,7d38c04cb900a0852a700ddd78ca8f4ae8e3ec66fdd9464121c5b589f1c478f1
analysis/ampad_updated_one_time_heldout_20260808/rush_recovery/all_run_features/boruta_rf_low_seed45.csv,AMP-AD post-freeze and Rush recovery,private analysis; aggregate subset copied publicly,318,2c415bb108a20c008dc273b78bd075a059c39b7ec1f9ffd52d0de6f0e7ac4c25
analysis/ampad_updated_one_time_heldout_20260808/rush_recovery/all_run_features/boruta_rf_low_seed46.csv,AMP-AD post-freeze and Rush recovery,private analysis; aggregate subset copied publicly,310,730030c59573435334b38ebbaa942464bc40e47a51106904970da80a7b032882
analysis/ampad_updated_one_time_heldout_20260808/rush_recovery/all_run_features/boruta_rf_reference_seed42.csv,AMP-AD post-freeze and Rush recovery,private analysis; aggregate subset copied publicly,558,1eba5afaa274789d8495f9e030290b893d2a1417b4c8b17261620054e44d0000
analysis/ampad_updated_one_time_heldout_20260808/rush_recovery/all_run_features/boruta_rf_reference_seed43.csv,AMP-AD post-freeze and Rush recovery,private analysis; aggregate subset copied publicly,575,940e96ce4bf94a1bb2058b639e0491bed3a57377e3cc81144605d6ab3c01c381
analysis/ampad_updated_one_time_heldout_20260808/rush_recovery/all_run_features/boruta_rf_reference_seed44.csv,AMP-AD post-freeze and Rush recovery,private analysis; aggregate subset copied publicly,580,03ed8455a7b50cf7d365a9f55dfcbf5bcd28d0017655727b7b60eefa3f9955ed
analysis/ampad_updated_one_time_heldout_20260808/rush_recovery/all_run_features/boruta_rf_reference_seed45.csv,AMP-AD post-freeze and Rush recovery,private analysis; aggregate subset copied publicly,551,62960eae6495fae70b555864a183c5c2f92f08bcbaa1d4a331e0ec920a74745b
analysis/ampad_updated_one_time_heldout_20260808/rush_recovery/all_run_features/boruta_rf_reference_seed46.csv,AMP-AD post-freeze and Rush recovery,private analysis; aggregate subset copied publicly,598,69dbce4162f76cddc0202924b3f3a784f6cec4bdbe14a3d029030a189c01998a
analysis/ampad_updated_one_time_heldout_20260808/rush_recovery/all_run_features/svm_l1_low_seed42.csv,AMP-AD post-freeze and Rush recovery,private analysis; aggregate subset copied publicly,641,91ca3e76ba8a51755aa4b79a088ae60368ea6a6eacc17e7f55ea1d889da988c5
analysis/ampad_updated_one_time_heldout_20260808/rush_recovery/all_run_features/svm_l1_low_seed43.csv,AMP-AD post-freeze and Rush recovery,private analysis; aggregate subset copied publicly,653,be22f6afe77b5d03968f2e4719c9001a560b800c3e7bf9be74a62c61917f3a00
analysis/ampad_updated_one_time_heldout_20260808/rush_recovery/all_run_features/svm_l1_low_seed44.csv,AMP-AD post-freeze and Rush recovery,private analysis; aggregate subset copied publicly,534,1846d33f77b47ec262365055764e1ead9cec8db49e97bab61c7eb1e025f794aa
analysis/ampad_updated_one_time_heldout_20260808/rush_recovery/all_run_features/svm_l1_low_seed45.csv,AMP-AD post-freeze and Rush recovery,private analysis; aggregate subset copied publicly,635,c5ab3fe906e8169157d56262c8f1808da0f56c3b5ab037c9527d478d1fda81e7
analysis/ampad_updated_one_time_heldout_20260808/rush_recovery/all_run_features/svm_l1_low_seed46.csv,AMP-AD post-freeze and Rush recovery,private analysis; aggregate subset copied publicly,550,ef9d1b3daa7b7468057c40b877a20a980033d5ab818369c50723bcfd80bfe98a
analysis/ampad_updated_one_time_heldout_20260808/rush_recovery/all_run_features/svm_l1_reference_seed42.csv,AMP-AD post-freeze and Rush recovery,private analysis; aggregate subset copied publicly,641,91ca3e76ba8a51755aa4b79a088ae60368ea6a6eacc17e7f55ea1d889da988c5
analysis/ampad_updated_one_time_heldout_20260808/rush_recovery/all_run_features/svm_l1_reference_seed43.csv,AMP-AD post-freeze and Rush recovery,private analysis; aggregate subset copied publicly,653,be22f6afe77b5d03968f2e4719c9001a560b800c3e7bf9be74a62c61917f3a00
analysis/ampad_updated_one_time_heldout_20260808/rush_recovery/all_run_features/svm_l1_reference_seed44.csv,AMP-AD post-freeze and Rush recovery,private analysis; aggregate subset copied publicly,534,1846d33f77b47ec262365055764e1ead9cec8db49e97bab61c7eb1e025f794aa
analysis/ampad_updated_one_time_heldout_20260808/rush_recovery/all_run_features/svm_l1_reference_seed45.csv,AMP-AD post-freeze and Rush recovery,private analysis; aggregate subset copied publicly,635,c5ab3fe906e8169157d56262c8f1808da0f56c3b5ab037c9527d478d1fda81e7
analysis/ampad_updated_one_time_heldout_20260808/rush_recovery/all_run_features/svm_l1_reference_seed46.csv,AMP-AD post-freeze and Rush recovery,private analysis; aggregate subset copied publicly,540,8ba92268f7933ec1204449f2b9c4ff6be55eae0cb016c3203817f6ef63d05860
analysis/ampad_updated_one_time_heldout_20260808/rush_recovery/all_run_features/xgboost_low_seed42.csv,AMP-AD post-freeze and Rush recovery,private analysis; aggregate subset copied publicly,466,31b44bc48a4976d9bcd0394ef4a897df02e72406e2740816c6e4b733250c3886
analysis/ampad_updated_one_time_heldout_20260808/rush_recovery/all_run_features/xgboost_low_seed43.csv,AMP-AD post-freeze and Rush recovery,private analysis; aggregate subset copied publicly,507,230ee9ba8fea466d363581901a25153ed33a553d0077a9978519361ed423e9ff
analysis/ampad_updated_one_time_heldout_20260808/rush_recovery/all_run_features/xgboost_low_seed44.csv,AMP-AD post-freeze and Rush recovery,private analysis; aggregate subset copied publicly,452,c17f3a2d3463ff4713be660cb6b4045db202555ac2782db5cb2c4dde57a26589
analysis/ampad_updated_one_time_heldout_20260808/rush_recovery/all_run_features/xgboost_low_seed45.csv,AMP-AD post-freeze and Rush recovery,private analysis; aggregate subset copied publicly,514,f3473113b2d095201c08038460a83414bac5619ab1826df8a9f627b4be5ed110
analysis/ampad_updated_one_time_heldout_20260808/rush_recovery/all_run_features/xgboost_low_seed46.csv,AMP-AD post-freeze and Rush recovery,private analysis; aggregate subset copied publicly,579,2679a3ee055f1af9de948bf7b7ab44ce46e789fa2c17ddbb4ef81d9155b2defd
analysis/ampad_updated_one_time_heldout_20260808/rush_recovery/all_run_features/xgboost_reference_seed42.csv,AMP-AD post-freeze and Rush recovery,private analysis; aggregate subset copied publicly,495,24b7fc78565f2eba07b2fce128f4737800572720742450d975cd698fe424b41e
analysis/ampad_updated_one_time_heldout_20260808/rush_recovery/all_run_features/xgboost_reference_seed43.csv,AMP-AD post-freeze and Rush recovery,private analysis; aggregate subset copied publicly,507,230ee9ba8fea466d363581901a25153ed33a553d0077a9978519361ed423e9ff
analysis/ampad_updated_one_time_heldout_20260808/rush_recovery/all_run_features/xgboost_reference_seed44.csv,AMP-AD post-freeze and Rush recovery,private analysis; aggregate subset copied publicly,532,6fbb7012871da0ce818486860b25915f347d47d894e6c4cb9c658799ac86ee98
analysis/ampad_updated_one_time_heldout_20260808/rush_recovery/all_run_features/xgboost_reference_seed45.csv,AMP-AD post-freeze and Rush recovery,private analysis; aggregate subset copied publicly,514,f3473113b2d095201c08038460a83414bac5619ab1826df8a9f627b4be5ed110
analysis/ampad_updated_one_time_heldout_20260808/rush_recovery/all_run_features/xgboost_reference_seed46.csv,AMP-AD post-freeze and Rush recovery,private analysis; aggregate subset copied publicly,579,2679a3ee055f1af9de948bf7b7ab44ce46e789fa2c17ddbb4ef81d9155b2defd
analysis/ampad_updated_one_time_heldout_20260808/rush_recovery/all_run_features_manifest.csv,AMP-AD post-freeze and Rush recovery,private analysis; aggregate subset copied publicly,5051,f6f9ce2791916426fa8642441f6564434e02b307b2e3d4cc8a073f84be9c7da4
analysis/ampad_updated_one_time_heldout_20260808/rush_recovery/boruta_rf_low_seed42.csv,AMP-AD post-freeze and Rush recovery,private analysis; aggregate subset copied publicly,310,58ebcc904d6679fb557712fda24f1331243e1951e451f31cc415227b66ff55aa
analysis/ampad_updated_one_time_heldout_20260808/rush_recovery/boruta_rf_reference_seed43.csv,AMP-AD post-freeze and Rush recovery,private analysis; aggregate subset copied publicly,574,e5e2bf95425f210219222e6a3bfe29a3d3d1607884d24f57d33308e6d1ecbafd
analysis/ampad_updated_one_time_heldout_20260808/rush_recovery/recommended_locking_summary.csv,AMP-AD post-freeze and Rush recovery,private analysis; aggregate subset copied publicly,7470,e706cef4a914ae630b90658b96edb44ab57fd4c15c2ee48006b18048111f1e3b
analysis/ampad_updated_one_time_heldout_20260808/rush_recovery/recommended_run_level.csv,AMP-AD post-freeze and Rush recovery,private analysis; aggregate subset copied publicly,22155,e7d88da43b5ea9eb9bf9df3abe6bb7adf52f4637d6cb314d675803fbcd19a992
analysis/ampad_updated_one_time_heldout_20260808/rush_recovery/recovered_bank_verification.csv,AMP-AD post-freeze and Rush recovery,private analysis; aggregate subset copied publicly,1443,dbdd6af19071ccf67d770b967a8557d8f9fb332933b991891f54e0b47ee10c88
analysis/ampad_updated_one_time_heldout_20260808/rush_recovery/recovered_candidate_audit.csv,AMP-AD post-freeze and Rush recovery,private analysis; aggregate subset copied publicly,36932,7c49fc990965716797aae0e795cec8fb05e27e2b9d2eab9a65d0d3aa4f837269
analysis/ampad_updated_one_time_heldout_20260808/rush_recovery/RECOVERY_PROVENANCE.md,AMP-AD post-freeze and Rush recovery,private analysis; aggregate subset copied publicly,686,33a1d2ace7e1f2173599b828af8b3459de6b5c3e10869b407436ed7c61e7b309
analysis/ampad_updated_one_time_heldout_20260808/rush_recovery/RECOVERY_VERIFICATION.json,AMP-AD post-freeze and Rush recovery,private analysis; aggregate subset copied publicly,410,3c6b56bce4e44de4b678fad2ab1c92de13d71df2f9b0d69ac75429d38706e3e3
analysis/ampad_updated_one_time_heldout_20260808/rush_recovery/rush_selected_sources.csv,AMP-AD post-freeze and Rush recovery,private analysis; aggregate subset copied publicly,601,73c735767d2a1ec4912b4b27fc12acd6a4390524a4bc1a1b0df90628c0609449
analysis/ampad_updated_one_time_heldout_20260808/rush_recovery/svm_l1_low_seed45.csv,AMP-AD post-freeze and Rush recovery,private analysis; aggregate subset copied publicly,634,5a55b95166831d3890f0596766c3e405618e54f5e691e6d5ad9085eeaa27ea9d
analysis/ampad_updated_one_time_heldout_20260808/rush_recovery/svm_l1_reference_seed46.csv,AMP-AD post-freeze and Rush recovery,private analysis; aggregate subset copied publicly,578,8bb45833c623b9971feded85dff1c8522d953958564c690e97af58e8933010dc
analysis/ampad_updated_one_time_heldout_20260808/rush_recovery/verify_recovered_banks.py,AMP-AD post-freeze and Rush recovery,private analysis; aggregate subset copied publicly,4589,09bc12a3f8458ebfcac5c20a1ec7c870002c688a5bd094193b50b0423058e06b
analysis/ampad_updated_one_time_heldout_20260808/rush_recovery/xgboost_low_seed45.csv,AMP-AD post-freeze and Rush recovery,private analysis; aggregate subset copied publicly,513,e7f0bf0a404dd1daced5dbc771bec3357b409493ac137a314f0e51f5d576271d
analysis/ampad_updated_one_time_heldout_20260808/rush_recovery/xgboost_reference_seed44.csv,AMP-AD post-freeze and Rush recovery,private analysis; aggregate subset copied publicly,531,d274d95a134262f7f04b31adab8e4aae2a273d0f5a05f65e66b7bd10ea017dc5
analysis/cgga_coherent_benchmark_20260808/__pycache__/build_benchmark.cpython-312.pyc,CGGA coherent benchmark,private analysis; aggregate subset copied publicly,18901,23b7626edf6eb8ead6429850676d24b0429332ac6aab537ee72309c71a89df13
analysis/cgga_coherent_benchmark_20260808/build_benchmark.py,CGGA coherent benchmark,private analysis; aggregate subset copied publicly,16346,950e46c400da566325a89b40b502cad09def600c57d92ae6c6daadf759db1d82
analysis/cgga_coherent_benchmark_20260808/outputs/benchmark_feature_sets.csv,CGGA coherent benchmark,private analysis; aggregate subset copied publicly,8947,ba36b5f6bf418367358a8d1787307d2fff48c52c9a175e8eab08e2b3a3b7f5a1
analysis/cgga_coherent_benchmark_20260808/outputs/benchmark_intervals.csv,CGGA coherent benchmark,private analysis; aggregate subset copied publicly,6874,c21a0aee1623c855e1868eae1b342407bb26672f1b674a5b294de1d5f0da96c4
analysis/cgga_coherent_benchmark_20260808/outputs/benchmark_metrics.csv,CGGA coherent benchmark,private analysis; aggregate subset copied publicly,2785,58f576f848fc5698bf0afce882cba200743adb5920c1a3136454a429837199de
analysis/cgga_coherent_benchmark_20260808/outputs/benchmark_predictions.csv,CGGA coherent benchmark,private analysis; aggregate subset copied publicly,86632,a3097a0c743db9c2e291d4a5e27c33bb2fb141690eb383ad7d8107b3382fee0b
analysis/cgga_coherent_benchmark_20260808/outputs/manifest.json,CGGA coherent benchmark,private analysis; aggregate subset copied publicly,1346,a48f37540b62150b5651cee85ed3d36a9ed98c01d35467648f7eafc1f1f35f0d
analysis/cgga_coherent_benchmark_20260808/outputs/paired_regret_medoid_contrasts.csv,CGGA coherent benchmark,private analysis; aggregate subset copied publicly,5835,c31e95b9ed96f2a77cbfe7f70e6d28b2421b5ecd8f1d0933db12536b500fdb3c
analysis/cgga_coherent_benchmark_20260808/outputs/regret_lock_candidate_audit.csv,CGGA coherent benchmark,private analysis; aggregate subset copied publicly,12532,28fbe21ea18668bf0617004856dccaf499183675cd98e345f1e32442f7f63374
analysis/cgga_coherent_benchmark_20260808/outputs/regret_lock_metadata.json,CGGA coherent benchmark,private analysis; aggregate subset copied publicly,6754,888a87b2e48d8f3b28bba6e3bc3c0908a833bebed9d853cb233a386a6235b79c
analysis/cgga_coherent_benchmark_20260808/README.md,CGGA coherent benchmark,private analysis; aggregate subset copied publicly,655,97206dba480bc31fb23df4e1d5c36912b526761995219d8e7f9167f9ad686af2
analysis/cgga_nested_relock_20260808/__pycache__/relock_saved_banks.cpython-312.pyc,CGGA saved nested-bank re-lock,private analysis; aggregate subset copied publicly,15874,1a626f6e6d1c6ad0b19a8c10a71f228a31fe031f0ce51ae5bc779704c639645e
analysis/cgga_nested_relock_20260808/_failed_attempt_1/fold_1/candidate_locking_audit.csv,CGGA saved nested-bank re-lock,private analysis; aggregate subset copied publicly,4185,07a6e7895c3a21547d62f12bcfc2cfebe72a446764d8bf164cd12b99604d87be
analysis/cgga_nested_relock_20260808/_failed_attempt_1/fold_1/eligible_pairwise_jaccard.csv,CGGA saved nested-bank re-lock,private analysis; aggregate subset copied publicly,617,da11b0fdb21132eead670a87179fdb97af9c579a09db143e8f2841131ac8cd9e
analysis/cgga_nested_relock_20260808/_failed_attempt_1/fold_1/locking_metadata.json,CGGA saved nested-bank re-lock,private analysis; aggregate subset copied publicly,1806,49468a26b40b80587352226c039dca9ef8cde9b8114bf23506d0db8e45bfbdb7
analysis/cgga_nested_relock_20260808/_failed_attempt_2/fold_1/candidate_locking_audit.csv,CGGA saved nested-bank re-lock,private analysis; aggregate subset copied publicly,4185,07a6e7895c3a21547d62f12bcfc2cfebe72a446764d8bf164cd12b99604d87be
analysis/cgga_nested_relock_20260808/_failed_attempt_2/fold_1/eligible_pairwise_jaccard.csv,CGGA saved nested-bank re-lock,private analysis; aggregate subset copied publicly,617,da11b0fdb21132eead670a87179fdb97af9c579a09db143e8f2841131ac8cd9e
analysis/cgga_nested_relock_20260808/_failed_attempt_2/fold_1/locking_metadata.json,CGGA saved nested-bank re-lock,private analysis; aggregate subset copied publicly,1806,49468a26b40b80587352226c039dca9ef8cde9b8114bf23506d0db8e45bfbdb7
analysis/cgga_nested_relock_20260808/outputs/fold_1/candidate_locking_audit.csv,CGGA saved nested-bank re-lock,private analysis; aggregate subset copied publicly,4185,07a6e7895c3a21547d62f12bcfc2cfebe72a446764d8bf164cd12b99604d87be
analysis/cgga_nested_relock_20260808/outputs/fold_1/eligible_pairwise_jaccard.csv,CGGA saved nested-bank re-lock,private analysis; aggregate subset copied publicly,617,da11b0fdb21132eead670a87179fdb97af9c579a09db143e8f2841131ac8cd9e
analysis/cgga_nested_relock_20260808/outputs/fold_1/locking_metadata.json,CGGA saved nested-bank re-lock,private analysis; aggregate subset copied publicly,1806,49468a26b40b80587352226c039dca9ef8cde9b8114bf23506d0db8e45bfbdb7
analysis/cgga_nested_relock_20260808/outputs/fold_1/outer_predictions.csv,CGGA saved nested-bank re-lock,private analysis; aggregate subset copied publicly,1547,1308d441707daa715a4565f1ceecdb83efa00488258f6393a342f2f8cccb3b9a
analysis/cgga_nested_relock_20260808/outputs/fold_2/candidate_locking_audit.csv,CGGA saved nested-bank re-lock,private analysis; aggregate subset copied publicly,4299,c6c76b653ff464020c60f121588f2bc7343c400ce5b477e6a151cff3a98249ef
analysis/cgga_nested_relock_20260808/outputs/fold_2/eligible_pairwise_jaccard.csv,CGGA saved nested-bank re-lock,private analysis; aggregate subset copied publicly,647,27b70d78e5b11a855039bc16556bdc4cfef98f9e8122df2d4f152cca2f51fc25
analysis/cgga_nested_relock_20260808/outputs/fold_2/locking_metadata.json,CGGA saved nested-bank re-lock,private analysis; aggregate subset copied publicly,1740,724d0869a4f3e59bdf2fe2be4667d074b19e9bab50076c1c0fc9487a123e669b
analysis/cgga_nested_relock_20260808/outputs/fold_2/outer_predictions.csv,CGGA saved nested-bank re-lock,private analysis; aggregate subset copied publicly,1556,4ff03a0ba51f8d679df78ff222c9c844868f9b4279583b7d3bc173e07d264bbb
analysis/cgga_nested_relock_20260808/outputs/fold_3/candidate_locking_audit.csv,CGGA saved nested-bank re-lock,private analysis; aggregate subset copied publicly,4300,f982de1a1cd10c82829cc6e6c04b461b531ee3f827d2386ec5f8886d8447131d
analysis/cgga_nested_relock_20260808/outputs/fold_3/eligible_pairwise_jaccard.csv,CGGA saved nested-bank re-lock,private analysis; aggregate subset copied publicly,198,f515da9b5da5b3a160595b5f48c42e00d6156c6c1b04a071d3b127b8ec850b03
analysis/cgga_nested_relock_20260808/outputs/fold_3/locking_metadata.json,CGGA saved nested-bank re-lock,private analysis; aggregate subset copied publicly,1801,ac55bad27dc4a4438cd7db528f747bfb0aa8e4dd8583dcde88b07298acdb5506
analysis/cgga_nested_relock_20260808/outputs/fold_3/outer_predictions.csv,CGGA saved nested-bank re-lock,private analysis; aggregate subset copied publicly,1571,93eac0b2992b22077649ebc307d9685b6c1b42d284a8481193e86363e28125c8
analysis/cgga_nested_relock_20260808/outputs/fold_4/candidate_locking_audit.csv,CGGA saved nested-bank re-lock,private analysis; aggregate subset copied publicly,4125,7c3f3323b61c03b6aba415b2ffe7458d4da2fd9c298c53a2cc38230b331a8366
analysis/cgga_nested_relock_20260808/outputs/fold_4/eligible_pairwise_jaccard.csv,CGGA saved nested-bank re-lock,private analysis; aggregate subset copied publicly,198,95094257eb83b02099a691748b28c7f8500692a3f85c2fae6e3977caede35988
analysis/cgga_nested_relock_20260808/outputs/fold_4/locking_metadata.json,CGGA saved nested-bank re-lock,private analysis; aggregate subset copied publicly,1723,5d9ec62be917fbc5194d76aa181cafae2310aec6905db0f0f45840b413ce3907
analysis/cgga_nested_relock_20260808/outputs/fold_4/outer_predictions.csv,CGGA saved nested-bank re-lock,private analysis; aggregate subset copied publicly,1537,90571097ce7d0b037432ee04d7fa28664cd5c5c5eceaaf13282246238c9c98f9
analysis/cgga_nested_relock_20260808/outputs/fold_5/candidate_locking_audit.csv,CGGA saved nested-bank re-lock,private analysis; aggregate subset copied publicly,4244,c1c194846cc949bcd4af83c7434aede51b3d49aa68a3ada434cbd5b98d8d46fc
analysis/cgga_nested_relock_20260808/outputs/fold_5/eligible_pairwise_jaccard.csv,CGGA saved nested-bank re-lock,private analysis; aggregate subset copied publicly,617,336486ab724505e392d3ad3f77fc61c74ecc3d41faa936df3390dfcfefc7bba4
analysis/cgga_nested_relock_20260808/outputs/fold_5/locking_metadata.json,CGGA saved nested-bank re-lock,private analysis; aggregate subset copied publicly,1823,f693b7b8603fdcfb9d24cb57be22c5fc3f20d477abe3fefbffba0feafe20e8e1
analysis/cgga_nested_relock_20260808/outputs/fold_5/outer_predictions.csv,CGGA saved nested-bank re-lock,private analysis; aggregate subset copied publicly,1533,f0c6890955620d7fb83d78aea8ce85dac63442c94b42c69b0a0bd5bae2be0a0d
analysis/cgga_nested_relock_20260808/outputs/fold_selection_comparison.csv,CGGA saved nested-bank re-lock,private analysis; aggregate subset copied publicly,1794,4f74c0cf740796fafa93fe232102d5c18911237b5d1ceb7bd6157e56c9520514
analysis/cgga_nested_relock_20260808/outputs/outer_fold_predictions.csv,CGGA saved nested-bank re-lock,private analysis; aggregate subset copied publicly,7544,0808877a84f4b36c63cae16aefed2fa93681b9349bbdb75fcfd2be3ee7825309
analysis/cgga_nested_relock_20260808/outputs/summary.json,CGGA saved nested-bank re-lock,private analysis; aggregate subset copied publicly,3260,467a119933ced5f2c862ae60048930766503ac8a1f9f97a11899312db52bac74
analysis/cgga_nested_relock_20260808/README.md,CGGA saved nested-bank re-lock,private analysis; aggregate subset copied publicly,670,85ba464150e61d7658c0e957ff3bb5b7e05cc8a0247aa5aa878a640ef7891f77
analysis/cgga_nested_relock_20260808/relock_saved_banks.py,CGGA saved nested-bank re-lock,private analysis; aggregate subset copied publicly,10753,8b9013453c97c72755eb3452b115602a2a569e401d0ad2be4b472095e6e41e2f
analysis/locking_layer_simulation_20260808/_failed_attempt_1/regret_feasibility.csv,Excluded locking-layer simulation,excluded from manuscript,2503,8a1f1b187bfe72c1e376f03d6e5d9d754d3961fbe1a16d771b6ec8f255ef2cdf
analysis/locking_layer_simulation_20260808/_failed_attempt_1/simulation_replicate_results.csv,Excluded locking-layer simulation,excluded from manuscript,5409170,fe921c612d752fd8941932e73bbd0ecc2d18a73fffa0019cb941509fe097e555
analysis/locking_layer_simulation_20260808/_failed_attempt_1/simulation_summary.csv,Excluded locking-layer simulation,excluded from manuscript,29756,aaf28ee99a8e59d4124eef112be1db741d40f21a318ae208c17b6b55bd656208
analysis/locking_layer_simulation_20260808/_pilot_unscaled_score_outputs/locking_layer_simulation.pdf,Excluded locking-layer simulation,excluded from manuscript,23314,ae8ca4404a45cb8a8bf35c86bc3d955d1c841346487e71e0b315c63c7011b186
analysis/locking_layer_simulation_20260808/_pilot_unscaled_score_outputs/locking_layer_simulation.png,Excluded locking-layer simulation,excluded from manuscript,389353,b90f29c426328576fbb5a0d424fae6733c5d2e5919a6613ac0abff9bf3222c57
analysis/locking_layer_simulation_20260808/_pilot_unscaled_score_outputs/locking_layer_simulation.svg,Excluded locking-layer simulation,excluded from manuscript,61193,8d049e1b75c6b3f1a0ca5963cd1f3911dcca61b820c290ba25aabc08cbaace92
analysis/locking_layer_simulation_20260808/_pilot_unscaled_score_outputs/manifest.json,Excluded locking-layer simulation,excluded from manuscript,650,2edc7f99d462ed0834e7964e91ce4549e8c8eb3c8d9f125e626e571c5dcf3c8d
analysis/locking_layer_simulation_20260808/_pilot_unscaled_score_outputs/regret_feasibility.csv,Excluded locking-layer simulation,excluded from manuscript,2503,8a1f1b187bfe72c1e376f03d6e5d9d754d3961fbe1a16d771b6ec8f255ef2cdf
analysis/locking_layer_simulation_20260808/_pilot_unscaled_score_outputs/RESULTS.sha256,Excluded locking-layer simulation,excluded from manuscript,100,a269865bea40b880d9303907653c5b2da0e7a0b707a4209e35d45edbbfc902ce
analysis/locking_layer_simulation_20260808/_pilot_unscaled_score_outputs/simulation_replicate_results.csv,Excluded locking-layer simulation,excluded from manuscript,5409170,fe921c612d752fd8941932e73bbd0ecc2d18a73fffa0019cb941509fe097e555
analysis/locking_layer_simulation_20260808/_pilot_unscaled_score_outputs/simulation_summary.csv,Excluded locking-layer simulation,excluded from manuscript,29756,aaf28ee99a8e59d4124eef112be1db741d40f21a318ae208c17b6b55bd656208
analysis/locking_layer_simulation_20260808/EXCLUDED_FROM_MANUSCRIPT.md,Excluded locking-layer simulation,excluded from manuscript,373,7855673fe8a5d9437fc15dc35369bc8be8346fe28c5e6f51e555f23faa98c520
analysis/locking_layer_simulation_20260808/outputs/locking_layer_simulation.pdf,Excluded locking-layer simulation,excluded from manuscript,23083,0d4d2bfaaaeb59e07b4c85952c6e0591546928ab779759efec9c9b01d4ee8391
analysis/locking_layer_simulation_20260808/outputs/locking_layer_simulation.png,Excluded locking-layer simulation,excluded from manuscript,372296,6d1e95c3c64b75ec812c923638738ff87012fea0e9079b1835048a4987157df4
analysis/locking_layer_simulation_20260808/outputs/locking_layer_simulation.svg,Excluded locking-layer simulation,excluded from manuscript,59845,f71b65d16a5e892531033a92d5a0367394526a312303191e548de736001efb69
analysis/locking_layer_simulation_20260808/outputs/manifest.json,Excluded locking-layer simulation,excluded from manuscript,733,51048da731a3e48df58e50230b25d8444861ec36e4a34f0ed215c87824af9078
analysis/locking_layer_simulation_20260808/outputs/regret_feasibility.csv,Excluded locking-layer simulation,excluded from manuscript,2523,4832ced1bb08beac42e0868cf6ddd983b5ff42f7f6e009c864631b96368d8267
analysis/locking_layer_simulation_20260808/outputs/RESULTS.sha256,Excluded locking-layer simulation,excluded from manuscript,100,e5084dc4fd804accf497b0c0da6bb126e9c0a32f0b30ebd77ef32fae9ab945b3
analysis/locking_layer_simulation_20260808/outputs/simulation_replicate_results.csv,Excluded locking-layer simulation,excluded from manuscript,5772218,761f5a64d6edfdad6c03343417cdf950366dacfb26e98c1d3352c0feb44604d2
analysis/locking_layer_simulation_20260808/outputs/simulation_summary.csv,Excluded locking-layer simulation,excluded from manuscript,30681,31879d729b3123c6171c966f39bc74a7c94fe3d7db1d3f5e8f7ad137b8ec4508
analysis/locking_layer_simulation_20260808/README.md,Excluded locking-layer simulation,excluded from manuscript,739,8bc907f73c44d65114a12dc2ac904a48e222bbbb3b8eccd35c31bf1e20f8904d
analysis/locking_layer_simulation_20260808/run_simulation.py,Excluded locking-layer simulation,excluded from manuscript,11766,e2aceb39ae037f740d279e6cfbf449b3d6c1b48c0e3436fca20a270f65f935ea
manuscript/latex_v12_overleaf/FIGURE_170MM_STYLE_SOURCE_MANIFEST.csv,V12 integration,manuscript/public,17025,504a003a736632216547d3c284a9e898891df992505a10562b11ea575af92c7b
manuscript/latex_v12_overleaf/FIGURE_170MM_STYLE_SOURCE_MANIFEST.md,V12 integration,manuscript/public,5318,7c28609f3489c7c407cdfa70d9b4d5cd36409bdd51636d9f0f2d30f91455992c
manuscript/latex_v12_overleaf/FIGURE_180MM_STYLE_SOURCE_MANIFEST.md,V12 integration,manuscript/public,1840,0d3c6dd24eb00abf466ed05c2205a3657b9bea11c5e7ebcf69df6d38cca83673
manuscript/latex_v12_overleaf/FIGURE_GRID_REMOVAL_REPORT.md,V12 integration,manuscript/public,4493,b276fc48c80e81131bc750da730477a98a079be99c232f619887742ab755db3d
manuscript/latex_v12_overleaf/FIGURE_GRIDFREE_REPRODUCIBILITY_MANIFEST.json,V12 integration,manuscript/public,17527,e4e238d3a7bb0c00002bd37b79b5b954ef08327a5d5f889eafb3ffb54cf314a4
manuscript/latex_v12_overleaf/FIGURE_SOURCE_DATA_MANIFEST.csv,V12 integration,manuscript/public,18111,541524958a0bf45d56566b3d5556b6c943a7c2802fe86211e67dbbc080d6e7e5
manuscript/latex_v12_overleaf/figures/figure_1.pdf,V12 integration,manuscript/public,87771,eb5b604c5c6aa53f92cab46381edbc408101cc9488afc092bb1cf5daf4c9767c
manuscript/latex_v12_overleaf/figures/figure_1.png,V12 integration,manuscript/public,388994,db0cfa30cc67377e1fed49d224f2b839eb19900addeeff00dd5945bf9ccc6bb1
manuscript/latex_v12_overleaf/figures/figure_1.svg,V12 integration,manuscript/public,81261,ba6a648daa73675e9f5d7418c81a5fd7a5209d8d7bb77aee7a328a34ebbe35fb
manuscript/latex_v12_overleaf/figures/figure_1_editable_source_v2.svg,V12 integration,manuscript/public,81261,ba6a648daa73675e9f5d7418c81a5fd7a5209d8d7bb77aee7a328a34ebbe35fb
manuscript/latex_v12_overleaf/figures/figure_3_panel_label_source.svg,V12 integration,manuscript/public,116326,1ba09deb377c41ac2b286d0e03558bf92ce4f37f9397c2bc53c961e74d392c6e
manuscript/latex_v12_overleaf/figures/figure_4.png,V12 integration,manuscript/public,232176,28de9e146acdc1c9b5431db6d677186716bf1a5d4cc8a1fca6ff077006cf7616
manuscript/latex_v12_overleaf/figures/figure_4.svg,V12 integration,manuscript/public,100461,a456f2f0efc6830fde9872819577c060c7758586ee8b48e0f34bef97b7434bc1
manuscript/latex_v12_overleaf/figures/figure_4_v11_source.svg,V12 integration,manuscript/public,115862,21853939a11c3577baa39b6a3709c81c9946cb157c25de5137216a982f4d0adc
manuscript/latex_v12_overleaf/figures/figure_5.pdf,V12 integration,manuscript/public,30233,976b993cee26635ccdb65f341384462e6febac936012c6f4ea02b94292eb3913
manuscript/latex_v12_overleaf/figures/figure_5.png,V12 integration,manuscript/public,305719,1f1b27f5d15b2ba2e10f0955470f909279ecfea8c23f9b4bb03c89227273af2c
manuscript/latex_v12_overleaf/figures/figure_5.svg,V12 integration,manuscript/public,50415,3b421d840ea949bc10dd0d97f7990b919563aee619df87173de118f44a6c74eb
manuscript/latex_v12_overleaf/figures/figure_s19_ab.png,V12 integration,manuscript/public,693489,d844d46226512162f78d5e1f5a1e4505a5ee461f29476f6d533e1aa187efc39c
manuscript/latex_v12_overleaf/figures/figure_s19_cd.png,V12 integration,manuscript/public,368301,742e007bd2fc2be209740bf0a9ed181f04c4ed28849e378bede130745a9bf469
manuscript/latex_v12_overleaf/figures/figure_s21.pdf,V12 integration,manuscript/public,26827,860634b0d65cb368333c544658c6d58f6a7797616e8a8e44a7335f547f417cd4
manuscript/latex_v12_overleaf/figures/figure_s21.png,V12 integration,manuscript/public,332668,63f71182afb98e739f1dba537201d9e3343247d0539a507e9943a0d8396a4e25
manuscript/latex_v12_overleaf/figures/figure_s21.svg,V12 integration,manuscript/public,90978,4d12ad05b4a5b5b871b8686216f18eb75056f4119888779f060e1d23dfa6848a
manuscript/latex_v12_overleaf/figures/figure_s22.pdf,V12 integration,manuscript/public,28005,309d824398e51f43707363a725c39b44c9391de4a68d2d56f9a5ca303ab9347a
manuscript/latex_v12_overleaf/figures/figure_s22.png,V12 integration,manuscript/public,287446,f69a2b377ba006c15a7a008fe1c2a29fc75c5f5d7f02f6d71cc5379c747d2516
manuscript/latex_v12_overleaf/figures/figure_s22.svg,V12 integration,manuscript/public,84040,4f6b0697c7c334ab10c86eb6aeed67ea062ab541f6225374e9b3f688c81ba084
manuscript/latex_v12_overleaf/figures/figure_s23.pdf,V12 integration,manuscript/public,24363,e74e884523233cb8df2919cb741dc68f04c526e651c79884ea90cc416751f63e
manuscript/latex_v12_overleaf/figures/figure_s23.png,V12 integration,manuscript/public,343921,bb3516e1aa70dca0725bca04e712cbf9cd9f613388968b3f0a6bcb41bf0de12a
manuscript/latex_v12_overleaf/figures/figure_s23.svg,V12 integration,manuscript/public,66420,492d05152ae4f77eab7d64d6105943d42dae21a40b8c5adb2e17f61c583117d5
manuscript/latex_v12_overleaf/figures/figure_s9.pdf,V12 integration,manuscript/public,26474,ec2bb544d1a1caacf9361dfb2502a308edd3ccd73f825ce8b2ca924048f391e8
manuscript/latex_v12_overleaf/figures/figure_s9.png,V12 integration,manuscript/public,369842,3f0cef8cb0a24dcb03b64943bb1fcbc79ed6dc578240ede13794a9fa2c663c07
manuscript/latex_v12_overleaf/figures/figure_s9.svg,V12 integration,manuscript/public,91421,dd4dd720d0a8b732f3cb3937444ff119d78bbc4e8aa775147075647611b43fc3
manuscript/latex_v12_overleaf/FINAL_QA_REPORT.md,V12 integration,manuscript/public,10512,6551c5a7c7fb99b64e12a726a118e7de666bcdfbadbac7fc6ab33bab70278372
manuscript/latex_v12_overleaf/main.pdf,V12 integration,manuscript/public,1152212,021ffb0d9a263116c4653f5994b3ff2dcdb9aff62ac35eebf9bb0ecd6c423671
manuscript/latex_v12_overleaf/main.tex,V12 integration,manuscript/public,3192,28993faa6752c77b6e8fa352d3c4d4aedce02c1d2311fb9ca43d7b6976526e6b
manuscript/latex_v12_overleaf/MAIN_FIGURE_PANEL_LABEL_AUDIT.md,V12 integration,manuscript/public,1256,d81710c411ad4a353312804c5f609e549c59863ccd25b86315b9f0a7e92bc62e
manuscript/latex_v12_overleaf/MAIN_SUPPLEMENTARY_FIGURE_MAP.md,V12 integration,manuscript/public,2482,9e0bb27ca466b54a11d4263f5330726161e082c92e7a87e71abedbd8298f524c
manuscript/latex_v12_overleaf/POSTFREEZE_ANALYSIS_FIGURE_MANIFEST.json,V12 integration,manuscript/public,1563,24bf627097d8552edd8bc2d0646df7c2ffe6d0b4379a90248048d86f3d7ab7a8
manuscript/latex_v12_overleaf/POSTFREEZE_ANALYSIS_REPORT.md,V12 integration,manuscript/public,5570,9f9df0dd642b4511f41ddb20abf660716f0ba045592b94d54bc9f6da76c3e0d3
manuscript/latex_v12_overleaf/POSTFREEZE_VALIDATION_REPORT.md,V12 integration,manuscript/public,3182,37c718ddaf2be2da0d12e5dbd4b38a841b2b860517a41ffcdcd747c516d09faf
manuscript/latex_v12_overleaf/qa_postfreeze/main-07.png,Render QA,local QA; exclude from submission,331498,f1ce53c06277183bce5e41345b62f17e1572cb8bd5f7beb702f0afd12bf80f25
manuscript/latex_v12_overleaf/qa_postfreeze/main-08.png,Render QA,local QA; exclude from submission,364677,fb5562bcfbbc247f9db3a8ce05e7f9752742d72ec0467fe3ef7aa128d9e8e96a
manuscript/latex_v12_overleaf/qa_postfreeze/supp_s21-26.png,Render QA,local QA; exclude from submission,125808,52c2be5c132ed5923f6e3c82f9db414c8fdb9238255f8855e20fefc35ab2bbcf
manuscript/latex_v12_overleaf/qa_postfreeze/supp_tables-34.png,Render QA,local QA; exclude from submission,107032,c823f39f33fbbd56f700f07dd96c4b62abff9f7505608bbcc2830857f759bb64
manuscript/latex_v12_overleaf/qa_postfreeze/supp_tables-35.png,Render QA,local QA; exclude from submission,225049,25f6a466a007cd69f9bcc5e8258f3ca4830a3f9c410c28745cde4040601ce49d
manuscript/latex_v12_overleaf/qa_postfreeze/supp_tables-36.png,Render QA,local QA; exclude from submission,283262,2380246a20cdba9783910ba730f1c94e04864fef27aa92857ff8b6463261b94b
manuscript/latex_v12_overleaf/qa_postfreeze/supp_tables-37.png,Render QA,local QA; exclude from submission,299381,6c723b5f7d483c3a325bbf3c561701109cf205100298da87554c47e436fe03e4
manuscript/latex_v12_overleaf/qa_postfreeze/supp_tables-38.png,Render QA,local QA; exclude from submission,282918,20819339a6addc284a8009029a8fe1afdad39ef47e3a25cc91ede3a7ab0be762
manuscript/latex_v12_overleaf/qa_postfreeze/supp_tables-39.png,Render QA,local QA; exclude from submission,179113,d35083639dbd09dca5d4c8a90845b96d5e2d5dee249a1647d0bae38bdfe1fa5d
manuscript/latex_v12_overleaf/README.md,V12 integration,manuscript/public,4448,620f8c961ea05c0a983e8000f5fd5c2cb490d227e518c1b3d8c4ae69b2357d4c
manuscript/latex_v12_overleaf/REVISION_AUDIT.md,V12 integration,manuscript/public,3789,63c4221ee96911227e15ce421866525f7485616243798f101b0d4cede538e185
manuscript/latex_v12_overleaf/revision_outputs/CROSS_LOCK_2X2_24_CONDITIONS.csv,Completed 48-bank cross-lock audit,manuscript/public,25453,36db43bb0aec043c324bb0d83df8328b4eb836d716b534debaa6bb4d66cd0300
manuscript/latex_v12_overleaf/revision_outputs/CROSS_LOCK_2X2_SUMMARY.csv,Completed 48-bank cross-lock audit,manuscript/public,708,646867f848fc5d1134a299dc60a23bfb2118ab19b098b0fd232448b39b92b9cd
manuscript/latex_v12_overleaf/revision_outputs/CROSS_LOCK_FEASIBILITY.csv,Completed 48-bank cross-lock audit,manuscript/public,644,d3c26ac945be918b1e764a710b57570a835429af50e7a15c7ead545fe25b5833
manuscript/latex_v12_overleaf/revision_outputs/DUPLICATE_RETAINED_VS_DEDUPLICATED_SENSITIVITY.csv,Completed 48-bank cross-lock audit,manuscript/public,12332,e76eb967036aecc0b8ddf5bb0a5d891c8dc9b648620e54cf955ec0fd639da7ec
manuscript/latex_v12_overleaf/revision_outputs/DUPLICATE_SENSITIVITY_SUMMARY.csv,Completed 48-bank cross-lock audit,manuscript/public,198,16171f28e6b215adb5ba1d5036830683e9bfd0835205b394c87b438818d5eacc
manuscript/latex_v12_overleaf/revision_outputs/ELIGIBLE_POOL_TIE_PATH_AUDIT.csv,Completed 48-bank cross-lock audit,manuscript/public,3348,fbcb7a28e31031f202d36b0c3587541fbcc3c94f3f7dd1ca8acb0a36e333e5cb
manuscript/latex_v12_overleaf/revision_outputs/ELIGIBLE_POOL_TIE_PATH_SUMMARY.csv,Completed 48-bank cross-lock audit,manuscript/public,336,92fce94942a9361584881de8766a035053dba893fe37f0182667a6933647c68d
manuscript/latex_v12_overleaf/revision_outputs/FIGURE4_GRID_REMOVAL_PROVENANCE.json,V12 integration,manuscript/public,380,57d997f152ad096fa691fe70e936a90cc15c8a2235c3316a3a802d7c35406c9b
manuscript/latex_v12_overleaf/revision_outputs/S16_CONDITION_LEVEL_PAIRED.csv,Completed 48-bank cross-lock audit,manuscript/public,4245,15276ed1afae01d8d1a30388883701b60dafbae4a6b80de37f2ab4cb845b4d64
manuscript/latex_v12_overleaf/revision_outputs/S16_LOCKING_SENSITIVITY_PLOT_DATA.csv,Completed 48-bank cross-lock audit,manuscript/public,583,565a746e3d616c36aea9f2a3fbcce564340260708cf367a9609a5ebc4ceded3f
manuscript/latex_v12_overleaf/revision_outputs/S16_ROBUST_STRESS_EXCLUDED_SUMMARY.csv,Completed 48-bank cross-lock audit,manuscript/public,551,a40b67cecb4feb3c6d722aa310e3785f92ba206228366e68252cd1280f5ad789
manuscript/latex_v12_overleaf/revision_outputs/S16_SINGLETON_CORRECTION_PROVENANCE.json,Completed 48-bank cross-lock audit,manuscript/public,258,b20592c7db03748a706861c06dbd17257451c6ca5de23fe5d215ec4403e77d99
manuscript/latex_v12_overleaf/revision_outputs/V11_EXISTING_ARTIFACT_ANALYSIS_PROVENANCE.json,Completed 48-bank cross-lock audit,manuscript/public,1096,ace8a3f85e084e26defeb6f5d3f58e1034cf6bd7e1716a7a245ea44cede3c505
manuscript/latex_v12_overleaf/scripts/build_cgga_figure5.py,V12 integration,manuscript/public,13915,f69a5e916206200b08a9d2ba9fb05111c33bd2a0658edbbb614e7841ab06afe5
manuscript/latex_v12_overleaf/scripts/build_cgga_s9_clean.py,V12 integration,manuscript/public,6402,8e8ff0724e0a7d8bc89580f54305e2c278548126dbf910de6275382c47721d4a
manuscript/latex_v12_overleaf/scripts/build_gridfree_figure4_svg.py,V12 integration,manuscript/public,2275,799069f6a56fc856bdf31eeb2e63c9eff6d2a6ad27da0784d0b677f27698f271
manuscript/latex_v12_overleaf/scripts/build_postfreeze_changed_inventory.py,V12 integration,manuscript/public,5119,3626374766ce8a80e01d5706488268dd2a647471f9df34184a99764a32cae509
manuscript/latex_v12_overleaf/scripts/build_postfreeze_results.py,V12 integration,manuscript/public,19358,71f7a0d42e4eecd1ae667368d4a6928dfd602b727ee88706974ba950f76ccdee
manuscript/latex_v12_overleaf/scripts/build_v11_existing_artifact_analyses.py,V12 integration,manuscript/public,35644,fbe0a8befde265586ebe045f89e386a04815d6d6a46551cb3b3d9f9af0c3a942
manuscript/latex_v12_overleaf/scripts/build_v11_revision_tables.py,V12 integration,manuscript/public,6330,5ce8ad53a5ec8f60d968b582b6b31cd8f67a4ee9b246a46d91df543fe407fbb1
manuscript/latex_v12_overleaf/scripts/build_v12_submission_archive.ps1,V12 integration,manuscript/public,3164,d6d60949e770a06d9db83bf482f069e82e3b82758f6de9195afc1ccbd4a18f1d
manuscript/latex_v12_overleaf/scripts/figure4_render_wrapper.html,V12 integration,manuscript/public,373,a79065f0456e4d6eba8e259ce799242014a00e93c795ea37ea43a4d111ccde26
manuscript/latex_v12_overleaf/scripts/figure_1_render_wrapper.html,V12 integration,manuscript/public,453,c331133c5a31cc00e0e774ba2706b1b094cc6e41698233a509a90a643d423428
manuscript/latex_v12_overleaf/scripts/normalize_main_panel_labels.py,V12 integration,manuscript/public,1150,2847b386d80401991f76c614ff7beb5a5ac1b1da0b503fa099a09b355d217936
manuscript/latex_v12_overleaf/scripts/prepare_170mm_figure_assets.py,V12 integration,manuscript/public,2914,9dc91d55fc9ebdcdbb88b37fa8e0af31ed8c22ba18f0dec808d6b4f9d04219de
manuscript/latex_v12_overleaf/scripts/render_v12_figure1_from_svg.ps1,V12 integration,manuscript/public,1693,97f9b887dfca488305de0176fce6bfb1e9a6a8823fddcaae4fed8159232da7d7
manuscript/latex_v12_overleaf/scripts/render_v12_figure4_from_svg.ps1,V12 integration,manuscript/public,1438,7dfc06f85d99d3045f32358c3baf60f897425d766a72e60ca6f4472cb9ae4e2e
manuscript/latex_v12_overleaf/scripts/validate_cgga_figure5_provenance.py,V12 integration,manuscript/public,4738,7b1f2ddefceecf190ff09991ad8acff229936cecd0450fa1b09c2ef0cdcdb553
manuscript/latex_v12_overleaf/scripts/validate_main_panel_labels.py,V12 integration,manuscript/public,1749,c5b6bb03fb39d9bd870de495f7cc0e9dc00653ec07b1d8c3fa8433e8a0dcd8e1
manuscript/latex_v12_overleaf/sections/main_text.tex,V12 integration,manuscript/public,54185,5547b83f719aebeff7f4c3739dea6c8591ac69cc51584e1ca183e819d1da0202
manuscript/latex_v12_overleaf/sections/supplementary.tex,V12 integration,manuscript/public,34128,852781009f5564d0784f9fa8e422299f867a813267a2e041a352f892550a5a3c
manuscript/latex_v12_overleaf/supplementary_data/cgga_coherent_benchmark/benchmark_feature_sets.csv,Aggregate source data,manuscript/public,8947,ba36b5f6bf418367358a8d1787307d2fff48c52c9a175e8eab08e2b3a3b7f5a1
manuscript/latex_v12_overleaf/supplementary_data/cgga_coherent_benchmark/benchmark_intervals.csv,Aggregate source data,manuscript/public,6874,c21a0aee1623c855e1868eae1b342407bb26672f1b674a5b294de1d5f0da96c4
manuscript/latex_v12_overleaf/supplementary_data/cgga_coherent_benchmark/benchmark_metrics.csv,Aggregate source data,manuscript/public,2785,58f576f848fc5698bf0afce882cba200743adb5920c1a3136454a429837199de
manuscript/latex_v12_overleaf/supplementary_data/cgga_coherent_benchmark/manifest.json,Aggregate source data,manuscript/public,1346,a48f37540b62150b5651cee85ed3d36a9ed98c01d35467648f7eafc1f1f35f0d
manuscript/latex_v12_overleaf/supplementary_data/cgga_coherent_benchmark/paired_regret_medoid_contrasts.csv,Aggregate source data,manuscript/public,5835,c31e95b9ed96f2a77cbfe7f70e6d28b2421b5ecd8f1d0933db12536b500fdb3c
manuscript/latex_v12_overleaf/supplementary_data/cgga_coherent_benchmark/regret_lock_candidate_audit.csv,Aggregate source data,manuscript/public,12532,28fbe21ea18668bf0617004856dccaf499183675cd98e345f1e32442f7f63374
manuscript/latex_v12_overleaf/supplementary_data/cgga_coherent_benchmark/regret_lock_metadata.json,Aggregate source data,manuscript/public,6754,888a87b2e48d8f3b28bba6e3bc3c0908a833bebed9d853cb233a386a6235b79c
manuscript/latex_v12_overleaf/supplementary_data/cgga_nested_relock/fold_selection_comparison.csv,Aggregate source data,manuscript/public,1794,4f74c0cf740796fafa93fe232102d5c18911237b5d1ceb7bd6157e56c9520514
manuscript/latex_v12_overleaf/supplementary_data/cgga_nested_relock/summary.json,Aggregate source data,manuscript/public,3260,467a119933ced5f2c862ae60048930766503ac8a1f9f97a11899312db52bac74
manuscript/latex_v12_overleaf/supplementary_data/cgga_tuned_rf_s9/figure_s9_manifest.json,V12 integration,manuscript/public,946,ce382b2c03c5ed9235083c74d7f60c73d0e324167847a799ccf17a0098dc2c83
manuscript/latex_v12_overleaf/supplementary_data/cgga_tuned_rf_s9/heldout_intervals.csv,V12 integration,manuscript/public,713,806012298413eb5869088a370dd0648aafa31979ffd8255b24832e4d1d9b6dfa
manuscript/latex_v12_overleaf/supplementary_data/cgga_tuned_rf_s9/nested_cv_auroc.csv,V12 integration,manuscript/public,197,38136f1c7733baa8ab48a1f6097e501559d87c6964feaf7cbdea245b93ff4589
manuscript/latex_v12_overleaf/supplementary_data/cgga_tuned_rf_s9/primary_feature_importance.csv,V12 integration,manuscript/public,368,0d2ab4142921f33e2523494f279e49e35d02718bbab45e47f734f49929864367
manuscript/latex_v12_overleaf/supplementary_data/postfreeze_ampad/condition_metrics.csv,Aggregate source data,manuscript/public,10325,bd942ba891dc89a46a78387f00222f3a3ee47a4d4d12f948ddf1e9afbea7a358
manuscript/latex_v12_overleaf/supplementary_data/postfreeze_ampad/frozen_24_condition_inventory.csv,Aggregate source data,manuscript/public,22687,061f475ed90bdc36e55c7a56a64003ae23a5998d0af350ede89be46cd76889d3
manuscript/latex_v12_overleaf/supplementary_data/postfreeze_ampad/heldout_protocol.json,Aggregate source data,manuscript/public,3766,7bc7b27e00f7337654b6f81c1448a831ce3979129e68d14666389445d3ec93b5
manuscript/latex_v12_overleaf/supplementary_data/postfreeze_ampad/paired_condition_contrasts.csv,Aggregate source data,manuscript/public,8456,1bd326a9da80b03d8ff3aa7a5ec172d37bc0d9f35d249a9d80c41368acd06911
manuscript/latex_v12_overleaf/supplementary_data/postfreeze_ampad/PROTOCOL_LOCKED.sha256,Aggregate source data,manuscript/public,89,b3d9870412d3d4805a3a2eae71b3ca73b46c417bc89bb19d98458fc43ca5cdb4
manuscript/latex_v12_overleaf/supplementary_data/postfreeze_ampad/recovered_bank_verification.csv,Aggregate source data,manuscript/public,1443,dbdd6af19071ccf67d770b967a8557d8f9fb332933b991891f54e0b47ee10c88
manuscript/latex_v12_overleaf/supplementary_data/postfreeze_ampad/RECOVERY_VERIFICATION.json,Aggregate source data,manuscript/public,410,3c6b56bce4e44de4b678fad2ab1c92de13d71df2f9b0d69ac75429d38706e3e3
manuscript/latex_v12_overleaf/SUPPLEMENTARY_GRAPHIC_CLEANUP_REPORT.md,V12 integration,manuscript/public,2169,d222d79bd3ce3ee115426f1343f463b0a6b7ab41823dd48a6a88fdb6a09f00e9
manuscript/latex_v12_overleaf/supplementary_information.pdf,V12 integration,manuscript/public,12174482,b9f451183daa1ca309b0e3bb0fdb5bc5ca02386b2a2a4f863590b3dbb3714d25
manuscript/latex_v12_overleaf/supplementary_information.tex,V12 integration,manuscript/public,673,ae7b94fc4ca12784884ac456d7c8ecbb066bd7db451a0d389d92579d90b0155f
manuscript/latex_v12_overleaf/tables/table_41.tex,V12 integration,manuscript/public,1496,bddba364c679e6af544e621fdb8045bc219704f272ed24eccc2da1be48080247
manuscript/latex_v12_overleaf/tables/table_42.tex,V12 integration,manuscript/public,1812,baa3451fe07d9b753bd7aa87105696e6d78e72f1892f14949d72cf4e52d635b9
manuscript/latex_v12_overleaf/tables/table_44.tex,V12 integration,manuscript/public,1404,3806f929e33fc9890f5bec91f1b53d9a8a33dccb500dc1ef935d0dd279c622d4
manuscript/latex_v12_overleaf/tables/table_45.tex,V12 integration,manuscript/public,2189,fd7f03d2e7761150b7105fda7f1f23f98e49dad4a767ea3d8aba052e97ddd8ee
manuscript/latex_v12_overleaf/tables/table_46.tex,V12 integration,manuscript/public,1176,a87659af674a3cbf22f0d252259810d335bcda4e85924a24a878c3eac4baa520
manuscript/latex_v12_overleaf/V12_CHANGELOG.md,V12 integration,manuscript/public,7258,e1df77ea777ab9dbab4982b9755a3e0baf129f6baf52df27ed71726327385a78
manuscript/latex_v12_overleaf/V12_DISPLAY_CITATION_AUDIT.md,V12 integration,manuscript/public,4571,072967f2af21bc53eeae4788e9a33243f63abc9dd62c39f37903ce6a5a48d08e
manuscript/latex_v12_overleaf/V12_PROVENANCE_AND_SCOPE.md,V12 integration,manuscript/public,2309,2c558817fc0bc8d0989f849c5f3d155d9994d0b40302e7493c176913e6958aa1
manuscript/latex_v12_overleaf/V12_VALIDATION_REPORT.md,V12 integration,manuscript/public,12817,eabd1073c73d174acc671576a09d17c75ba436ec54db53b1ef6ac52406b3fb97
manuscript/latex_v12_overleaf/V12_WORD_AND_DISPLAY_COUNTS.md,V12 integration,manuscript/public,1059,617ed06a3171d06f07ffb93c31f5a5a530db6d221f4d4007f1dd3de9410774f1
