dataset,branch,center,cap,condition,target_count,selected_count,target_deviation,fraction_zero_legacy_fitness,zero_fraction_denominator,number_all_zero_generations,number_uniform_sampling_fallbacks,uniform_fallback_basis,final_development_score,selected_run,archived_run_id_zero_based,warning_status,known_failure_mode
CGGA,boruta_rf,CGGA fixed split,not_applicable,no_penalty,14,14,0,0.0,five retained run-best candidates,0,0,inferred: legacy generation best=0 implies all weights=0,0.8025757575757575,2,1,none,False
CGGA,boruta_rf,CGGA fixed split,not_applicable,penalty,9,9,0,0.0,five retained run-best candidates,0,0,inferred: legacy generation best=0 implies all weights=0,0.8146753246753248,5,4,none,False
CGGA,svm_l1,CGGA fixed split,not_applicable,no_penalty,15,23,8,0.0,five retained run-best candidates,0,0,inferred: legacy generation best=0 implies all weights=0,0.8764935064935067,4,3,none,False
CGGA,svm_l1,CGGA fixed split,not_applicable,penalty,15,16,1,0.0,five retained run-best candidates,0,0,inferred: legacy generation best=0 implies all weights=0,0.8702380952380953,4,3,none,False
CGGA,xgboost,CGGA fixed split,not_applicable,no_penalty,20,35,15,0.0,five retained run-best candidates,0,0,inferred: legacy generation best=0 implies all weights=0,0.8678571428571429,3,2,none,False
CGGA,xgboost,CGGA fixed split,not_applicable,penalty,20,19,1,0.0,five retained run-best candidates,0,0,inferred: legacy generation best=0 implies all weights=0,0.8455627705627705,1,0,none,False
AMP-AD,boruta_rf,emory,high,legacy_zero_truncated,49,48,1,0.0,five retained run-best candidates,0,0,inferred: legacy generation best=0 implies all weights=0,0.8584349758935712,5,4,none,False
AMP-AD,boruta_rf,emory,low,legacy_zero_truncated,12,16,4,0.0,five retained run-best candidates,0,0,inferred: legacy generation best=0 implies all weights=0,0.8447479419565547,3,2,none,False
AMP-AD,boruta_rf,emory,reference,legacy_zero_truncated,25,25,0,0.0,five retained run-best candidates,0,0,inferred: legacy generation best=0 implies all weights=0,0.8584641872733197,1,0,none,False
AMP-AD,boruta_rf,mayo,high,legacy_zero_truncated,45,45,0,0.0,five retained run-best candidates,0,0,inferred: legacy generation best=0 implies all weights=0,0.8830517487138596,5,4,none,False
AMP-AD,boruta_rf,mayo,low,legacy_zero_truncated,13,22,9,0.0,five retained run-best candidates,5,5,inferred: legacy generation best=0 implies all weights=0,0.8705392680863664,3,2,all_zero_generation_detected,False
AMP-AD,boruta_rf,mayo,reference,legacy_zero_truncated,24,24,0,0.0,five retained run-best candidates,0,0,inferred: legacy generation best=0 implies all weights=0,0.8824375665218811,2,1,none,False
AMP-AD,boruta_rf,mount_sinai,high,legacy_zero_truncated,47,47,0,0.0,five retained run-best candidates,0,0,inferred: legacy generation best=0 implies all weights=0,0.8913131099016475,3,2,none,False
AMP-AD,boruta_rf,mount_sinai,low,legacy_zero_truncated,13,32,19,0.0,five retained run-best candidates,39,39,inferred: legacy generation best=0 implies all weights=0,0.8855579077607757,5,4,all_zero_generation_detected,False
AMP-AD,boruta_rf,mount_sinai,reference,legacy_zero_truncated,22,29,7,0.0,five retained run-best candidates,25,25,inferred: legacy generation best=0 implies all weights=0,0.8821187782585487,3,2,all_zero_generation_detected,False
AMP-AD,boruta_rf,rush,high,legacy_zero_truncated,49,48,1,0.0,five retained run-best candidates,0,0,inferred: legacy generation best=0 implies all weights=0,0.8846499736443413,2,1,none,False
AMP-AD,boruta_rf,rush,low,legacy_zero_truncated,12,13,1,0.0,five retained run-best candidates,0,0,inferred: legacy generation best=0 implies all weights=0,0.8765536218536731,1,0,none,False
AMP-AD,boruta_rf,rush,reference,legacy_zero_truncated,23,23,0,0.0,five retained run-best candidates,0,0,inferred: legacy generation best=0 implies all weights=0,0.875551556004065,4,3,none,False
AMP-AD,svm_l1,emory,high,legacy_zero_truncated,32,32,0,0.0,five retained run-best candidates,0,0,inferred: legacy generation best=0 implies all weights=0,0.8757680306670835,1,0,none,False
AMP-AD,svm_l1,emory,low,legacy_zero_truncated,10,12,2,0.0,five retained run-best candidates,0,0,inferred: legacy generation best=0 implies all weights=0,0.8632976375438399,2,1,none,False
AMP-AD,svm_l1,emory,reference,legacy_zero_truncated,19,19,0,0.0,five retained run-best candidates,0,0,inferred: legacy generation best=0 implies all weights=0,0.8629304181159428,5,4,none,False
AMP-AD,svm_l1,mayo,high,legacy_zero_truncated,37,37,0,0.0,five retained run-best candidates,5,5,inferred: legacy generation best=0 implies all weights=0,0.8876237127978086,3,2,all_zero_generation_detected,False
AMP-AD,svm_l1,mayo,low,legacy_zero_truncated,10,26,16,0.0,five retained run-best candidates,55,55,inferred: legacy generation best=0 implies all weights=0,0.8803417953413748,5,4,all_zero_generation_detected,False
AMP-AD,svm_l1,mayo,reference,legacy_zero_truncated,20,23,3,0.0,five retained run-best candidates,24,24,inferred: legacy generation best=0 implies all weights=0,0.8800283298259538,5,4,all_zero_generation_detected,False
AMP-AD,svm_l1,mount_sinai,high,legacy_zero_truncated,40,40,0,0.0,five retained run-best candidates,0,0,inferred: legacy generation best=0 implies all weights=0,0.8974935014547096,3,2,none,False
AMP-AD,svm_l1,mount_sinai,low,legacy_zero_truncated,10,13,3,0.0,five retained run-best candidates,0,0,inferred: legacy generation best=0 implies all weights=0,0.876047227222154,5,4,none,False
AMP-AD,svm_l1,mount_sinai,reference,legacy_zero_truncated,17,19,2,0.0,five retained run-best candidates,0,0,inferred: legacy generation best=0 implies all weights=0,0.886180676661412,5,4,none,False
AMP-AD,svm_l1,rush,high,legacy_zero_truncated,35,36,1,0.0,five retained run-best candidates,9,9,inferred: legacy generation best=0 implies all weights=0,0.8705335872335359,5,4,all_zero_generation_detected,False
AMP-AD,svm_l1,rush,low,legacy_zero_truncated,3,84,81,0.8,five retained run-best candidates,245,245,inferred: legacy generation best=0 implies all weights=0,0.8701235335751465,3,2,more_than_half_run_best_legacy_fitness_zero|all_zero_generation_detected|documented_ampad_svm_l1_rush_small_cap_failure_mode,True
AMP-AD,svm_l1,rush,reference,legacy_zero_truncated,18,30,12,0.0,five retained run-best candidates,45,45,inferred: legacy generation best=0 implies all weights=0,0.8826732633157365,3,2,all_zero_generation_detected,False
AMP-AD,xgboost,emory,high,legacy_zero_truncated,31,31,0,0.0,five retained run-best candidates,0,0,inferred: legacy generation best=0 implies all weights=0,0.825676020187642,4,3,none,False
AMP-AD,xgboost,emory,low,legacy_zero_truncated,9,22,13,0.0,five retained run-best candidates,55,55,inferred: legacy generation best=0 implies all weights=0,0.8193700973799736,5,4,all_zero_generation_detected,False
AMP-AD,xgboost,emory,reference,legacy_zero_truncated,17,20,3,0.0,five retained run-best candidates,23,23,inferred: legacy generation best=0 implies all weights=0,0.8206914964893934,1,0,all_zero_generation_detected,False
AMP-AD,xgboost,mayo,high,legacy_zero_truncated,21,27,6,0.0,five retained run-best candidates,7,7,inferred: legacy generation best=0 implies all weights=0,0.8422361595044523,1,0,all_zero_generation_detected,False
AMP-AD,xgboost,mayo,low,legacy_zero_truncated,10,22,12,0.0,five retained run-best candidates,37,37,inferred: legacy generation best=0 implies all weights=0,0.8620790509019063,2,1,all_zero_generation_detected,False
AMP-AD,xgboost,mayo,reference,legacy_zero_truncated,20,20,0,0.0,five retained run-best candidates,11,11,inferred: legacy generation best=0 implies all weights=0,0.8268715220509796,3,2,all_zero_generation_detected,False
AMP-AD,xgboost,mount_sinai,high,legacy_zero_truncated,34,34,0,0.0,five retained run-best candidates,0,0,inferred: legacy generation best=0 implies all weights=0,0.8666303130806611,4,3,none,False
AMP-AD,xgboost,mount_sinai,low,legacy_zero_truncated,10,20,10,0.0,five retained run-best candidates,31,31,inferred: legacy generation best=0 implies all weights=0,0.8613106698269872,2,1,all_zero_generation_detected,False
AMP-AD,xgboost,mount_sinai,reference,legacy_zero_truncated,19,22,3,0.0,five retained run-best candidates,6,6,inferred: legacy generation best=0 implies all weights=0,0.8614270087849387,5,4,all_zero_generation_detected,False
AMP-AD,xgboost,rush,high,legacy_zero_truncated,40,40,0,0.0,five retained run-best candidates,0,0,inferred: legacy generation best=0 implies all weights=0,0.8686749458133228,1,0,none,False
AMP-AD,xgboost,rush,low,legacy_zero_truncated,7,23,16,0.0,five retained run-best candidates,59,59,inferred: legacy generation best=0 implies all weights=0,0.8651676871136675,2,1,all_zero_generation_detected,False
AMP-AD,xgboost,rush,reference,legacy_zero_truncated,20,20,0,0.0,five retained run-best candidates,13,13,inferred: legacy generation best=0 implies all weights=0,0.8594687647506388,2,1,all_zero_generation_detected,False
