outer_repeat,outer_fold,branch,method,n_features,model_seed,macro_ovr_auroc,macro_auprc,balanced_accuracy,accuracy,macro_f1
1,1,svm_l1,direct,82,51100,0.873000131803027,0.7310266098716263,0.6649516151015401,0.6464646464646465,0.646534055076729
1,1,svm_l1,rfecv_only,15,51100,0.8626343297778812,0.7358104075019287,0.6725273726772977,0.6565656565656566,0.6538610709891404
1,1,svm_l1,highest_locking_score,15,51100,0.864732558558642,0.7327696478520825,0.6694493662259778,0.6464646464646465,0.6618979998791468
1,1,svm_l1,legacy_top3_medoid,15,51100,0.8253854023556791,0.6523077230842618,0.651004043432829,0.6262626262626263,0.6405313684725449
1,1,svm_l1,unrestricted_medoid,15,51100,0.8253854023556791,0.6523077230842618,0.651004043432829,0.6262626262626263,0.6405313684725449
1,1,svm_l1,regret_constrained_medoid,15,51100,0.8253854023556791,0.6523077230842618,0.651004043432829,0.6262626262626263,0.6405313684725449
1,1,xgboost,direct,100,51110,0.8443183044810162,0.687385751988568,0.6540820498841489,0.6363636363636364,0.6343954248366013
1,1,xgboost,rfecv_only,20,51110,0.8538417060344493,0.7072202782715105,0.64875516787061,0.6262626262626263,0.6359825620389001
1,1,xgboost,highest_locking_score,20,51110,0.8562486175199854,0.714816839508657,0.6901435645813456,0.6666666666666666,0.6879610999329309
1,1,xgboost,legacy_top3_medoid,20,51110,0.8512640050549923,0.7049180014562815,0.6770251238017354,0.6565656565656566,0.6640218150768846
1,1,xgboost,unrestricted_medoid,20,51110,0.8592719866065848,0.7252246154134214,0.6866907455363227,0.6666666666666666,0.6779761904761905
1,1,xgboost,regret_constrained_medoid,20,51110,0.8562486175199854,0.714816839508657,0.6901435645813456,0.6666666666666666,0.6879610999329309
1,1,boruta_rf,direct,100,51120,0.8553906211417169,0.7061708451915087,0.6735723047567126,0.6565656565656566,0.654649631190727
1,1,boruta_rf,rfecv_only,8,51120,0.8164660138188327,0.6547271629147176,0.6703352869020035,0.6464646464646465,0.6559591536292636
1,1,boruta_rf,highest_locking_score,18,51120,0.8328822143641408,0.6760112956618618,0.6694493662259778,0.6464646464646465,0.6507218271924154
1,1,boruta_rf,legacy_top3_medoid,15,51120,0.8440576164567938,0.7006426279049197,0.6747762482395165,0.6565656565656566,0.6623247399366803
1,1,boruta_rf,unrestricted_medoid,18,51120,0.8607411103164423,0.7049858315195099,0.729953205215574,0.7171717171717171,0.7205004389815628
1,1,boruta_rf,regret_constrained_medoid,18,51120,0.8328822143641408,0.6760112956618618,0.6694493662259778,0.6464646464646465,0.6507218271924154
1,2,svm_l1,direct,75,51200,0.8472334231815657,0.7032886540791293,0.7007575757575758,0.6836734693877551,0.697319734345351
1,2,svm_l1,rfecv_only,15,51200,0.854111142984982,0.7300440778009791,0.6893939393939394,0.673469387755102,0.6821051307847082
1,2,svm_l1,highest_locking_score,15,51200,0.8413610383424625,0.7067739573239253,0.6734848484848484,0.6530612244897959,0.6685613390092879
1,2,svm_l1,legacy_top3_medoid,15,51200,0.8413610383424625,0.7067739573239253,0.6734848484848484,0.6530612244897959,0.6685613390092879
1,2,svm_l1,unrestricted_medoid,15,51200,0.8369548665988295,0.6910534934582384,0.6893939393939394,0.673469387755102,0.6828316610925307
1,2,svm_l1,regret_constrained_medoid,15,51200,0.8413610383424625,0.7067739573239253,0.6734848484848484,0.6530612244897959,0.6685613390092879
1,2,xgboost,direct,100,51210,0.8277949926750237,0.6672910709129258,0.6568181818181817,0.6326530612244898,0.651352559803264
1,2,xgboost,rfecv_only,20,51210,0.8338811730065601,0.6580256480212949,0.6992424242424242,0.6836734693877551,0.6911223105252956
1,2,xgboost,highest_locking_score,20,51210,0.8161770118426465,0.6714643541000282,0.6348484848484848,0.6122448979591837,0.624311307910575
1,2,xgboost,legacy_top3_medoid,20,51210,0.8241631304711801,0.6443578746524363,0.6583333333333332,0.6326530612244898,0.6544650545350172
1,2,xgboost,unrestricted_medoid,20,51210,0.8241631304711801,0.6443578746524363,0.6583333333333332,0.6326530612244898,0.6544650545350172
1,2,xgboost,regret_constrained_medoid,20,51210,0.8161770118426465,0.6714643541000282,0.6348484848484848,0.6122448979591837,0.624311307910575
1,2,boruta_rf,direct,100,51220,0.8433951626289088,0.7009532559797689,0.6878787878787879,0.673469387755102,0.6774891774891774
1,2,boruta_rf,rfecv_only,7,51220,0.8214514007664163,0.6613856560150797,0.6515151515151514,0.6326530612244898,0.6398174289478638
1,2,boruta_rf,highest_locking_score,18,51220,0.8271719186386369,0.6514855257005946,0.6446969696969697,0.6224489795918368,0.6359649122807016
1,2,boruta_rf,legacy_top3_medoid,19,51220,0.8327900041135335,0.6700592209949107,0.665151515151515,0.6428571428571429,0.659822944457919
1,2,boruta_rf,unrestricted_medoid,14,51220,0.8135428619368248,0.6426570800151931,0.6553030303030304,0.6224489795918368,0.6547663978955796
1,2,boruta_rf,regret_constrained_medoid,18,51220,0.8271719186386369,0.6514855257005946,0.6446969696969697,0.6224489795918368,0.6359649122807016
1,3,svm_l1,direct,83,51300,0.8111738815879682,0.6603456838306615,0.6106060606060606,0.5816326530612245,0.6098791755508174
1,3,svm_l1,rfecv_only,15,51300,0.8389571921886163,0.7062231466505093,0.6734848484848485,0.6428571428571429,0.674000438353636
1,3,svm_l1,highest_locking_score,15,51300,0.8256122940526966,0.6614711311676141,0.6303030303030303,0.6020408163265306,0.6229617717422595
1,3,svm_l1,legacy_top3_medoid,15,51300,0.8256122940526966,0.6614711311676141,0.6303030303030303,0.6020408163265306,0.6229617717422595
1,3,svm_l1,unrestricted_medoid,16,51300,0.7920026954469679,0.6363379105981855,0.5638111888111887,0.5510204081632653,0.5751499516743419
1,3,svm_l1,regret_constrained_medoid,15,51300,0.8256122940526966,0.6614711311676141,0.6303030303030303,0.6020408163265306,0.6229617717422595
1,3,xgboost,direct,100,51310,0.8214136933757678,0.6787144206861814,0.6530303030303031,0.6326530612244898,0.6433116596174484
1,3,xgboost,rfecv_only,20,51310,0.8056249864686397,0.6476820475723128,0.5992424242424242,0.5714285714285714,0.5973791755508173
1,3,xgboost,highest_locking_score,20,51310,0.8157410765189402,0.6516489813780317,0.6148601398601399,0.5918367346938775,0.620011655011655
1,3,xgboost,legacy_top3_medoid,20,51310,0.8157410765189402,0.6516489813780317,0.6148601398601399,0.5918367346938775,0.620011655011655
1,3,xgboost,unrestricted_medoid,20,51310,0.8157410765189402,0.6516489813780317,0.6148601398601399,0.5918367346938775,0.620011655011655
1,3,xgboost,regret_constrained_medoid,20,51310,0.8157410765189402,0.6516489813780317,0.6148601398601399,0.5918367346938775,0.620011655011655
1,3,boruta_rf,direct,100,51320,0.8213662885102514,0.6666426109998955,0.6272727272727272,0.6020408163265306,0.6256203146447049
1,3,boruta_rf,rfecv_only,10,51320,0.8208703641559678,0.6466829245557352,0.7037878787878787,0.673469387755102,0.7056222507331379
1,3,boruta_rf,highest_locking_score,17,51320,0.7847543967900005,0.619097018942931,0.6333333333333333,0.6020408163265306,0.6342515688445921
1,3,boruta_rf,legacy_top3_medoid,21,51320,0.8159427839961895,0.6645922810957186,0.6378787878787878,0.6122448979591837,0.6375440013849616
1,3,boruta_rf,unrestricted_medoid,20,51320,0.793158634451204,0.6282092791069782,0.634090909090909,0.6020408163265306,0.6363031233998976
1,3,boruta_rf,regret_constrained_medoid,21,51320,0.8159427839961895,0.6645922810957186,0.6378787878787878,0.6122448979591837,0.6375440013849616
1,4,svm_l1,direct,86,51400,0.809269945446857,0.6649174956590641,0.6668824678569806,0.6428571428571429,0.6366360523038604
1,4,svm_l1,rfecv_only,6,51400,0.8258294279433709,0.6537364094727496,0.6756621689155422,0.6530612244897959,0.6560457516339869
1,4,svm_l1,highest_locking_score,16,51400,0.8076821030044419,0.6367168401821056,0.602039889146336,0.5714285714285714,0.5665237803633395
1,4,svm_l1,legacy_top3_medoid,12,51400,0.7762798485578272,0.5903228458471741,0.6368974603607287,0.6020408163265306,0.601032301032301
1,4,svm_l1,unrestricted_medoid,16,51400,0.8076821030044419,0.6367168401821056,0.602039889146336,0.5714285714285714,0.5665237803633395
1,4,svm_l1,regret_constrained_medoid,16,51400,0.8076821030044419,0.6367168401821056,0.602039889146336,0.5714285714285714,0.5665237803633395
1,4,xgboost,direct,100,51410,0.7952414002788816,0.636458138458712,0.6635886602153468,0.6428571428571429,0.6225774225774225
1,4,xgboost,rfecv_only,20,51410,0.8079027619057604,0.6341369929417076,0.6549679705601744,0.6326530612244898,0.61943116538786
1,4,xgboost,highest_locking_score,20,51410,0.7998778233260992,0.6402495264497954,0.6106605788015084,0.5816326530612245,0.556067829093413
1,4,xgboost,legacy_top3_medoid,20,51410,0.7998778233260992,0.6402495264497954,0.6106605788015084,0.5816326530612245,0.556067829093413
1,4,xgboost,unrestricted_medoid,20,51410,0.7907554449842129,0.6182072252892871,0.6496410885466358,0.6224489795918368,0.6072691197691198
1,4,xgboost,regret_constrained_medoid,20,51410,0.7998778233260992,0.6402495264497954,0.6106605788015084,0.5816326530612245,0.556067829093413
1,4,boruta_rf,direct,100,51420,0.8147900525261844,0.6675728991187839,0.6453023488255871,0.6224489795918368,0.6131038356604076
1,4,boruta_rf,rfecv_only,8,51420,0.8360296774689578,0.697295881862265,0.6711644177911044,0.6530612244897959,0.6338562380321107
1,4,boruta_rf,highest_locking_score,14,51420,0.7958772711546325,0.632668769066684,0.6065376402707737,0.5714285714285714,0.5925735693999638
1,4,boruta_rf,legacy_top3_medoid,17,51420,0.8185683731560793,0.6554865928952089,0.6313547771568762,0.6020408163265306,0.6103514132925897
1,4,boruta_rf,unrestricted_medoid,20,51420,0.8198404993307541,0.6751649760441605,0.6658375357775658,0.6428571428571429,0.6347665847665848
1,4,boruta_rf,regret_constrained_medoid,17,51420,0.8185683731560793,0.6554865928952089,0.6313547771568762,0.6020408163265306,0.6103514132925897
1,5,svm_l1,direct,88,51500,0.8539253100722367,0.7146377670553021,0.6809890509290809,0.6632653061224489,0.6513708513708514
1,5,svm_l1,rfecv_only,10,51500,0.821237108718368,0.6677368150703986,0.7168915542228885,0.6938775510204082,0.7060101197087498
1,5,svm_l1,highest_locking_score,16,51500,0.8589828512317268,0.7427102749140128,0.6584207896051973,0.6326530612244898,0.6413587487781036
1,5,svm_l1,legacy_top3_medoid,12,51500,0.8616039532681212,0.7287660186882088,0.6801599200399799,0.6530612244897959,0.6696227477477477
1,5,svm_l1,unrestricted_medoid,15,51500,0.8737997085373397,0.7547685805355437,0.6857026032438327,0.6530612244897959,0.6815483472566908
1,5,svm_l1,regret_constrained_medoid,12,51500,0.8616039532681212,0.7287660186882088,0.6801599200399799,0.6530612244897959,0.6696227477477477
1,5,xgboost,direct,100,51510,0.8451261781696565,0.689495723903127,0.648380355276907,0.6326530612244898,0.5942444620253164
1,5,xgboost,rfecv_only,16,51510,0.8373828120904583,0.6909666460627176,0.6842828585707146,0.6632653061224489,0.6609719864176571
1,5,xgboost,highest_locking_score,19,51510,0.8351292186074795,0.6756119565652371,0.6713234291944937,0.6530612244897959,0.6451646435517403
1,5,xgboost,legacy_top3_medoid,19,51510,0.8351292186074795,0.6756119565652371,0.6713234291944937,0.6530612244897959,0.6451646435517403
1,5,xgboost,unrestricted_medoid,19,51510,0.8351292186074795,0.6756119565652371,0.6713234291944937,0.6530612244897959,0.6451646435517403
1,5,xgboost,regret_constrained_medoid,19,51510,0.8351292186074795,0.6756119565652371,0.6713234291944937,0.6530612244897959,0.6451646435517403
1,5,boruta_rf,direct,100,51520,0.8717468887933656,0.7408008437197777,0.6941074917086911,0.673469387755102,0.676828022875817
1,5,boruta_rf,rfecv_only,10,51520,0.8534607521414118,0.7274489138761655,0.6865317341329336,0.6632653061224489,0.6705239472838315
1,5,boruta_rf,highest_locking_score,20,51520,0.854471470558427,0.728401142344389,0.7113488710190359,0.6938775510204082,0.689979583772392
1,5,boruta_rf,legacy_top3_medoid,20,51520,0.854471470558427,0.728401142344389,0.7113488710190359,0.6938775510204082,0.689979583772392
1,5,boruta_rf,unrestricted_medoid,18,51520,0.8498959261627927,0.7082713706953021,0.6692903548225887,0.6428571428571429,0.6556051587301587
1,5,boruta_rf,regret_constrained_medoid,20,51520,0.854471470558427,0.728401142344389,0.7113488710190359,0.6938775510204082,0.689979583772392
2,1,svm_l1,direct,71,52100,0.8442941889419009,0.6932194050114808,0.6768661123983464,0.6565656565656566,0.6643543416520635
2,1,svm_l1,rfecv_only,14,52100,0.8420703054146201,0.7030378735087873,0.681363863522784,0.6565656565656566,0.6759615384615385
2,1,svm_l1,highest_locking_score,14,52100,0.8378319951128643,0.6970119425659059,0.6715392303848076,0.6464646464646465,0.6642765009380863
2,1,svm_l1,legacy_top3_medoid,14,52100,0.8568572910773222,0.7252036233098759,0.6737881059470264,0.6464646464646465,0.6686591228893058
2,1,svm_l1,unrestricted_medoid,14,52100,0.8404479504639653,0.6758765613530175,0.684441869974104,0.6666666666666666,0.6710275404305255
2,1,svm_l1,regret_constrained_medoid,14,52100,0.8404479504639653,0.6758765613530175,0.684441869974104,0.6666666666666666,0.6710275404305255
2,1,xgboost,direct,100,52110,0.8215231656940227,0.6691496543354145,0.6442574167461724,0.6262626262626263,0.6152146464646464
2,1,xgboost,rfecv_only,20,52110,0.8369498690918424,0.6899132579772373,0.6627027395393214,0.6464646464646465,0.6379513085978558
2,1,xgboost,highest_locking_score,20,52110,0.841598981883983,0.6891787234977284,0.6801031302530552,0.6666666666666666,0.660371318822023
2,1,xgboost,legacy_top3_medoid,20,52110,0.8306163541398794,0.6885906458448341,0.6454613602289764,0.6262626262626263,0.6260441490028847
2,1,xgboost,unrestricted_medoid,20,52110,0.820105312856893,0.6407484510133061,0.6218481668256781,0.5959595959595959,0.6047837230158493
2,1,xgboost,regret_constrained_medoid,20,52110,0.820105312856893,0.6407484510133061,0.6218481668256781,0.5959595959595959,0.6047837230158493
2,1,boruta_rf,direct,100,52120,0.8368940836392219,0.6718817245909386,0.6292649129980464,0.6060606060606061,0.6120271033314512
2,1,boruta_rf,rfecv_only,8,52120,0.7988426391518505,0.6195669061343239,0.6335468629321702,0.6161616161616161,0.6112460003764352
2,1,boruta_rf,highest_locking_score,18,52120,0.8160727321875216,0.663120537355092,0.5935782108945526,0.5656565656565656,0.5812354312354312
2,1,boruta_rf,legacy_top3_medoid,18,52120,0.8160727321875216,0.663120537355092,0.5935782108945526,0.5656565656565656,0.5812354312354312
2,1,boruta_rf,unrestricted_medoid,15,52120,0.8468759762240713,0.701661990983578,0.6629185407296351,0.6363636363636364,0.6557291666666666
2,1,boruta_rf,regret_constrained_medoid,18,52120,0.8160727321875216,0.663120537355092,0.5935782108945526,0.5656565656565656,0.5812354312354312
2,2,svm_l1,direct,79,52200,0.8212328692978847,0.6938778257478908,0.6348484848484849,0.6224489795918368,0.6028594771241831
2,2,svm_l1,rfecv_only,15,52200,0.8393209602574928,0.6883808760521869,0.6371212121212121,0.6224489795918368,0.6186813186813187
2,2,svm_l1,highest_locking_score,15,52200,0.8120341603700738,0.6487415880190603,0.6371212121212121,0.6122448979591837,0.628389154704944
2,2,svm_l1,legacy_top3_medoid,15,52200,0.8120341603700738,0.6487415880190603,0.6371212121212121,0.6122448979591837,0.628389154704944
2,2,svm_l1,unrestricted_medoid,15,52200,0.7848324727388195,0.628589671015234,0.6325757575757575,0.6122448979591837,0.6211601696676323
2,2,svm_l1,regret_constrained_medoid,15,52200,0.8120341603700738,0.6487415880190603,0.6371212121212121,0.6122448979591837,0.628389154704944
2,2,xgboost,direct,100,52210,0.8370024969870171,0.7113206802464742,0.6545454545454545,0.6428571428571429,0.6280292087947359
2,2,xgboost,rfecv_only,19,52210,0.8358161575266838,0.6956749945100504,0.6613636363636364,0.6428571428571429,0.6473516679399032
2,2,xgboost,highest_locking_score,19,52210,0.8173460311618206,0.6696970857819133,0.6530303030303031,0.6326530612244898,0.6413764510779436
2,2,xgboost,legacy_top3_medoid,20,52210,0.7909158565892312,0.6234971682233953,0.6029137529137529,0.6122448979591837,0.5964446400625978
2,2,xgboost,unrestricted_medoid,20,52210,0.7909158565892312,0.6234971682233953,0.6029137529137529,0.6122448979591837,0.5964446400625978
2,2,xgboost,regret_constrained_medoid,20,52210,0.7909158565892312,0.6234971682233953,0.6029137529137529,0.6122448979591837,0.5964446400625978
2,2,boruta_rf,direct,100,52220,0.8372355070110489,0.6921077600488618,0.6136363636363635,0.5918367346938775,0.5990790255496138
2,2,boruta_rf,rfecv_only,10,52220,0.821475892528524,0.6819133557650546,0.6348484848484849,0.6224489795918368,0.6043277900220396
2,2,boruta_rf,highest_locking_score,17,52220,0.8264851569998628,0.6795933512094838,0.6022727272727272,0.5816326530612245,0.5791966984422228
2,2,boruta_rf,legacy_top3_medoid,22,52220,0.818098013957147,0.6697446700617413,0.6265151515151516,0.6122448979591837,0.5988182773109243
2,2,boruta_rf,unrestricted_medoid,22,52220,0.818098013957147,0.6697446700617413,0.6265151515151516,0.6122448979591837,0.5988182773109243
2,2,boruta_rf,regret_constrained_medoid,17,52220,0.8264851569998628,0.6795933512094838,0.6022727272727272,0.5816326530612245,0.5791966984422228
2,3,svm_l1,direct,90,52300,0.8318538595047883,0.6842044706118906,0.6992424242424242,0.6836734693877551,0.6913990969522138
2,3,svm_l1,rfecv_only,9,52300,0.801482991982218,0.6452936134231784,0.671969696969697,0.6428571428571429,0.6683457711442786
2,3,svm_l1,highest_locking_score,16,52300,0.8005697604768812,0.6470860259728737,0.6474358974358975,0.6428571428571429,0.6304402463839851
2,3,svm_l1,legacy_top3_medoid,12,52300,0.8221257586582664,0.6750930443647836,0.6863636363636364,0.6632653061224489,0.6826383513931888
2,3,svm_l1,unrestricted_medoid,13,52300,0.7905400907142393,0.6181239698564677,0.6151515151515151,0.5918367346938775,0.5970001675884028
2,3,svm_l1,regret_constrained_medoid,16,52300,0.8005697604768812,0.6470860259728737,0.6474358974358975,0.6428571428571429,0.6304402463839851
2,3,xgboost,direct,100,52310,0.8306422615052645,0.6849512547870127,0.6734848484848485,0.6632653061224489,0.6509507258229401
2,3,xgboost,rfecv_only,20,52310,0.8216999493025035,0.6462079960833121,0.6636363636363636,0.6428571428571429,0.6589905192846369
2,3,xgboost,highest_locking_score,20,52310,0.8289782199224923,0.6752485345557904,0.6696969696969697,0.6530612244897959,0.6527694704483177
2,3,xgboost,legacy_top3_medoid,20,52310,0.8004868583428955,0.6305670299707101,0.6716783216783215,0.6632653061224489,0.6586827765932244
2,3,xgboost,unrestricted_medoid,20,52310,0.8004768902408221,0.6318913411043467,0.600932400932401,0.5918367346938775,0.5894179894179895
2,3,xgboost,regret_constrained_medoid,20,52310,0.8156862745098039,0.6522772914295375,0.6883449883449884,0.6836734693877551,0.6894339674359958
2,3,boruta_rf,direct,100,52320,0.8406368399402455,0.6888832036971351,0.6992424242424242,0.6836734693877551,0.6913990969522138
2,3,boruta_rf,rfecv_only,9,52320,0.8209467261324846,0.6615283938747379,0.721969696969697,0.7040816326530612,0.7188811188811189
2,3,boruta_rf,highest_locking_score,20,52320,0.8198136551271226,0.684461145611235,0.6628787878787877,0.6428571428571429,0.6547831253713606
2,3,boruta_rf,legacy_top3_medoid,12,52320,0.8000007216725482,0.6522736232128474,0.675,0.6530612244897959,0.6689012918600277
2,3,boruta_rf,unrestricted_medoid,17,52320,0.8138778082083036,0.6359589056106131,0.6530303030303031,0.6326530612244898,0.6412087912087913
2,3,boruta_rf,regret_constrained_medoid,12,52320,0.8000007216725482,0.6522736232128474,0.675,0.6530612244897959,0.6689012918600277
2,4,svm_l1,direct,71,52400,0.8579456076157725,0.7294278802277737,0.7287492617327699,0.7142857142857143,0.7143037826899129
2,4,svm_l1,rfecv_only,15,52400,0.8604588964259129,0.7204326929974896,0.698605242833129,0.673469387755102,0.6914009193420958
2,4,svm_l1,highest_locking_score,15,52400,0.8626352208511129,0.7233613950127381,0.7246263232020353,0.7040816326530612,0.7191142191142191
2,4,svm_l1,legacy_top3_medoid,15,52400,0.8626352208511129,0.7233613950127381,0.7246263232020353,0.7040816326530612,0.7191142191142191
2,4,svm_l1,unrestricted_medoid,15,52400,0.838469017239632,0.6987998502086359,0.651004043432829,0.6224489795918368,0.6387153729797317
2,4,svm_l1,regret_constrained_medoid,15,52400,0.838469017239632,0.6987998502086359,0.651004043432829,0.6224489795918368,0.6387153729797317
2,4,xgboost,direct,100,52410,0.8624277022327997,0.7414829121357294,0.7384148834673573,0.7244897959183674,0.7221407624633431
2,4,xgboost,rfecv_only,19,52410,0.8266475154031376,0.6689788987669898,0.6908136840670573,0.673469387755102,0.6686827956989247
2,4,xgboost,highest_locking_score,21,52410,0.8409863949144308,0.721374212833019,0.7330880014538185,0.7142857142857143,0.7198283450704225
2,4,xgboost,legacy_top3_medoid,19,52410,0.8277390675291725,0.6977562573883469,0.7031029939575666,0.673469387755102,0.7030423993958357
2,4,xgboost,unrestricted_medoid,19,52410,0.8277390675291725,0.6977562573883469,0.7031029939575666,0.673469387755102,0.7030423993958357
2,4,xgboost,regret_constrained_medoid,21,52410,0.8409863949144308,0.721374212833019,0.7330880014538185,0.7142857142857143,0.7198283450704225
2,4,boruta_rf,direct,100,52420,0.8912980223175125,0.7544660052430208,0.7103039389396211,0.6938775510204082,0.6927534745371557
2,4,boruta_rf,rfecv_only,9,52420,0.8203338191044338,0.6619235336302722,0.6249829630639225,0.5918367346938775,0.6162703416801778
2,4,boruta_rf,highest_locking_score,19,52420,0.8561783443942363,0.7008512320723896,0.6953114351914952,0.673469387755102,0.6852477477477477
2,4,boruta_rf,legacy_top3_medoid,19,52420,0.8561783443942363,0.7008512320723896,0.6953114351914952,0.673469387755102,0.6852477477477477
2,4,boruta_rf,unrestricted_medoid,16,52420,0.8488871648092038,0.7004899643773211,0.6885648085048385,0.673469387755102,0.6586781570652538
2,4,boruta_rf,regret_constrained_medoid,19,52420,0.8561783443942363,0.7008512320723896,0.6953114351914952,0.673469387755102,0.6852477477477477
2,5,svm_l1,direct,85,52500,0.8533119454258884,0.7108606337007639,0.664792603698151,0.6428571428571429,0.6415093744081813
2,5,svm_l1,rfecv_only,13,52500,0.8424174975449339,0.6853637156448059,0.6617145972468311,0.6326530612244898,0.6485199485199484
2,5,svm_l1,highest_locking_score,13,52500,0.8219645771519835,0.6607403206504533,0.6054927081913589,0.5714285714285714,0.5917848844319433
2,5,svm_l1,legacy_top3_medoid,13,52500,0.8219645771519835,0.6607403206504533,0.6054927081913589,0.5714285714285714,0.5917848844319433
2,5,svm_l1,unrestricted_medoid,13,52500,0.8190945086897111,0.6446808169933881,0.6368974603607287,0.6020408163265306,0.6294274228596263
2,5,svm_l1,regret_constrained_medoid,13,52500,0.8190945086897111,0.6446808169933881,0.6368974603607287,0.6020408163265306,0.6294274228596263
2,5,xgboost,direct,100,52510,0.8438194888569702,0.6968114668280128,0.6670414792603697,0.6428571428571429,0.6489457736254025
2,5,xgboost,rfecv_only,20,52510,0.8135120901087918,0.6433003410091569,0.6346485847985098,0.6020408163265306,0.6228782954135067
2,5,xgboost,highest_locking_score,20,52510,0.866615748070021,0.7358572500815419,0.6542978510744627,0.6224489795918368,0.6492699679936706
2,5,xgboost,legacy_top3_medoid,20,52510,0.866615748070021,0.7358572500815419,0.6542978510744627,0.6224489795918368,0.6492699679936706
2,5,xgboost,unrestricted_medoid,20,52510,0.814778799411483,0.6462230946642175,0.6175662168915542,0.5816326530612245,0.6125
2,5,xgboost,regret_constrained_medoid,20,52510,0.866615748070021,0.7358572500815419,0.6542978510744627,0.6224489795918368,0.6492699679936706
2,5,boruta_rf,direct,100,52520,0.8501335346312857,0.7118179155153499,0.6291059015946572,0.6020408163265306,0.6057275541795665
2,5,boruta_rf,rfecv_only,9,52520,0.8145266178099762,0.6491311777995479,0.6617145972468311,0.6326530612244898,0.6494209373307733
2,5,boruta_rf,highest_locking_score,20,52520,0.8442312060752839,0.7100929005959561,0.6444732179364863,0.6122448979591837,0.6342637383900929
2,5,boruta_rf,legacy_top3_medoid,16,52520,0.8272743348605418,0.6792357987780525,0.6120803234746264,0.5714285714285714,0.6105118986474919
2,5,boruta_rf,unrestricted_medoid,15,52520,0.8686708394054721,0.7352207705460205,0.6746172368361274,0.6530612244897959,0.6570102897544348
2,5,boruta_rf,regret_constrained_medoid,20,52520,0.8442312060752839,0.7100929005959561,0.6444732179364863,0.6122448979591837,0.6342637383900929
