outer_repeat,outer_fold,branch,method,features,feature_count
1,1,svm_l1,direct,"[""RNA::ABCG1"", ""RNA::ADAM2"", ""RNA::AK2"", ""RNA::ANKRD27"", ""RNA::ANO2"", ""RNA::AQP7P1"", ""RNA::AQP7P3"", ""RNA::ARV1"", ""RNA::ATP5EP2"", ""RNA::ATP8B5P"", ""RNA::BRF2"", ""RNA::C12orf43"", ""RNA::C15orf21"", ""RNA::C1orf123"", ""RNA::C4A"", ""RNA::CARD8"", ""RNA::CASP1"", ""RNA::CDK11B"", ""RNA::CHRNA7"", ""RNA::CT45A3"", ""RNA::CYTL1"", ""RNA::DMBX1"", ""RNA::FAM125B"", ""RNA::FAM159A"", ""RNA::FHL3"", ""RNA::FOXD3"", ""RNA::FTHL3"", ""RNA::FXN"", ""RNA::FYCO1"", ""RNA::GCSH"", ""RNA::GPR182"", ""RNA::H3F3C"", ""RNA::HAPLN1"", ""RNA::HCG22"", ""RNA::HECTD3"", ""RNA::HIST1H4H"", ""RNA::HTN3"", ""RNA::IL12A"", ""RNA::KRTAP4-7"", ""RNA::LAYN"", ""RNA::LEKR1"", ""RNA::LOC100240726"", ""RNA::LOC100288778"", ""RNA::LOC643387"", ""RNA::LOC723809"", ""RNA::LOC728643"", ""RNA::LSM14A"", ""RNA::MFNG"", ""RNA::MFSD2B"", ""RNA::MIA"", ""RNA::MRPS10"", ""RNA::MSX2"", ""RNA::MSX2P1"", ""RNA::MYH6"", ""RNA::MYOZ2"", ""RNA::NACAP1"", ""RNA::NANP"", ""RNA::NECAP2"", ""RNA::NIF3L1"", ""RNA::NUDT3"", ""RNA::PA2G4P4"", ""RNA::PGA5"", ""RNA::PLEKHA4"", ""RNA::PMP2"", ""RNA::POLR2C"", ""RNA::PPIAL4C"", ""RNA::RBBP7"", ""RNA::SH3BGRL3"", ""RNA::SRXN1"", ""RNA::STC2"", ""RNA::SUMO1P3"", ""RNA::SUSD3"", ""RNA::SYF2"", ""RNA::TFF2"", ""RNA::THRAP3"", ""RNA::TMEM149"", ""RNA::TRIM35"", ""RNA::TRIM48"", ""RNA::ZNF263"", ""RNA::ZNF75D"", ""SCNV::KCTD15"", ""SCNV::LINC00662""]",82
1,1,svm_l1,rfecv_only,"[""RNA::ABCG1"", ""RNA::AK2"", ""RNA::CARD8"", ""RNA::FTHL3"", ""RNA::GCSH"", ""RNA::LEKR1"", ""RNA::LOC643387"", ""RNA::LOC728643"", ""RNA::LSM14A"", ""RNA::NACAP1"", ""RNA::PLEKHA4"", ""RNA::PPIAL4C"", ""RNA::SUMO1P3"", ""RNA::SYF2"", ""SCNV::KCTD15""]",15
1,1,svm_l1,highest_locking_score,"[""RNA::ADAM2"", ""RNA::C15orf21"", ""RNA::FTHL3"", ""RNA::HIST1H4H"", ""RNA::KRTAP4-7"", ""RNA::LAYN"", ""RNA::LOC643387"", ""RNA::LOC723809"", ""RNA::MIA"", ""RNA::MRPS10"", ""RNA::NUDT3"", ""RNA::PLEKHA4"", ""RNA::THRAP3"", ""RNA::TRIM48"", ""RNA::ZNF75D""]",15
1,1,svm_l1,legacy_top3_medoid,"[""RNA::BRF2"", ""RNA::CYTL1"", ""RNA::FAM159A"", ""RNA::FXN"", ""RNA::HTN3"", ""RNA::LAYN"", ""RNA::LOC643387"", ""RNA::LOC723809"", ""RNA::LOC728643"", ""RNA::MFSD2B"", ""RNA::MIA"", ""RNA::PGA5"", ""RNA::PPIAL4C"", ""RNA::TRIM35"", ""RNA::ZNF75D""]",15
1,1,svm_l1,unrestricted_medoid,"[""RNA::BRF2"", ""RNA::CYTL1"", ""RNA::FAM159A"", ""RNA::FXN"", ""RNA::HTN3"", ""RNA::LAYN"", ""RNA::LOC643387"", ""RNA::LOC723809"", ""RNA::LOC728643"", ""RNA::MFSD2B"", ""RNA::MIA"", ""RNA::PGA5"", ""RNA::PPIAL4C"", ""RNA::TRIM35"", ""RNA::ZNF75D""]",15
1,1,svm_l1,regret_constrained_medoid,"[""RNA::BRF2"", ""RNA::CYTL1"", ""RNA::FAM159A"", ""RNA::FXN"", ""RNA::HTN3"", ""RNA::LAYN"", ""RNA::LOC643387"", ""RNA::LOC723809"", ""RNA::LOC728643"", ""RNA::MFSD2B"", ""RNA::MIA"", ""RNA::PGA5"", ""RNA::PPIAL4C"", ""RNA::TRIM35"", ""RNA::ZNF75D""]",15
1,1,xgboost,direct,"[""RNA::AAA1"", ""RNA::ABI1"", ""RNA::ACSM5"", ""RNA::ALG14"", ""RNA::ALKBH3"", ""RNA::ANKHD1-EIF4EBP3"", ""RNA::ANKRD12"", ""RNA::ANKRD31"", ""RNA::ANO2"", ""RNA::ANXA10"", ""RNA::APOC4"", ""RNA::ARFIP2"", ""RNA::ASAP3"", ""RNA::ATP8B5P"", ""RNA::ATXN7"", ""RNA::C11orf70"", ""RNA::C14orf68"", ""RNA::C14orf70"", ""RNA::C15orf21"", ""RNA::C15orf5"", ""RNA::C15orf55"", ""RNA::C17orf102"", ""RNA::C17orf103"", ""RNA::C1orf116"", ""RNA::C5orf60"", ""RNA::CAMK2G"", ""RNA::CCDC41"", ""RNA::CDH20"", ""RNA::CDK11B"", ""RNA::CECR7"", ""RNA::CP"", ""RNA::CST6"", ""RNA::CT45A1"", ""RNA::CXorf26"", ""RNA::CYTSB"", ""RNA::DEGS2"", ""RNA::DNALI1"", ""RNA::EEF1A1P9"", ""RNA::EIF1B"", ""RNA::FAM40A"", ""RNA::FBXO21"", ""RNA::FCHSD2"", ""RNA::FMOD"", ""RNA::GALNS"", ""RNA::GCSH"", ""RNA::GMPS"", ""RNA::GPR182"", ""RNA::GTPBP5"", ""RNA::HNRNPA3P1"", ""RNA::KCNH4"", ""RNA::KDELR1"", ""RNA::KIAA0195"", ""RNA::KIAA0649"", ""RNA::KIAA1024"", ""RNA::LCN12"", ""RNA::LEPREL2"", ""RNA::LOC146481"", ""RNA::LRRC42"", ""RNA::LRRTM4"", ""RNA::LSM14A"", ""RNA::MFSD2B"", ""RNA::MKRN2"", ""RNA::MN1"", ""RNA::MORF4L1"", ""RNA::MTHFR"", ""RNA::MYO1C"", ""RNA::NADK"", ""RNA::NFIA"", ""RNA::NKX2-8"", ""RNA::NOP58"", ""RNA::NTHL1"", ""RNA::OPA3"", ""RNA::PAFAH1B1"", ""RNA::PLSCR1"", ""RNA::PMPCA"", ""RNA::PPP3CC"", ""RNA::PRR5L"", ""RNA::PRSS48"", ""RNA::PYGO2"", ""RNA::RCN1"", ""RNA::RGS2"", ""RNA::RPL5"", ""RNA::RTKN"", ""RNA::SC65"", ""RNA::SCARF2"", ""RNA::SH2D1A"", ""RNA::SHF"", ""RNA::SLC10A3"", ""RNA::SLC7A11"", ""RNA::SMOC2"", ""RNA::SRP68"", ""RNA::TARP"", ""RNA::THBS3"", ""RNA::TMOD2"", ""RNA::TRIM67"", ""RNA::UPF0639"", ""RNA::UPF3B"", ""RNA::ZDHHC21"", ""SCNV::ACAP3"", ""SCNV::RN7SL420P""]",100
1,1,xgboost,rfecv_only,"[""RNA::ANKRD12"", ""RNA::ASAP3"", ""RNA::ATP8B5P"", ""RNA::C15orf21"", ""RNA::CP"", ""RNA::DEGS2"", ""RNA::DNALI1"", ""RNA::EEF1A1P9"", ""RNA::FCHSD2"", ""RNA::GCSH"", ""RNA::HNRNPA3P1"", ""RNA::KDELR1"", ""RNA::LRRC42"", ""RNA::LRRTM4"", ""RNA::LSM14A"", ""RNA::MFSD2B"", ""RNA::NADK"", ""RNA::NFIA"", ""RNA::PLSCR1"", ""RNA::TMOD2""]",20
1,1,xgboost,highest_locking_score,"[""RNA::ANKRD12"", ""RNA::ATXN7"", ""RNA::C14orf70"", ""RNA::C1orf116"", ""RNA::CAMK2G"", ""RNA::CP"", ""RNA::EEF1A1P9"", ""RNA::GCSH"", ""RNA::GPR182"", ""RNA::HNRNPA3P1"", ""RNA::KDELR1"", ""RNA::OPA3"", ""RNA::PLSCR1"", ""RNA::PMPCA"", ""RNA::SCARF2"", ""RNA::SHF"", ""RNA::SRP68"", ""RNA::TMOD2"", ""RNA::UPF3B"", ""SCNV::RN7SL420P""]",20
1,1,xgboost,legacy_top3_medoid,"[""RNA::ALKBH3"", ""RNA::ANKHD1-EIF4EBP3"", ""RNA::APOC4"", ""RNA::CDH20"", ""RNA::CP"", ""RNA::DNALI1"", ""RNA::FBXO21"", ""RNA::GCSH"", ""RNA::KCNH4"", ""RNA::KIAA0195"", ""RNA::LRRC42"", ""RNA::MORF4L1"", ""RNA::MTHFR"", ""RNA::NADK"", ""RNA::NKX2-8"", ""RNA::PMPCA"", ""RNA::PRR5L"", ""RNA::PYGO2"", ""RNA::SLC7A11"", ""RNA::UPF3B""]",20
1,1,xgboost,unrestricted_medoid,"[""RNA::ACSM5"", ""RNA::ANKRD12"", ""RNA::ATP8B5P"", ""RNA::C15orf21"", ""RNA::C17orf103"", ""RNA::CDK11B"", ""RNA::CXorf26"", ""RNA::CYTSB"", ""RNA::FBXO21"", ""RNA::FMOD"", ""RNA::GTPBP5"", ""RNA::LCN12"", ""RNA::LRRTM4"", ""RNA::MTHFR"", ""RNA::OPA3"", ""RNA::PYGO2"", ""RNA::SHF"", ""RNA::SLC10A3"", ""RNA::THBS3"", ""SCNV::RN7SL420P""]",20
1,1,xgboost,regret_constrained_medoid,"[""RNA::ANKRD12"", ""RNA::ATXN7"", ""RNA::C14orf70"", ""RNA::C1orf116"", ""RNA::CAMK2G"", ""RNA::CP"", ""RNA::EEF1A1P9"", ""RNA::GCSH"", ""RNA::GPR182"", ""RNA::HNRNPA3P1"", ""RNA::KDELR1"", ""RNA::OPA3"", ""RNA::PLSCR1"", ""RNA::PMPCA"", ""RNA::SCARF2"", ""RNA::SHF"", ""RNA::SRP68"", ""RNA::TMOD2"", ""RNA::UPF3B"", ""SCNV::RN7SL420P""]",20
1,1,boruta_rf,direct,"[""RNA::AARS"", ""RNA::ACBD5"", ""RNA::ACTL6A"", ""RNA::ACTR3"", ""RNA::AKAP6"", ""RNA::ANXA2P1"", ""RNA::ASAP3"", ""RNA::ATP5EP2"", ""RNA::ATP6V1C2"", ""RNA::ATP8B5P"", ""RNA::BRD7"", ""RNA::BZW1"", ""RNA::C15orf21"", ""RNA::C1orf116"", ""RNA::C1orf144"", ""RNA::CAPZA1"", ""RNA::CASP6"", ""RNA::CCDC109B"", ""RNA::CDC26"", ""RNA::CENPL"", ""RNA::CKLF"", ""RNA::CLIC1"", ""RNA::CNIH4"", ""RNA::COMMD10"", ""RNA::CPEB3"", ""RNA::CTCFL"", ""RNA::DCUN1D5"", ""RNA::DDOST"", ""RNA::DNALI1"", ""RNA::DOCK7"", ""RNA::DST"", ""RNA::DTYMK"", ""RNA::DYNC1H1"", ""RNA::EDARADD"", ""RNA::EEF1A1P9"", ""RNA::FAM71D"", ""RNA::FAM90A7"", ""RNA::FTHL3"", ""RNA::GBAP1"", ""RNA::GCSH"", ""RNA::GGTLC1"", ""RNA::GPN1"", ""RNA::GPR179"", ""RNA::GPX7"", ""RNA::GUSBL1"", ""RNA::H3F3C"", ""RNA::HDAC1"", ""RNA::HIPK2"", ""RNA::HMGN5"", ""RNA::HNRNPA3P1"", ""RNA::KDELR1"", ""RNA::KIAA0427"", ""RNA::KIAA1409"", ""RNA::LDHA"", ""RNA::LOC100130776"", ""RNA::LOC284232"", ""RNA::LOC341056"", ""RNA::LOC407835"", ""RNA::LOC442454"", ""RNA::LOC541471"", ""RNA::LOC643387"", ""RNA::LOC644936"", ""RNA::LOC728643"", ""RNA::LRRC37A4"", ""RNA::LRRC42"", ""RNA::LRRTM4"", ""RNA::LSM14A"", ""RNA::LYPLA1"", ""RNA::MFSD2B"", ""RNA::MLLT6"", ""RNA::MMP11"", ""RNA::MPRIP"", ""RNA::MTMR12"", ""RNA::NACA2"", ""RNA::NACAP1"", ""RNA::NADK"", ""RNA::NALCN"", ""RNA::NCRNA00152"", ""RNA::NEK10"", ""RNA::NET1"", ""RNA::NFIA"", ""RNA::NOX4"", ""RNA::NUP37"", ""RNA::OSTC"", ""RNA::PA2G4P4"", ""RNA::PCNA"", ""RNA::PIGC"", ""RNA::PMS2L2"", ""RNA::PPIA"", ""RNA::PPIAL4C"", ""RNA::PRDX4"", ""RNA::PVT1"", ""RNA::RAB6C"", ""RNA::RAN"", ""RNA::RAP1B"", ""RNA::RGPD4"", ""RNA::RPF1"", ""RNA::RPL12"", ""RNA::RPL13A"", ""RNA::RPL13AP3""]",100
1,1,boruta_rf,rfecv_only,"[""RNA::C1orf144"", ""RNA::HDAC1"", ""RNA::LOC442454"", ""RNA::LOC643387"", ""RNA::LOC728643"", ""RNA::NACAP1"", ""RNA::NFIA"", ""RNA::RPL13AP3""]",8
1,1,boruta_rf,highest_locking_score,"[""RNA::ACBD5"", ""RNA::AKAP6"", ""RNA::DST"", ""RNA::GPX7"", ""RNA::H3F3C"", ""RNA::HIPK2"", ""RNA::LDHA"", ""RNA::LOC100130776"", ""RNA::LOC284232"", ""RNA::LOC541471"", ""RNA::LRRTM4"", ""RNA::LSM14A"", ""RNA::MLLT6"", ""RNA::MTMR12"", ""RNA::NEK10"", ""RNA::OSTC"", ""RNA::RGPD4"", ""RNA::RPL13A""]",18
1,1,boruta_rf,legacy_top3_medoid,"[""RNA::ACTR3"", ""RNA::ATP8B5P"", ""RNA::C15orf21"", ""RNA::C1orf116"", ""RNA::CLIC1"", ""RNA::DNALI1"", ""RNA::DST"", ""RNA::DYNC1H1"", ""RNA::EDARADD"", ""RNA::EEF1A1P9"", ""RNA::LSM14A"", ""RNA::LYPLA1"", ""RNA::MTMR12"", ""RNA::NCRNA00152"", ""RNA::RAB6C""]",15
1,1,boruta_rf,unrestricted_medoid,"[""RNA::AKAP6"", ""RNA::ASAP3"", ""RNA::BRD7"", ""RNA::CAPZA1"", ""RNA::CLIC1"", ""RNA::EEF1A1P9"", ""RNA::GPN1"", ""RNA::H3F3C"", ""RNA::KDELR1"", ""RNA::LOC728643"", ""RNA::MFSD2B"", ""RNA::MLLT6"", ""RNA::NCRNA00152"", ""RNA::OSTC"", ""RNA::PIGC"", ""RNA::RGPD4"", ""RNA::RPL12"", ""RNA::RPL13AP3""]",18
1,1,boruta_rf,regret_constrained_medoid,"[""RNA::ACBD5"", ""RNA::AKAP6"", ""RNA::DST"", ""RNA::GPX7"", ""RNA::H3F3C"", ""RNA::HIPK2"", ""RNA::LDHA"", ""RNA::LOC100130776"", ""RNA::LOC284232"", ""RNA::LOC541471"", ""RNA::LRRTM4"", ""RNA::LSM14A"", ""RNA::MLLT6"", ""RNA::MTMR12"", ""RNA::NEK10"", ""RNA::OSTC"", ""RNA::RGPD4"", ""RNA::RPL13A""]",18
1,2,svm_l1,direct,"[""RNA::ABCG1"", ""RNA::ACADM"", ""RNA::AK2"", ""RNA::ANAPC5"", ""RNA::ASAP3"", ""RNA::ATP5EP2"", ""RNA::ATP8B5P"", ""RNA::C14orf143"", ""RNA::C3orf48"", ""RNA::CARD8"", ""RNA::CHRDL2"", ""RNA::CLP1"", ""RNA::CNNM3"", ""RNA::CYTL1"", ""RNA::DCPS"", ""RNA::ECHDC3"", ""RNA::EEF1A1P9"", ""RNA::EEPD1"", ""RNA::ESM1"", ""RNA::FAM180B"", ""RNA::FOXD3"", ""RNA::FTHL3"", ""RNA::FYCO1"", ""RNA::G6PC2"", ""RNA::GCSH"", ""RNA::GDF7"", ""RNA::GMDS"", ""RNA::GOLGA6L5"", ""RNA::HCG22"", ""RNA::HDAC1"", ""RNA::HERC2"", ""RNA::HIST1H4H"", ""RNA::HNRNPA3P1"", ""RNA::HPS3"", ""RNA::HSPBAP1"", ""RNA::HTN3"", ""RNA::ID3"", ""RNA::IL9"", ""RNA::LEKR1"", ""RNA::LOC100129034"", ""RNA::LOC100132831"", ""RNA::LOC643387"", ""RNA::LOC728643"", ""RNA::MFNG"", ""RNA::MFSD2B"", ""RNA::MSX2"", ""RNA::MSX2P1"", ""RNA::NACAP1"", ""RNA::NUDT3"", ""RNA::OR6C75"", ""RNA::PA2G4P4"", ""RNA::PARP9"", ""RNA::PGRMC2"", ""RNA::PLEKHA4"", ""RNA::PMP2"", ""RNA::PPIAL4C"", ""RNA::PRRG2"", ""RNA::SCN7A"", ""RNA::SCRT2"", ""RNA::SLC47A1"", ""RNA::SNTG1"", ""RNA::SPATS2"", ""RNA::SUMF1"", ""RNA::SUMO1P3"", ""RNA::SYF2"", ""RNA::TAL1"", ""RNA::TAOK3"", ""RNA::TBC1D25"", ""RNA::THAP8"", ""RNA::THRAP3"", ""RNA::TRIM35"", ""RNA::ZNF596"", ""SCNV::KCTD15"", ""SCNV::ZNF254"", ""SCNV::ZNF726""]",75
1,2,svm_l1,rfecv_only,"[""RNA::AK2"", ""RNA::ASAP3"", ""RNA::CARD8"", ""RNA::EEF1A1P9"", ""RNA::FTHL3"", ""RNA::HDAC1"", ""RNA::HNRNPA3P1"", ""RNA::LOC100129034"", ""RNA::LOC643387"", ""RNA::LOC728643"", ""RNA::NACAP1"", ""RNA::PLEKHA4"", ""RNA::PPIAL4C"", ""RNA::SUMO1P3"", ""RNA::SYF2""]",15
1,2,svm_l1,highest_locking_score,"[""RNA::ECHDC3"", ""RNA::GCSH"", ""RNA::GDF7"", ""RNA::HSPBAP1"", ""RNA::HTN3"", ""RNA::IL9"", ""RNA::LOC100132831"", ""RNA::MSX2"", ""RNA::NUDT3"", ""RNA::PMP2"", ""RNA::SPATS2"", ""RNA::SYF2"", ""RNA::TAOK3"", ""RNA::ZNF596"", ""SCNV::KCTD15""]",15
1,2,svm_l1,legacy_top3_medoid,"[""RNA::ECHDC3"", ""RNA::GCSH"", ""RNA::GDF7"", ""RNA::HSPBAP1"", ""RNA::HTN3"", ""RNA::IL9"", ""RNA::LOC100132831"", ""RNA::MSX2"", ""RNA::NUDT3"", ""RNA::PMP2"", ""RNA::SPATS2"", ""RNA::SYF2"", ""RNA::TAOK3"", ""RNA::ZNF596"", ""SCNV::KCTD15""]",15
1,2,svm_l1,unrestricted_medoid,"[""RNA::AK2"", ""RNA::CYTL1"", ""RNA::GCSH"", ""RNA::GOLGA6L5"", ""RNA::HCG22"", ""RNA::HSPBAP1"", ""RNA::LOC643387"", ""RNA::MSX2"", ""RNA::PARP9"", ""RNA::PLEKHA4"", ""RNA::PPIAL4C"", ""RNA::SUMF1"", ""RNA::TAOK3"", ""SCNV::KCTD15"", ""SCNV::ZNF726""]",15
1,2,svm_l1,regret_constrained_medoid,"[""RNA::ECHDC3"", ""RNA::GCSH"", ""RNA::GDF7"", ""RNA::HSPBAP1"", ""RNA::HTN3"", ""RNA::IL9"", ""RNA::LOC100132831"", ""RNA::MSX2"", ""RNA::NUDT3"", ""RNA::PMP2"", ""RNA::SPATS2"", ""RNA::SYF2"", ""RNA::TAOK3"", ""RNA::ZNF596"", ""SCNV::KCTD15""]",15
1,2,xgboost,direct,"[""RNA::ADH1C"", ""RNA::ADH6"", ""RNA::AGAP3"", ""RNA::ALG2"", ""RNA::ALPL"", ""RNA::ARHGAP36"", ""RNA::ASAP3"", ""RNA::ASB1"", ""RNA::ASB8"", ""RNA::ATIC"", ""RNA::ATP5EP2"", ""RNA::ATP8B5P"", ""RNA::B3GNT5"", ""RNA::BNIP3"", ""RNA::C12orf69"", ""RNA::C15orf42"", ""RNA::C3orf38"", ""RNA::C9orf40"", ""RNA::CARD11"", ""RNA::CDH13"", ""RNA::CDK11B"", ""RNA::CNN3"", ""RNA::COG2"", ""RNA::CPSF6"", ""RNA::CYP3A7"", ""RNA::DCK"", ""RNA::DGCR6L"", ""RNA::DIAPH1"", ""RNA::DPYSL2"", ""RNA::EBI3"", ""RNA::EEF1A1P9"", ""RNA::EWSR1"", ""RNA::FTHL3"", ""RNA::G6PC2"", ""RNA::GTF2IRD2"", ""RNA::GTF3C2"", ""RNA::HDAC7"", ""RNA::HEATR7B2"", ""RNA::HERC5"", ""RNA::HOXB2"", ""RNA::HPS3"", ""RNA::IGF2BP2"", ""RNA::JMJD5"", ""RNA::KCNE1L"", ""RNA::KCNH5"", ""RNA::KIAA1257"", ""RNA::KIF14"", ""RNA::KLF16"", ""RNA::KRT33B"", ""RNA::LDB3"", ""RNA::LGALS1"", ""RNA::LMO4"", ""RNA::LOC100132724"", ""RNA::LOC341056"", ""RNA::LOC442454"", ""RNA::LRRC14"", ""RNA::MARVELD3"", ""RNA::MGST1"", ""RNA::MXRA8"", ""RNA::NAP1L6"", ""RNA::NEK5"", ""RNA::NFIA"", ""RNA::NPIP"", ""RNA::NUDT13"", ""RNA::PGRMC2"", ""RNA::PLA2G4A"", ""RNA::PNPLA2"", ""RNA::PPOX"", ""RNA::PRR5L"", ""RNA::RAD51AP2"", ""RNA::RGS20"", ""RNA::RPL41"", ""RNA::SCN4B"", ""RNA::SEC22A"", ""RNA::SH3RF2"", ""RNA::SLC15A2"", ""RNA::SLC47A1"", ""RNA::SMG6"", ""RNA::SPIN4"", ""RNA::STYX"", ""RNA::SYDE1"", ""RNA::TAF5L"", ""RNA::TAT"", ""RNA::TMEM149"", ""RNA::TMEM196"", ""RNA::TNFRSF13C"", ""RNA::TOB2"", ""RNA::TOP1P2"", ""RNA::TXNDC12"", ""RNA::UBE3A"", ""RNA::USP5"", ""RNA::VIM"", ""RNA::VPS37A"", ""RNA::WDR26"", ""RNA::WNT8A"", ""RNA::ZBED1"", ""RNA::ZMAT5"", ""RNA::ZNF235"", ""RNA::ZSCAN29"", ""RNA::ZSWIM1""]",100
1,2,xgboost,rfecv_only,"[""RNA::ASAP3"", ""RNA::ATP5EP2"", ""RNA::ATP8B5P"", ""RNA::B3GNT5"", ""RNA::C3orf38"", ""RNA::CARD11"", ""RNA::CNN3"", ""RNA::EEF1A1P9"", ""RNA::FTHL3"", ""RNA::G6PC2"", ""RNA::LOC341056"", ""RNA::LOC442454"", ""RNA::NFIA"", ""RNA::SLC47A1"", ""RNA::TAF5L"", ""RNA::TAT"", ""RNA::TMEM149"", ""RNA::TOP1P2"", ""RNA::TXNDC12"", ""RNA::VIM""]",20
1,2,xgboost,highest_locking_score,"[""RNA::ADH1C"", ""RNA::ALPL"", ""RNA::ASAP3"", ""RNA::ATP5EP2"", ""RNA::B3GNT5"", ""RNA::C3orf38"", ""RNA::C9orf40"", ""RNA::CARD11"", ""RNA::CPSF6"", ""RNA::CYP3A7"", ""RNA::GTF2IRD2"", ""RNA::KLF16"", ""RNA::LGALS1"", ""RNA::LOC442454"", ""RNA::NAP1L6"", ""RNA::PRR5L"", ""RNA::TMEM149"", ""RNA::TOP1P2"", ""RNA::WDR26"", ""RNA::ZSCAN29""]",20
1,2,xgboost,legacy_top3_medoid,"[""RNA::ADH6"", ""RNA::ARHGAP36"", ""RNA::ASAP3"", ""RNA::B3GNT5"", ""RNA::C9orf40"", ""RNA::CPSF6"", ""RNA::EEF1A1P9"", ""RNA::GTF2IRD2"", ""RNA::GTF3C2"", ""RNA::LGALS1"", ""RNA::LOC442454"", ""RNA::NAP1L6"", ""RNA::NFIA"", ""RNA::SCN4B"", ""RNA::SEC22A"", ""RNA::SH3RF2"", ""RNA::TOP1P2"", ""RNA::WDR26"", ""RNA::WNT8A"", ""RNA::ZSWIM1""]",20
1,2,xgboost,unrestricted_medoid,"[""RNA::ADH6"", ""RNA::ARHGAP36"", ""RNA::ASAP3"", ""RNA::B3GNT5"", ""RNA::C9orf40"", ""RNA::CPSF6"", ""RNA::EEF1A1P9"", ""RNA::GTF2IRD2"", ""RNA::GTF3C2"", ""RNA::LGALS1"", ""RNA::LOC442454"", ""RNA::NAP1L6"", ""RNA::NFIA"", ""RNA::SCN4B"", ""RNA::SEC22A"", ""RNA::SH3RF2"", ""RNA::TOP1P2"", ""RNA::WDR26"", ""RNA::WNT8A"", ""RNA::ZSWIM1""]",20
1,2,xgboost,regret_constrained_medoid,"[""RNA::ADH1C"", ""RNA::ALPL"", ""RNA::ASAP3"", ""RNA::ATP5EP2"", ""RNA::B3GNT5"", ""RNA::C3orf38"", ""RNA::C9orf40"", ""RNA::CARD11"", ""RNA::CPSF6"", ""RNA::CYP3A7"", ""RNA::GTF2IRD2"", ""RNA::KLF16"", ""RNA::LGALS1"", ""RNA::LOC442454"", ""RNA::NAP1L6"", ""RNA::PRR5L"", ""RNA::TMEM149"", ""RNA::TOP1P2"", ""RNA::WDR26"", ""RNA::ZSCAN29""]",20
1,2,boruta_rf,direct,"[""RNA::ABLIM1"", ""RNA::ACBD5"", ""RNA::ACTL6A"", ""RNA::AK2"", ""RNA::ANXA2P1"", ""RNA::ASAP3"", ""RNA::ATP5EP2"", ""RNA::ATP6V1C2"", ""RNA::ATP8B5P"", ""RNA::ATP9A"", ""RNA::B3GNT5"", ""RNA::BAGE2"", ""RNA::BRD7"", ""RNA::C12orf51"", ""RNA::C15orf21"", ""RNA::C1orf144"", ""RNA::C22orf46"", ""RNA::C3orf38"", ""RNA::CARD8"", ""RNA::CASP6"", ""RNA::CDC26"", ""RNA::CEP170L"", ""RNA::CKLF"", ""RNA::CMC1"", ""RNA::CNIH4"", ""RNA::CNN3"", ""RNA::CPEB3"", ""RNA::CTCFL"", ""RNA::DDOST"", ""RNA::DNALI1"", ""RNA::DOCK7"", ""RNA::DST"", ""RNA::DSTYK"", ""RNA::DYNC1H1"", ""RNA::DYNC1I2"", ""RNA::EDARADD"", ""RNA::EEF1A1P9"", ""RNA::EIF3A"", ""RNA::FAF1"", ""RNA::FAM136A"", ""RNA::FAM71D"", ""RNA::FAM90A7"", ""RNA::FTHL3"", ""RNA::GBAP1"", ""RNA::GCSH"", ""RNA::GGTLC1"", ""RNA::GNAI3"", ""RNA::GNG5"", ""RNA::GPN1"", ""RNA::GPX7"", ""RNA::GUSBL1"", ""RNA::H3F3C"", ""RNA::HDAC1"", ""RNA::HMGN5"", ""RNA::HNRNPA3P1"", ""RNA::HNRNPUL2"", ""RNA::ID4"", ""RNA::KDELR1"", ""RNA::KIAA0427"", ""RNA::KIAA1409"", ""RNA::KIF4B"", ""RNA::LDHA"", ""RNA::LOC100130776"", ""RNA::LOC284232"", ""RNA::LOC341056"", ""RNA::LOC407835"", ""RNA::LOC442454"", ""RNA::LOC643387"", ""RNA::LOC644936"", ""RNA::LOC650368"", ""RNA::LOC728643"", ""RNA::LRRC37A4"", ""RNA::LRRC42"", ""RNA::LRRTM4"", ""RNA::LSM14A"", ""RNA::LYPLA1"", ""RNA::MFSD2B"", ""RNA::MICAL3"", ""RNA::MPRIP"", ""RNA::MYO18A"", ""RNA::NACA2"", ""RNA::NACAP1"", ""RNA::NADK"", ""RNA::NALCN"", ""RNA::NBPF7"", ""RNA::NCRNA00152"", ""RNA::NFIA"", ""RNA::OSTC"", ""RNA::PA2G4P4"", ""RNA::PAIP1"", ""RNA::PMS2L2"", ""RNA::PPIA"", ""RNA::PPIAL4C"", ""RNA::RAB6C"", ""RNA::RAN"", ""RNA::REXO2"", ""RNA::RGPD4"", ""RNA::RPL12"", ""RNA::RPL13A"", ""RNA::RPL13AP3""]",100
1,2,boruta_rf,rfecv_only,"[""RNA::AK2"", ""RNA::ASAP3"", ""RNA::CNN3"", ""RNA::EEF1A1P9"", ""RNA::FTHL3"", ""RNA::LOC643387"", ""RNA::NACAP1""]",7
1,2,boruta_rf,highest_locking_score,"[""RNA::ANXA2P1"", ""RNA::ATP5EP2"", ""RNA::ATP6V1C2"", ""RNA::BRD7"", ""RNA::C12orf51"", ""RNA::C22orf46"", ""RNA::CNN3"", ""RNA::CTCFL"", ""RNA::DSTYK"", ""RNA::EEF1A1P9"", ""RNA::FAM71D"", ""RNA::HDAC1"", ""RNA::HNRNPA3P1"", ""RNA::KIAA0427"", ""RNA::LOC643387"", ""RNA::MICAL3"", ""RNA::NALCN"", ""RNA::PAIP1""]",18
1,2,boruta_rf,legacy_top3_medoid,"[""RNA::ABLIM1"", ""RNA::ASAP3"", ""RNA::ATP5EP2"", ""RNA::ATP6V1C2"", ""RNA::BRD7"", ""RNA::C12orf51"", ""RNA::DOCK7"", ""RNA::DST"", ""RNA::FTHL3"", ""RNA::GPN1"", ""RNA::KDELR1"", ""RNA::KIAA1409"", ""RNA::LOC100130776"", ""RNA::LOC341056"", ""RNA::LOC643387"", ""RNA::LOC644936"", ""RNA::LOC650368"", ""RNA::MICAL3"", ""RNA::NALCN""]",19
1,2,boruta_rf,unrestricted_medoid,"[""RNA::ASAP3"", ""RNA::CASP6"", ""RNA::CMC1"", ""RNA::EEF1A1P9"", ""RNA::EIF3A"", ""RNA::GBAP1"", ""RNA::GPN1"", ""RNA::H3F3C"", ""RNA::KIF4B"", ""RNA::LOC341056"", ""RNA::LOC643387"", ""RNA::NALCN"", ""RNA::NBPF7"", ""RNA::RAB6C""]",14
1,2,boruta_rf,regret_constrained_medoid,"[""RNA::ANXA2P1"", ""RNA::ATP5EP2"", ""RNA::ATP6V1C2"", ""RNA::BRD7"", ""RNA::C12orf51"", ""RNA::C22orf46"", ""RNA::CNN3"", ""RNA::CTCFL"", ""RNA::DSTYK"", ""RNA::EEF1A1P9"", ""RNA::FAM71D"", ""RNA::HDAC1"", ""RNA::HNRNPA3P1"", ""RNA::KIAA0427"", ""RNA::LOC643387"", ""RNA::MICAL3"", ""RNA::NALCN"", ""RNA::PAIP1""]",18
1,3,svm_l1,direct,"[""RNA::ADAM2"", ""RNA::AK2"", ""RNA::AMH"", ""RNA::ANGEL2"", ""RNA::ANKRD20B"", ""RNA::ASAP3"", ""RNA::ATP1B3"", ""RNA::ATP5EP2"", ""RNA::ATP8B5P"", ""RNA::C12orf29"", ""RNA::C15orf21"", ""RNA::C1orf87"", ""RNA::CAPZB"", ""RNA::CARD8"", ""RNA::CASP1"", ""RNA::CCDC102A"", ""RNA::CDKL1"", ""RNA::CXorf21"", ""RNA::CYTL1"", ""RNA::DDX19B"", ""RNA::DGCR6"", ""RNA::DIAPH1"", ""RNA::DIRC3"", ""RNA::EEF1A1P9"", ""RNA::FAM120AOS"", ""RNA::FOXD3"", ""RNA::FTHL3"", ""RNA::GBP7"", ""RNA::GCSH"", ""RNA::GP9"", ""RNA::HAPLN1"", ""RNA::HIST1H2BE"", ""RNA::HIST1H4H"", ""RNA::HK2"", ""RNA::HNRNPA3P1"", ""RNA::HPS3"", ""RNA::ID2B"", ""RNA::ID3"", ""RNA::ID4"", ""RNA::IL12A"", ""RNA::IL9"", ""RNA::IVL"", ""RNA::KIAA1984"", ""RNA::LEKR1"", ""RNA::LOC643387"", ""RNA::LOC728643"", ""RNA::MFNG"", ""RNA::MFSD2B"", ""RNA::MSX2"", ""RNA::MSX2P1"", ""RNA::MYH6"", ""RNA::NACAP1"", ""RNA::OR1L1"", ""RNA::OR8D1"", ""RNA::PABPC4"", ""RNA::PDZD9"", ""RNA::PLEKHA2"", ""RNA::PLEKHA4"", ""RNA::PMP2"", ""RNA::PPAPDC2"", ""RNA::PPIAL4C"", ""RNA::PTCHD2"", ""RNA::PTDSS1"", ""RNA::PURB"", ""RNA::RAPSN"", ""RNA::RWDD2A"", ""RNA::SFRS4"", ""RNA::SLC47A1"", ""RNA::SNTG1"", ""RNA::SRXN1"", ""RNA::ST6GAL1"", ""RNA::SUMF1"", ""RNA::SUMO1P3"", ""RNA::SUSD3"", ""RNA::SYF2"", ""RNA::THRAP3"", ""RNA::TMEM106C"", ""RNA::TMX2"", ""RNA::TRIM35"", ""RNA::USP44"", ""RNA::WLS"", ""SCNV::DAB1"", ""SCNV::LINC00662""]",83
1,3,svm_l1,rfecv_only,"[""RNA::AK2"", ""RNA::ASAP3"", ""RNA::EEF1A1P9"", ""RNA::FAM120AOS"", ""RNA::FTHL3"", ""RNA::GCSH"", ""RNA::HNRNPA3P1"", ""RNA::LOC643387"", ""RNA::LOC728643"", ""RNA::NACAP1"", ""RNA::PLEKHA4"", ""RNA::PPIAL4C"", ""RNA::SYF2"", ""RNA::WLS"", ""SCNV::DAB1""]",15
1,3,svm_l1,highest_locking_score,"[""RNA::ANGEL2"", ""RNA::ANKRD20B"", ""RNA::ASAP3"", ""RNA::C1orf87"", ""RNA::CAPZB"", ""RNA::CCDC102A"", ""RNA::CXorf21"", ""RNA::GCSH"", ""RNA::HNRNPA3P1"", ""RNA::IL12A"", ""RNA::MFNG"", ""RNA::RWDD2A"", ""RNA::SYF2"", ""RNA::TMEM106C"", ""SCNV::DAB1""]",15
1,3,svm_l1,legacy_top3_medoid,"[""RNA::ANGEL2"", ""RNA::ANKRD20B"", ""RNA::ASAP3"", ""RNA::C1orf87"", ""RNA::CAPZB"", ""RNA::CCDC102A"", ""RNA::CXorf21"", ""RNA::GCSH"", ""RNA::HNRNPA3P1"", ""RNA::IL12A"", ""RNA::MFNG"", ""RNA::RWDD2A"", ""RNA::SYF2"", ""RNA::TMEM106C"", ""SCNV::DAB1""]",15
1,3,svm_l1,unrestricted_medoid,"[""RNA::ANGEL2"", ""RNA::ANKRD20B"", ""RNA::ASAP3"", ""RNA::C12orf29"", ""RNA::C15orf21"", ""RNA::CARD8"", ""RNA::CCDC102A"", ""RNA::CDKL1"", ""RNA::DGCR6"", ""RNA::FOXD3"", ""RNA::GP9"", ""RNA::HAPLN1"", ""RNA::HPS3"", ""RNA::ID2B"", ""RNA::PPAPDC2"", ""RNA::PURB""]",16
1,3,svm_l1,regret_constrained_medoid,"[""RNA::ANGEL2"", ""RNA::ANKRD20B"", ""RNA::ASAP3"", ""RNA::C1orf87"", ""RNA::CAPZB"", ""RNA::CCDC102A"", ""RNA::CXorf21"", ""RNA::GCSH"", ""RNA::HNRNPA3P1"", ""RNA::IL12A"", ""RNA::MFNG"", ""RNA::RWDD2A"", ""RNA::SYF2"", ""RNA::TMEM106C"", ""SCNV::DAB1""]",15
1,3,xgboost,direct,"[""RNA::ABCA12"", ""RNA::ACN9"", ""RNA::ACOT4"", ""RNA::ADAMTS2"", ""RNA::AFF3"", ""RNA::ANGPTL7"", ""RNA::ANKRD46"", ""RNA::ANP32E"", ""RNA::APBA2"", ""RNA::ARHGAP9"", ""RNA::ARL3"", ""RNA::ASAP3"", ""RNA::B3GALT6"", ""RNA::B3GNT9"", ""RNA::BTLA"", ""RNA::C10orf32"", ""RNA::C11orf53"", ""RNA::C15orf21"", ""RNA::C1orf55"", ""RNA::C3orf38"", ""RNA::C3orf43"", ""RNA::C3orf49"", ""RNA::C6orf147"", ""RNA::CCDC130"", ""RNA::CCDC79"", ""RNA::CDH23"", ""RNA::CLCN6"", ""RNA::CSTF1"", ""RNA::CYP21A2"", ""RNA::DAD1"", ""RNA::DCDC2"", ""RNA::DNALI1"", ""RNA::EEF1A1P9"", ""RNA::EGR1"", ""RNA::FAM13AOS"", ""RNA::FAM151A"", ""RNA::FAM192A"", ""RNA::FBLIM1"", ""RNA::FBXO25"", ""RNA::FLJ44635"", ""RNA::FNTB"", ""RNA::FPGT"", ""RNA::FRAT2"", ""RNA::FTHL3"", ""RNA::FXC1"", ""RNA::GBA"", ""RNA::GPR182"", ""RNA::GPR98"", ""RNA::HNRNPA3P1"", ""RNA::IFNA21"", ""RNA::IGFBP6"", ""RNA::KANK4"", ""RNA::KDELR1"", ""RNA::LIAS"", ""RNA::LOC341056"", ""RNA::LOC441204"", ""RNA::LOC643387"", ""RNA::LOC644936"", ""RNA::LRRTM4"", ""RNA::MAEL"", ""RNA::MIF4GD"", ""RNA::MYRIP"", ""RNA::NEUROG3"", ""RNA::PCSK9"", ""RNA::PDE6A"", ""RNA::PDIA4"", ""RNA::PGM5"", ""RNA::PIK3R6"", ""RNA::PLEKHA8"", ""RNA::PLEKHO1"", ""RNA::POLR2J4"", ""RNA::PPIAL4C"", ""RNA::PTDSS1"", ""RNA::ProSAPiP1"", ""RNA::RHO"", ""RNA::RNF5"", ""RNA::RPL19P12"", ""RNA::RPS26P11"", ""RNA::S100PBP"", ""RNA::SCML4"", ""RNA::SFRP2"", ""RNA::SGCZ"", ""RNA::SLC2A4"", ""RNA::SLC35C1"", ""RNA::SLC39A2"", ""RNA::SLC7A2"", ""RNA::SOHLH2"", ""RNA::SUMF1"", ""RNA::TBCC"", ""RNA::THRAP3"", ""RNA::TNFSF13B"", ""RNA::TRIM67"", ""RNA::TSPAN14"", ""RNA::TXLNA"", ""RNA::UBFD1"", ""RNA::VHL"", ""RNA::WDR77"", ""RNA::WFDC3"", ""RNA::XIRP1"", ""SCNV::FCN3""]",100
1,3,xgboost,rfecv_only,"[""RNA::ASAP3"", ""RNA::C15orf21"", ""RNA::C3orf38"", ""RNA::DNALI1"", ""RNA::EEF1A1P9"", ""RNA::FTHL3"", ""RNA::HNRNPA3P1"", ""RNA::KDELR1"", ""RNA::LOC341056"", ""RNA::LOC643387"", ""RNA::LOC644936"", ""RNA::LRRTM4"", ""RNA::PPIAL4C"", ""RNA::PTDSS1"", ""RNA::SFRP2"", ""RNA::SUMF1"", ""RNA::TRIM67"", ""RNA::TXLNA"", ""RNA::WDR77"", ""SCNV::FCN3""]",20
1,3,xgboost,highest_locking_score,"[""RNA::AFF3"", ""RNA::ANP32E"", ""RNA::ARHGAP9"", ""RNA::BTLA"", ""RNA::C10orf32"", ""RNA::C3orf38"", ""RNA::C6orf147"", ""RNA::CCDC130"", ""RNA::EGR1"", ""RNA::FAM13AOS"", ""RNA::IGFBP6"", ""RNA::LOC644936"", ""RNA::MAEL"", ""RNA::PDE6A"", ""RNA::RHO"", ""RNA::RPS26P11"", ""RNA::SFRP2"", ""RNA::TRIM67"", ""RNA::TSPAN14"", ""RNA::XIRP1""]",20
1,3,xgboost,legacy_top3_medoid,"[""RNA::AFF3"", ""RNA::ANP32E"", ""RNA::ARHGAP9"", ""RNA::BTLA"", ""RNA::C10orf32"", ""RNA::C3orf38"", ""RNA::C6orf147"", ""RNA::CCDC130"", ""RNA::EGR1"", ""RNA::FAM13AOS"", ""RNA::IGFBP6"", ""RNA::LOC644936"", ""RNA::MAEL"", ""RNA::PDE6A"", ""RNA::RHO"", ""RNA::RPS26P11"", ""RNA::SFRP2"", ""RNA::TRIM67"", ""RNA::TSPAN14"", ""RNA::XIRP1""]",20
1,3,xgboost,unrestricted_medoid,"[""RNA::AFF3"", ""RNA::ANP32E"", ""RNA::ARHGAP9"", ""RNA::BTLA"", ""RNA::C10orf32"", ""RNA::C3orf38"", ""RNA::C6orf147"", ""RNA::CCDC130"", ""RNA::EGR1"", ""RNA::FAM13AOS"", ""RNA::IGFBP6"", ""RNA::LOC644936"", ""RNA::MAEL"", ""RNA::PDE6A"", ""RNA::RHO"", ""RNA::RPS26P11"", ""RNA::SFRP2"", ""RNA::TRIM67"", ""RNA::TSPAN14"", ""RNA::XIRP1""]",20
1,3,xgboost,regret_constrained_medoid,"[""RNA::AFF3"", ""RNA::ANP32E"", ""RNA::ARHGAP9"", ""RNA::BTLA"", ""RNA::C10orf32"", ""RNA::C3orf38"", ""RNA::C6orf147"", ""RNA::CCDC130"", ""RNA::EGR1"", ""RNA::FAM13AOS"", ""RNA::IGFBP6"", ""RNA::LOC644936"", ""RNA::MAEL"", ""RNA::PDE6A"", ""RNA::RHO"", ""RNA::RPS26P11"", ""RNA::SFRP2"", ""RNA::TRIM67"", ""RNA::TSPAN14"", ""RNA::XIRP1""]",20
1,3,boruta_rf,direct,"[""RNA::AARS"", ""RNA::ACBD5"", ""RNA::ACTL6A"", ""RNA::AK2"", ""RNA::AKAP6"", ""RNA::ANXA2P1"", ""RNA::ANXA2P2"", ""RNA::ARF4"", ""RNA::ASAP3"", ""RNA::ATP5EP2"", ""RNA::ATP6V1C2"", ""RNA::ATP8B5P"", ""RNA::ATP9A"", ""RNA::BAGE2"", ""RNA::BOD1"", ""RNA::BRD7"", ""RNA::BZW1"", ""RNA::C12orf48"", ""RNA::C15orf21"", ""RNA::C2orf28"", ""RNA::C3orf38"", ""RNA::C5orf53"", ""RNA::C5orf62"", ""RNA::CA9"", ""RNA::CAPZA1"", ""RNA::CASP6"", ""RNA::CCDC109B"", ""RNA::CD151"", ""RNA::CDC26"", ""RNA::CEP170L"", ""RNA::CHGB"", ""RNA::CKLF"", ""RNA::CLIC1"", ""RNA::CMC1"", ""RNA::CNIH4"", ""RNA::COMMD10"", ""RNA::CPEB3"", ""RNA::CTCFL"", ""RNA::DDOST"", ""RNA::DIP2C"", ""RNA::DOCK7"", ""RNA::DST"", ""RNA::DSTYK"", ""RNA::DYNC1H1"", ""RNA::EDARADD"", ""RNA::EEF1A1P9"", ""RNA::EIF3A"", ""RNA::ERP44"", ""RNA::FAM120AOS"", ""RNA::FAM176B"", ""RNA::FAM71D"", ""RNA::FAM90A7"", ""RNA::FSTL5"", ""RNA::FTHL3"", ""RNA::FUT9"", ""RNA::GABBR1"", ""RNA::GBAP1"", ""RNA::GCSH"", ""RNA::GGTLC1"", ""RNA::GNG5"", ""RNA::GPN1"", ""RNA::GPX7"", ""RNA::GTF2F2"", ""RNA::GUSBL1"", ""RNA::H3F3C"", ""RNA::HERC2"", ""RNA::HIST1H1C"", ""RNA::HMGN5"", ""RNA::HNRNPA3P1"", ""RNA::HNRNPUL2"", ""RNA::HTATSF1"", ""RNA::KIAA0427"", ""RNA::KSR1"", ""RNA::LDHA"", ""RNA::LNPEP"", ""RNA::LOC100130776"", ""RNA::LOC284232"", ""RNA::LOC341056"", ""RNA::LOC407835"", ""RNA::LOC442454"", ""RNA::LOC541471"", ""RNA::LOC613037"", ""RNA::LOC643387"", ""RNA::LOC644936"", ""RNA::LOC728643"", ""RNA::LOC728758"", ""RNA::LOX"", ""RNA::LRRC37A4"", ""RNA::LRRC42"", ""RNA::LRRTM4"", ""RNA::LYPLA1"", ""RNA::MFSD2B"", ""RNA::MICAL3"", ""RNA::MPRIP"", ""RNA::MRPL36"", ""RNA::MYH6"", ""RNA::MYO18A"", ""RNA::NACA2"", ""RNA::NACAP1"", ""RNA::NADK""]",100
1,3,boruta_rf,rfecv_only,"[""RNA::ASAP3"", ""RNA::DOCK7"", ""RNA::EEF1A1P9"", ""RNA::FTHL3"", ""RNA::HNRNPA3P1"", ""RNA::LOC643387"", ""RNA::LOC644936"", ""RNA::LOC728643"", ""RNA::LRRC42"", ""RNA::NACAP1""]",10
1,3,boruta_rf,highest_locking_score,"[""RNA::ASAP3"", ""RNA::ATP5EP2"", ""RNA::C3orf38"", ""RNA::CAPZA1"", ""RNA::CD151"", ""RNA::CLIC1"", ""RNA::DST"", ""RNA::FAM176B"", ""RNA::FAM90A7"", ""RNA::GTF2F2"", ""RNA::HIST1H1C"", ""RNA::HMGN5"", ""RNA::HNRNPUL2"", ""RNA::KSR1"", ""RNA::LOC728758"", ""RNA::MPRIP"", ""RNA::NACA2""]",17
1,3,boruta_rf,legacy_top3_medoid,"[""RNA::ACBD5"", ""RNA::AKAP6"", ""RNA::ASAP3"", ""RNA::ATP8B5P"", ""RNA::BRD7"", ""RNA::C5orf53"", ""RNA::CPEB3"", ""RNA::CTCFL"", ""RNA::EDARADD"", ""RNA::ERP44"", ""RNA::FAM176B"", ""RNA::FTHL3"", ""RNA::FUT9"", ""RNA::GNG5"", ""RNA::GPN1"", ""RNA::GUSBL1"", ""RNA::HMGN5"", ""RNA::KSR1"", ""RNA::LRRTM4"", ""RNA::LYPLA1"", ""RNA::NACA2""]",21
1,3,boruta_rf,unrestricted_medoid,"[""RNA::AARS"", ""RNA::BAGE2"", ""RNA::C2orf28"", ""RNA::CKLF"", ""RNA::CMC1"", ""RNA::COMMD10"", ""RNA::EEF1A1P9"", ""RNA::FAM120AOS"", ""RNA::FUT9"", ""RNA::GBAP1"", ""RNA::GPX7"", ""RNA::HNRNPUL2"", ""RNA::HTATSF1"", ""RNA::KSR1"", ""RNA::LOX"", ""RNA::LRRC42"", ""RNA::LYPLA1"", ""RNA::MRPL36"", ""RNA::MYH6"", ""RNA::NADK""]",20
1,3,boruta_rf,regret_constrained_medoid,"[""RNA::ACBD5"", ""RNA::AKAP6"", ""RNA::ASAP3"", ""RNA::ATP8B5P"", ""RNA::BRD7"", ""RNA::C5orf53"", ""RNA::CPEB3"", ""RNA::CTCFL"", ""RNA::EDARADD"", ""RNA::ERP44"", ""RNA::FAM176B"", ""RNA::FTHL3"", ""RNA::FUT9"", ""RNA::GNG5"", ""RNA::GPN1"", ""RNA::GUSBL1"", ""RNA::HMGN5"", ""RNA::KSR1"", ""RNA::LRRTM4"", ""RNA::LYPLA1"", ""RNA::NACA2""]",21
1,4,svm_l1,direct,"[""RNA::AK2"", ""RNA::ANGEL2"", ""RNA::AQP7P1"", ""RNA::ARID5B"", ""RNA::ASAP3"", ""RNA::ATP5EP2"", ""RNA::ATP8B5P"", ""RNA::BAI1"", ""RNA::BASE"", ""RNA::BFAR"", ""RNA::C15orf21"", ""RNA::C3orf48"", ""RNA::CAPZA3"", ""RNA::CARD8"", ""RNA::CDH1"", ""RNA::CHRNA7"", ""RNA::CT45A1"", ""RNA::FHL3"", ""RNA::FTHL3"", ""RNA::FYCO1"", ""RNA::G6PC2"", ""RNA::GCSH"", ""RNA::GKN1"", ""RNA::GP9"", ""RNA::GPR182"", ""RNA::HAPLN1"", ""RNA::HMGA1"", ""RNA::HNRNPA3P1"", ""RNA::ID3"", ""RNA::LCE1E"", ""RNA::LEKR1"", ""RNA::LGALS9C"", ""RNA::LIMD2"", ""RNA::LOC341056"", ""RNA::LOC643387"", ""RNA::LOC644936"", ""RNA::LOC728643"", ""RNA::LONRF1"", ""RNA::LRRC3"", ""RNA::MFNG"", ""RNA::MFSD2B"", ""RNA::MIA"", ""RNA::MSX2P1"", ""RNA::NACAP1"", ""RNA::NIF3L1"", ""RNA::OR1L1"", ""RNA::OR6C75"", ""RNA::OR8D1"", ""RNA::PA2G4P4"", ""RNA::PEX2"", ""RNA::PGA5"", ""RNA::PGRMC2"", ""RNA::PKHD1"", ""RNA::PLEKHA4"", ""RNA::PMP2"", ""RNA::PPIAL4C"", ""RNA::PWP1"", ""RNA::RET"", ""RNA::RGAG4"", ""RNA::RHOC"", ""RNA::RNF115"", ""RNA::SHISA3"", ""RNA::SLC16A10"", ""RNA::SNTG1"", ""RNA::ST6GAL1"", ""RNA::SUMO1P3"", ""RNA::SUSD3"", ""RNA::SYF2"", ""RNA::SYNPO2"", ""RNA::TAAR8"", ""RNA::TBC1D25"", ""RNA::THRAP3"", ""RNA::TMEM178"", ""RNA::TMX2"", ""RNA::TRIM35"", ""RNA::VWCE"", ""SCNV::AIM1L"", ""SCNV::DAB1"", ""SCNV::KIRREL2"", ""SCNV::NPHS1"", ""SCNV::PEPD"", ""SCNV::RN7SL490P"", ""SCNV::SLC7A9"", ""SCNV::SPATA21"", ""SCNV::TDRD12"", ""SCNV::ZNF683""]",86
1,4,svm_l1,rfecv_only,"[""RNA::ASAP3"", ""RNA::FTHL3"", ""RNA::HNRNPA3P1"", ""RNA::LOC643387"", ""RNA::LOC728643"", ""SCNV::SLC7A9""]",6
1,4,svm_l1,highest_locking_score,"[""RNA::ATP8B5P"", ""RNA::BFAR"", ""RNA::C3orf48"", ""RNA::G6PC2"", ""RNA::GKN1"", ""RNA::LOC728643"", ""RNA::LRRC3"", ""RNA::OR6C75"", ""RNA::OR8D1"", ""RNA::PGA5"", ""RNA::PLEKHA4"", ""RNA::RHOC"", ""RNA::RNF115"", ""RNA::SYNPO2"", ""SCNV::AIM1L"", ""SCNV::PEPD""]",16
1,4,svm_l1,legacy_top3_medoid,"[""RNA::ANGEL2"", ""RNA::BFAR"", ""RNA::C15orf21"", ""RNA::CAPZA3"", ""RNA::CDH1"", ""RNA::G6PC2"", ""RNA::GPR182"", ""RNA::LRRC3"", ""RNA::MSX2P1"", ""RNA::PGA5"", ""RNA::SUSD3"", ""SCNV::SLC7A9""]",12
1,4,svm_l1,unrestricted_medoid,"[""RNA::ATP8B5P"", ""RNA::BFAR"", ""RNA::C3orf48"", ""RNA::G6PC2"", ""RNA::GKN1"", ""RNA::LOC728643"", ""RNA::LRRC3"", ""RNA::OR6C75"", ""RNA::OR8D1"", ""RNA::PGA5"", ""RNA::PLEKHA4"", ""RNA::RHOC"", ""RNA::RNF115"", ""RNA::SYNPO2"", ""SCNV::AIM1L"", ""SCNV::PEPD""]",16
1,4,svm_l1,regret_constrained_medoid,"[""RNA::ATP8B5P"", ""RNA::BFAR"", ""RNA::C3orf48"", ""RNA::G6PC2"", ""RNA::GKN1"", ""RNA::LOC728643"", ""RNA::LRRC3"", ""RNA::OR6C75"", ""RNA::OR8D1"", ""RNA::PGA5"", ""RNA::PLEKHA4"", ""RNA::RHOC"", ""RNA::RNF115"", ""RNA::SYNPO2"", ""SCNV::AIM1L"", ""SCNV::PEPD""]",16
1,4,xgboost,direct,"[""RNA::ABCC4"", ""RNA::ABCD1"", ""RNA::ACOX1"", ""RNA::ADH1B"", ""RNA::AMAC1L3"", ""RNA::ASAP3"", ""RNA::ATP2A3"", ""RNA::BFAR"", ""RNA::C10orf131"", ""RNA::C14orf182"", ""RNA::C15orf59"", ""RNA::C18orf56"", ""RNA::C1orf135"", ""RNA::C3orf38"", ""RNA::C6orf147"", ""RNA::C6orf203"", ""RNA::C6orf221"", ""RNA::CBLL1"", ""RNA::CCDC142"", ""RNA::CCDC158"", ""RNA::CD3EAP"", ""RNA::CDC42EP4"", ""RNA::CEBPA"", ""RNA::CHD1L"", ""RNA::COL6A2"", ""RNA::CYP27B1"", ""RNA::DAGLB"", ""RNA::DDHD1"", ""RNA::DRG2"", ""RNA::EEF1A1P9"", ""RNA::ERGIC3"", ""RNA::EXOC3"", ""RNA::FBXW12"", ""RNA::FGFBP2"", ""RNA::FOLH1B"", ""RNA::G6PC2"", ""RNA::GNG10"", ""RNA::GPBAR1"", ""RNA::GPR18"", ""RNA::HIST1H2BG"", ""RNA::HSPA12B"", ""RNA::LGALS7"", ""RNA::LMAN2L"", ""RNA::LMF1"", ""RNA::LOC100128573"", ""RNA::LOC100272216"", ""RNA::LOC283922"", ""RNA::LOC728323"", ""RNA::LRRC4C"", ""RNA::MBNL2"", ""RNA::MCOLN1"", ""RNA::MECP2"", ""RNA::MKRN2"", ""RNA::MMP13"", ""RNA::MRPS5"", ""RNA::MRS2"", ""RNA::MYST2"", ""RNA::NBPF3"", ""RNA::NFIA"", ""RNA::NOC2L"", ""RNA::NPHP1"", ""RNA::NUDT9"", ""RNA::OAT"", ""RNA::PCDHA1"", ""RNA::PDE9A"", ""RNA::PHYH"", ""RNA::PLEKHA4"", ""RNA::PNPLA1"", ""RNA::PPHLN1"", ""RNA::PPIAL4C"", ""RNA::PPT2"", ""RNA::RNF148"", ""RNA::SEMA4B"", ""RNA::SIAH1"", ""RNA::SLC44A3"", ""RNA::SLC6A12"", ""RNA::SNRNP40"", ""RNA::SORCS1"", ""RNA::SPDYE3"", ""RNA::SPN"", ""RNA::SRP19"", ""RNA::SUGT1L1"", ""RNA::SUMO1P3"", ""RNA::TEX9"", ""RNA::THRAP3"", ""RNA::TMEM108"", ""RNA::TMEM97"", ""RNA::TNFAIP8L2"", ""RNA::TNFRSF13C"", ""RNA::TRIM4"", ""RNA::TSKU"", ""RNA::TXLNA"", ""RNA::WLS"", ""RNA::YTHDF2"", ""RNA::ZNF721"", ""SCNV::CA6"", ""SCNV::KIAA0355"", ""SCNV::SEMA3A"", ""SCNV::ST7"", ""SCNV::ZNF296""]",100
1,4,xgboost,rfecv_only,"[""RNA::ASAP3"", ""RNA::BFAR"", ""RNA::C3orf38"", ""RNA::EEF1A1P9"", ""RNA::ERGIC3"", ""RNA::G6PC2"", ""RNA::LRRC4C"", ""RNA::NFIA"", ""RNA::OAT"", ""RNA::PLEKHA4"", ""RNA::PPIAL4C"", ""RNA::SNRNP40"", ""RNA::SUMO1P3"", ""RNA::THRAP3"", ""RNA::TNFAIP8L2"", ""RNA::TXLNA"", ""RNA::WLS"", ""RNA::YTHDF2"", ""SCNV::KIAA0355"", ""SCNV::SEMA3A""]",20
1,4,xgboost,highest_locking_score,"[""RNA::ABCC4"", ""RNA::ABCD1"", ""RNA::BFAR"", ""RNA::C18orf56"", ""RNA::C6orf147"", ""RNA::CHD1L"", ""RNA::CYP27B1"", ""RNA::FBXW12"", ""RNA::G6PC2"", ""RNA::LRRC4C"", ""RNA::MYST2"", ""RNA::NBPF3"", ""RNA::PLEKHA4"", ""RNA::SNRNP40"", ""RNA::SPN"", ""RNA::SUMO1P3"", ""RNA::TNFAIP8L2"", ""RNA::WLS"", ""RNA::YTHDF2"", ""SCNV::CA6""]",20
1,4,xgboost,legacy_top3_medoid,"[""RNA::ABCC4"", ""RNA::ABCD1"", ""RNA::BFAR"", ""RNA::C18orf56"", ""RNA::C6orf147"", ""RNA::CHD1L"", ""RNA::CYP27B1"", ""RNA::FBXW12"", ""RNA::G6PC2"", ""RNA::LRRC4C"", ""RNA::MYST2"", ""RNA::NBPF3"", ""RNA::PLEKHA4"", ""RNA::SNRNP40"", ""RNA::SPN"", ""RNA::SUMO1P3"", ""RNA::TNFAIP8L2"", ""RNA::WLS"", ""RNA::YTHDF2"", ""SCNV::CA6""]",20
1,4,xgboost,unrestricted_medoid,"[""RNA::AMAC1L3"", ""RNA::C10orf131"", ""RNA::C18orf56"", ""RNA::CEBPA"", ""RNA::DRG2"", ""RNA::G6PC2"", ""RNA::HSPA12B"", ""RNA::LOC283922"", ""RNA::MYST2"", ""RNA::NBPF3"", ""RNA::NFIA"", ""RNA::PNPLA1"", ""RNA::SIAH1"", ""RNA::SLC6A12"", ""RNA::SNRNP40"", ""RNA::SPDYE3"", ""RNA::SUGT1L1"", ""RNA::SUMO1P3"", ""RNA::TEX9"", ""RNA::TXLNA""]",20
1,4,xgboost,regret_constrained_medoid,"[""RNA::ABCC4"", ""RNA::ABCD1"", ""RNA::BFAR"", ""RNA::C18orf56"", ""RNA::C6orf147"", ""RNA::CHD1L"", ""RNA::CYP27B1"", ""RNA::FBXW12"", ""RNA::G6PC2"", ""RNA::LRRC4C"", ""RNA::MYST2"", ""RNA::NBPF3"", ""RNA::PLEKHA4"", ""RNA::SNRNP40"", ""RNA::SPN"", ""RNA::SUMO1P3"", ""RNA::TNFAIP8L2"", ""RNA::WLS"", ""RNA::YTHDF2"", ""SCNV::CA6""]",20
1,4,boruta_rf,direct,"[""RNA::ABLIM1"", ""RNA::ACTL6A"", ""RNA::ANXA2P1"", ""RNA::ASAP3"", ""RNA::ATP5EP2"", ""RNA::ATP6V1C2"", ""RNA::ATP8B5P"", ""RNA::BAGE2"", ""RNA::BZW1"", ""RNA::C10orf4"", ""RNA::C12orf48"", ""RNA::C12orf51"", ""RNA::C15orf21"", ""RNA::C1orf144"", ""RNA::CASP3"", ""RNA::CASP6"", ""RNA::CDC26"", ""RNA::CEP170L"", ""RNA::CKLF"", ""RNA::CLIC1"", ""RNA::CMC1"", ""RNA::CNN3"", ""RNA::COMMD10"", ""RNA::CPEB3"", ""RNA::CTCFL"", ""RNA::DOCK7"", ""RNA::DST"", ""RNA::DYNC1H1"", ""RNA::EDARADD"", ""RNA::EEF1A1P9"", ""RNA::EIF3A"", ""RNA::FAM71D"", ""RNA::FAM90A7"", ""RNA::FTHL3"", ""RNA::GCSH"", ""RNA::GPN1"", ""RNA::GPX7"", ""RNA::GUSB"", ""RNA::GUSBL1"", ""RNA::H3F3C"", ""RNA::HERC1"", ""RNA::HNRNPA3P1"", ""RNA::HSPA12B"", ""RNA::IFNGR2"", ""RNA::IRF2"", ""RNA::KDELR2"", ""RNA::KIAA0427"", ""RNA::KIAA1279"", ""RNA::KTI12"", ""RNA::LDHA"", ""RNA::LOC100130776"", ""RNA::LOC284232"", ""RNA::LOC341056"", ""RNA::LOC399744"", ""RNA::LOC407835"", ""RNA::LOC442454"", ""RNA::LOC541471"", ""RNA::LOC643387"", ""RNA::LOC644936"", ""RNA::LOC728643"", ""RNA::LOX"", ""RNA::LRRC37A4"", ""RNA::LRRC42"", ""RNA::LRRTM4"", ""RNA::LSM14A"", ""RNA::LYPLA1"", ""RNA::MADD"", ""RNA::MEOX2"", ""RNA::MFSD2B"", ""RNA::MPRIP"", ""RNA::MYO18A"", ""RNA::NACA2"", ""RNA::NACAP1"", ""RNA::NADK"", ""RNA::NALCN"", ""RNA::NCRNA00152"", ""RNA::NOX4"", ""RNA::OPN1SW"", ""RNA::OSTC"", ""RNA::PA2G4P4"", ""RNA::PDIA4"", ""RNA::PIP4K2B"", ""RNA::PMS2L2"", ""RNA::PPIA"", ""RNA::PPIAL4C"", ""RNA::PRKCG"", ""RNA::PVT1"", ""RNA::RAB6C"", ""RNA::RAN"", ""RNA::RAP1B"", ""RNA::RHOC"", ""RNA::RPL12"", ""RNA::RPL13AP3"", ""RNA::RPL17"", ""RNA::RPL23P8"", ""RNA::RRM2"", ""RNA::SCP2"", ""RNA::SEPT14"", ""RNA::SFRS4"", ""RNA::SHQ1""]",100
1,4,boruta_rf,rfecv_only,"[""RNA::ASAP3"", ""RNA::FTHL3"", ""RNA::HNRNPA3P1"", ""RNA::LOC442454"", ""RNA::LOC643387"", ""RNA::LOC728643"", ""RNA::NADK"", ""RNA::RPL13AP3""]",8
1,4,boruta_rf,highest_locking_score,"[""RNA::CASP3"", ""RNA::FTHL3"", ""RNA::GPN1"", ""RNA::HSPA12B"", ""RNA::LSM14A"", ""RNA::MADD"", ""RNA::NADK"", ""RNA::OPN1SW"", ""RNA::OSTC"", ""RNA::PDIA4"", ""RNA::RPL12"", ""RNA::RPL13AP3"", ""RNA::SCP2"", ""RNA::SFRS4""]",14
1,4,boruta_rf,legacy_top3_medoid,"[""RNA::ASAP3"", ""RNA::ATP5EP2"", ""RNA::BAGE2"", ""RNA::CDC26"", ""RNA::CKLF"", ""RNA::COMMD10"", ""RNA::CTCFL"", ""RNA::DYNC1H1"", ""RNA::IRF2"", ""RNA::LOC407835"", ""RNA::LRRTM4"", ""RNA::OPN1SW"", ""RNA::PDIA4"", ""RNA::PPIA"", ""RNA::RHOC"", ""RNA::SEPT14"", ""RNA::SHQ1""]",17
1,4,boruta_rf,unrestricted_medoid,"[""RNA::C12orf51"", ""RNA::CLIC1"", ""RNA::EDARADD"", ""RNA::EIF3A"", ""RNA::KIAA0427"", ""RNA::LOC100130776"", ""RNA::LOC728643"", ""RNA::LOX"", ""RNA::LRRC37A4"", ""RNA::LRRC42"", ""RNA::LRRTM4"", ""RNA::MEOX2"", ""RNA::NALCN"", ""RNA::NOX4"", ""RNA::OSTC"", ""RNA::PDIA4"", ""RNA::PIP4K2B"", ""RNA::RPL13AP3"", ""RNA::RRM2"", ""RNA::SCP2""]",20
1,4,boruta_rf,regret_constrained_medoid,"[""RNA::ASAP3"", ""RNA::ATP5EP2"", ""RNA::BAGE2"", ""RNA::CDC26"", ""RNA::CKLF"", ""RNA::COMMD10"", ""RNA::CTCFL"", ""RNA::DYNC1H1"", ""RNA::IRF2"", ""RNA::LOC407835"", ""RNA::LRRTM4"", ""RNA::OPN1SW"", ""RNA::PDIA4"", ""RNA::PPIA"", ""RNA::RHOC"", ""RNA::SEPT14"", ""RNA::SHQ1""]",17
1,5,svm_l1,direct,"[""RNA::ACSM2A"", ""RNA::ADAM2"", ""RNA::AK2"", ""RNA::ANKRD55"", ""RNA::ATP5EP2"", ""RNA::ATP8B5P"", ""RNA::C11orf92"", ""RNA::C14orf105"", ""RNA::C15orf21"", ""RNA::C1orf107"", ""RNA::C1orf87"", ""RNA::C22orf15"", ""RNA::C2orf67"", ""RNA::C3orf38"", ""RNA::CARD8"", ""RNA::CCDC127"", ""RNA::CDK11B"", ""RNA::CEP70"", ""RNA::CLP1"", ""RNA::CT45A1"", ""RNA::CXorf21"", ""RNA::CYB5R3"", ""RNA::DDX19B"", ""RNA::DGKK"", ""RNA::ERMP1"", ""RNA::EXOG"", ""RNA::FAM159A"", ""RNA::FTHL3"", ""RNA::FXN"", ""RNA::FYCO1"", ""RNA::GAPT"", ""RNA::GBP7"", ""RNA::GCSH"", ""RNA::GPR89A"", ""RNA::GTF2H1"", ""RNA::HAPLN1"", ""RNA::HIST1H2BE"", ""RNA::HLA-DRB6"", ""RNA::HNRNPA3P1"", ""RNA::HRASLS"", ""RNA::HSPBAP1"", ""RNA::ID3"", ""RNA::ITGA8"", ""RNA::LEKR1"", ""RNA::LIMD2"", ""RNA::LOC100129034"", ""RNA::LOC348021"", ""RNA::LOC643387"", ""RNA::LOC644936"", ""RNA::LOC728643"", ""RNA::LSM14A"", ""RNA::MCM6"", ""RNA::MFSD2B"", ""RNA::MIA"", ""RNA::MYOZ2"", ""RNA::NACAP1"", ""RNA::NCF1C"", ""RNA::NTN1"", ""RNA::OR1L1"", ""RNA::OR6C75"", ""RNA::OR8D1"", ""RNA::PA2G4P4"", ""RNA::PLEKHA4"", ""RNA::PMP2"", ""RNA::POLR2C"", ""RNA::PPIAL4C"", ""RNA::RGAG4"", ""RNA::S100PBP"", ""RNA::SAMD11"", ""RNA::SFRS4"", ""RNA::SLC47A1"", ""RNA::SUMO1P3"", ""RNA::SUN3"", ""RNA::SYF2"", ""RNA::THRAP3"", ""RNA::TMEM149"", ""RNA::TMEM18"", ""RNA::TMX2"", ""RNA::TRIM35"", ""RNA::TXNDC12"", ""RNA::ZNF596"", ""RNA::ZNRF4"", ""SCNV::KCTD15"", ""SCNV::LINC00662"", ""SCNV::LZIC"", ""SCNV::MIR4425"", ""SCNV::RNA5SP40"", ""SCNV::SLC25A33""]",88
1,5,svm_l1,rfecv_only,"[""RNA::FTHL3"", ""RNA::HNRNPA3P1"", ""RNA::LOC643387"", ""RNA::LOC644936"", ""RNA::LOC728643"", ""RNA::NACAP1"", ""RNA::S100PBP"", ""RNA::TXNDC12"", ""SCNV::LINC00662"", ""SCNV::MIR4425""]",10
1,5,svm_l1,highest_locking_score,"[""RNA::AK2"", ""RNA::C1orf87"", ""RNA::CT45A1"", ""RNA::EXOG"", ""RNA::FTHL3"", ""RNA::FXN"", ""RNA::HAPLN1"", ""RNA::ID3"", ""RNA::LOC100129034"", ""RNA::LOC728643"", ""RNA::MCM6"", ""RNA::OR1L1"", ""RNA::POLR2C"", ""RNA::SAMD11"", ""RNA::SYF2"", ""RNA::TMEM18""]",16
1,5,svm_l1,legacy_top3_medoid,"[""RNA::C1orf87"", ""RNA::C22orf15"", ""RNA::CARD8"", ""RNA::CEP70"", ""RNA::CXorf21"", ""RNA::HAPLN1"", ""RNA::LEKR1"", ""RNA::LOC100129034"", ""RNA::LSM14A"", ""RNA::MYOZ2"", ""RNA::PPIAL4C"", ""RNA::SUMO1P3""]",12
1,5,svm_l1,unrestricted_medoid,"[""RNA::C11orf92"", ""RNA::C1orf87"", ""RNA::CARD8"", ""RNA::CXorf21"", ""RNA::DDX19B"", ""RNA::GPR89A"", ""RNA::HLA-DRB6"", ""RNA::LOC100129034"", ""RNA::LOC644936"", ""RNA::MFSD2B"", ""RNA::NACAP1"", ""RNA::PA2G4P4"", ""RNA::PMP2"", ""RNA::SUMO1P3"", ""RNA::SYF2""]",15
1,5,svm_l1,regret_constrained_medoid,"[""RNA::C1orf87"", ""RNA::C22orf15"", ""RNA::CARD8"", ""RNA::CEP70"", ""RNA::CXorf21"", ""RNA::HAPLN1"", ""RNA::LEKR1"", ""RNA::LOC100129034"", ""RNA::LSM14A"", ""RNA::MYOZ2"", ""RNA::PPIAL4C"", ""RNA::SUMO1P3""]",12
1,5,xgboost,direct,"[""RNA::AKR1CL1"", ""RNA::ALG10B"", ""RNA::ANK1"", ""RNA::APOL3"", ""RNA::ARHGAP1"", ""RNA::ARHGAP6"", ""RNA::ASAP3"", ""RNA::B3GNTL1"", ""RNA::BARX1"", ""RNA::BVES"", ""RNA::C14orf23"", ""RNA::C15orf21"", ""RNA::C16orf72"", ""RNA::C2orf67"", ""RNA::C9orf80"", ""RNA::CAPN8"", ""RNA::CCDC136"", ""RNA::CCNJL"", ""RNA::CDHR3"", ""RNA::CDK2AP1"", ""RNA::CH25H"", ""RNA::CLEC7A"", ""RNA::CRYZL1"", ""RNA::CTNNA3"", ""RNA::CTNNBL1"", ""RNA::CYP4F12"", ""RNA::CYP51A1"", ""RNA::CYYR1"", ""RNA::DCUN1D3"", ""RNA::DNALI1"", ""RNA::DPP6"", ""RNA::EEF1A1P9"", ""RNA::EHBP1L1"", ""RNA::FAM65A"", ""RNA::FLYWCH1"", ""RNA::FRG1B"", ""RNA::GATA2"", ""RNA::GNAI1"", ""RNA::GOLGB1"", ""RNA::GOT2"", ""RNA::GPR143"", ""RNA::GPR55"", ""RNA::GPR89B"", ""RNA::GSTM2"", ""RNA::GTF2IRD2P1"", ""RNA::GUCY1B2"", ""RNA::H6PD"", ""RNA::IL2RA"", ""RNA::KCNJ11"", ""RNA::KCNK15"", ""RNA::LOC100128292"", ""RNA::LOC407835"", ""RNA::LRRK1"", ""RNA::MAMDC4"", ""RNA::MFSD11"", ""RNA::MRPL22"", ""RNA::MST1P9"", ""RNA::MYBPC3"", ""RNA::NEUROG3"", ""RNA::NFIA"", ""RNA::NPLOC4"", ""RNA::NPVF"", ""RNA::NRAP"", ""RNA::NUAK2"", ""RNA::NUDT6"", ""RNA::OTUD1"", ""RNA::PAPD5"", ""RNA::PCBP3"", ""RNA::PFN2"", ""RNA::PGF"", ""RNA::PLCZ1"", ""RNA::PLEK2"", ""RNA::POU6F2"", ""RNA::PRPS1"", ""RNA::PTMS"", ""RNA::QDPR"", ""RNA::RBM17"", ""RNA::RGS12"", ""RNA::S100PBP"", ""RNA::SC65"", ""RNA::SEPT3"", ""RNA::SLC19A2"", ""RNA::SLC36A4"", ""RNA::SMARCC2"", ""RNA::SPDEF"", ""RNA::STK40"", ""RNA::TADA2B"", ""RNA::TATDN2"", ""RNA::TBRG4"", ""RNA::TEKT4"", ""RNA::THRAP3"", ""RNA::TMEM147"", ""RNA::TMEM149"", ""RNA::TNS4"", ""RNA::UBQLN2"", ""RNA::VASH1"", ""RNA::VASP"", ""RNA::VIM"", ""RNA::ZNF836"", ""SCNV::ENO1""]",100
1,5,xgboost,rfecv_only,"[""RNA::ASAP3"", ""RNA::C15orf21"", ""RNA::DNALI1"", ""RNA::EEF1A1P9"", ""RNA::GOLGB1"", ""RNA::KCNJ11"", ""RNA::LOC407835"", ""RNA::NFIA"", ""RNA::PCBP3"", ""RNA::PLEK2"", ""RNA::RBM17"", ""RNA::S100PBP"", ""RNA::STK40"", ""RNA::TADA2B"", ""RNA::VIM"", ""SCNV::ENO1""]",16
1,5,xgboost,highest_locking_score,"[""RNA::ASAP3"", ""RNA::C9orf80"", ""RNA::CDK2AP1"", ""RNA::CTNNA3"", ""RNA::CTNNBL1"", ""RNA::CYP4F12"", ""RNA::EEF1A1P9"", ""RNA::FLYWCH1"", ""RNA::LOC100128292"", ""RNA::LRRK1"", ""RNA::NFIA"", ""RNA::NPLOC4"", ""RNA::NPVF"", ""RNA::PGF"", ""RNA::PLCZ1"", ""RNA::SMARCC2"", ""RNA::STK40"", ""RNA::TBRG4"", ""RNA::TMEM147""]",19
1,5,xgboost,legacy_top3_medoid,"[""RNA::ASAP3"", ""RNA::C9orf80"", ""RNA::CDK2AP1"", ""RNA::CTNNA3"", ""RNA::CTNNBL1"", ""RNA::CYP4F12"", ""RNA::EEF1A1P9"", ""RNA::FLYWCH1"", ""RNA::LOC100128292"", ""RNA::LRRK1"", ""RNA::NFIA"", ""RNA::NPLOC4"", ""RNA::NPVF"", ""RNA::PGF"", ""RNA::PLCZ1"", ""RNA::SMARCC2"", ""RNA::STK40"", ""RNA::TBRG4"", ""RNA::TMEM147""]",19
1,5,xgboost,unrestricted_medoid,"[""RNA::ASAP3"", ""RNA::C9orf80"", ""RNA::CDK2AP1"", ""RNA::CTNNA3"", ""RNA::CTNNBL1"", ""RNA::CYP4F12"", ""RNA::EEF1A1P9"", ""RNA::FLYWCH1"", ""RNA::LOC100128292"", ""RNA::LRRK1"", ""RNA::NFIA"", ""RNA::NPLOC4"", ""RNA::NPVF"", ""RNA::PGF"", ""RNA::PLCZ1"", ""RNA::SMARCC2"", ""RNA::STK40"", ""RNA::TBRG4"", ""RNA::TMEM147""]",19
1,5,xgboost,regret_constrained_medoid,"[""RNA::ASAP3"", ""RNA::C9orf80"", ""RNA::CDK2AP1"", ""RNA::CTNNA3"", ""RNA::CTNNBL1"", ""RNA::CYP4F12"", ""RNA::EEF1A1P9"", ""RNA::FLYWCH1"", ""RNA::LOC100128292"", ""RNA::LRRK1"", ""RNA::NFIA"", ""RNA::NPLOC4"", ""RNA::NPVF"", ""RNA::PGF"", ""RNA::PLCZ1"", ""RNA::SMARCC2"", ""RNA::STK40"", ""RNA::TBRG4"", ""RNA::TMEM147""]",19
1,5,boruta_rf,direct,"[""RNA::ACBD5"", ""RNA::ANXA2P1"", ""RNA::ASAP3"", ""RNA::ATP5EP2"", ""RNA::ATP6V1C2"", ""RNA::ATP8B5P"", ""RNA::BAGE2"", ""RNA::BRD7"", ""RNA::C12orf48"", ""RNA::C15orf21"", ""RNA::C2orf28"", ""RNA::C3orf38"", ""RNA::CA9"", ""RNA::CASP6"", ""RNA::CCDC109B"", ""RNA::CD248"", ""RNA::CDC26"", ""RNA::CEP170L"", ""RNA::CKLF"", ""RNA::CLIC1"", ""RNA::CNN3"", ""RNA::COMMD10"", ""RNA::CPEB3"", ""RNA::CTCFL"", ""RNA::DEPDC1"", ""RNA::DNALI1"", ""RNA::DOCK7"", ""RNA::DST"", ""RNA::DSTYK"", ""RNA::DYNC1H1"", ""RNA::EDARADD"", ""RNA::EDEM2"", ""RNA::EEF1A1P9"", ""RNA::FAM71D"", ""RNA::FAM90A7"", ""RNA::FTHL3"", ""RNA::GCSH"", ""RNA::GGTLC1"", ""RNA::GPX7"", ""RNA::GUSBL1"", ""RNA::H3F3C"", ""RNA::HDAC3"", ""RNA::HNRNPA3P1"", ""RNA::IFNGR2"", ""RNA::KTI12"", ""RNA::LDHA"", ""RNA::LEPRE1"", ""RNA::LOC100130776"", ""RNA::LOC284232"", ""RNA::LOC341056"", ""RNA::LOC389705"", ""RNA::LOC407835"", ""RNA::LOC442454"", ""RNA::LOC541471"", ""RNA::LOC643387"", ""RNA::LOC644936"", ""RNA::LOC728643"", ""RNA::LRRC37A4"", ""RNA::LSM14A"", ""RNA::LYPLA1"", ""RNA::MFSD2B"", ""RNA::MPRIP"", ""RNA::MYO18A"", ""RNA::NACA2"", ""RNA::NACAP1"", ""RNA::NADK"", ""RNA::NALCN"", ""RNA::NCRNA00152"", ""RNA::NFIA"", ""RNA::NOX4"", ""RNA::NUP37"", ""RNA::OSTC"", ""RNA::PA2G4P4"", ""RNA::PCNA"", ""RNA::PDCD5"", ""RNA::PIGC"", ""RNA::PLEK2"", ""RNA::PMS2L2"", ""RNA::PPIA"", ""RNA::PPIAL4C"", ""RNA::PRKCA"", ""RNA::PTTG1"", ""RNA::RAB6C"", ""RNA::RARS"", ""RNA::RGPD4"", ""RNA::RPL12"", ""RNA::RPL13AP3"", ""RNA::RPL17"", ""RNA::RPL23P8"", ""RNA::RPS2P32"", ""RNA::SEPHS2"", ""RNA::SERPINH1"", ""RNA::SLC6A10P"", ""RNA::SPCS2"", ""RNA::SPTAN1"", ""RNA::SUMO1P3"", ""RNA::SYNPO2"", ""RNA::SYT11"", ""RNA::TARSL2"", ""RNA::TMED2""]",100
1,5,boruta_rf,rfecv_only,"[""RNA::ASAP3"", ""RNA::CNN3"", ""RNA::EEF1A1P9"", ""RNA::FTHL3"", ""RNA::HNRNPA3P1"", ""RNA::LOC442454"", ""RNA::LOC643387"", ""RNA::LOC728643"", ""RNA::NACAP1"", ""RNA::RPL13AP3""]",10
1,5,boruta_rf,highest_locking_score,"[""RNA::ACBD5"", ""RNA::ANXA2P1"", ""RNA::ASAP3"", ""RNA::ATP6V1C2"", ""RNA::CTCFL"", ""RNA::DYNC1H1"", ""RNA::GCSH"", ""RNA::GPX7"", ""RNA::HNRNPA3P1"", ""RNA::KTI12"", ""RNA::LOC644936"", ""RNA::LSM14A"", ""RNA::NACA2"", ""RNA::NCRNA00152"", ""RNA::PIGC"", ""RNA::PLEK2"", ""RNA::PPIAL4C"", ""RNA::RAB6C"", ""RNA::RGPD4"", ""RNA::SYNPO2""]",20
1,5,boruta_rf,legacy_top3_medoid,"[""RNA::ACBD5"", ""RNA::ANXA2P1"", ""RNA::ASAP3"", ""RNA::ATP6V1C2"", ""RNA::CTCFL"", ""RNA::DYNC1H1"", ""RNA::GCSH"", ""RNA::GPX7"", ""RNA::HNRNPA3P1"", ""RNA::KTI12"", ""RNA::LOC644936"", ""RNA::LSM14A"", ""RNA::NACA2"", ""RNA::NCRNA00152"", ""RNA::PIGC"", ""RNA::PLEK2"", ""RNA::PPIAL4C"", ""RNA::RAB6C"", ""RNA::RGPD4"", ""RNA::SYNPO2""]",20
1,5,boruta_rf,unrestricted_medoid,"[""RNA::ACBD5"", ""RNA::ASAP3"", ""RNA::BRD7"", ""RNA::C2orf28"", ""RNA::C3orf38"", ""RNA::EDARADD"", ""RNA::FAM71D"", ""RNA::FAM90A7"", ""RNA::GGTLC1"", ""RNA::GPX7"", ""RNA::LOC644936"", ""RNA::LRRC37A4"", ""RNA::NACA2"", ""RNA::PA2G4P4"", ""RNA::PRKCA"", ""RNA::RAB6C"", ""RNA::RPL17"", ""RNA::SYNPO2""]",18
1,5,boruta_rf,regret_constrained_medoid,"[""RNA::ACBD5"", ""RNA::ANXA2P1"", ""RNA::ASAP3"", ""RNA::ATP6V1C2"", ""RNA::CTCFL"", ""RNA::DYNC1H1"", ""RNA::GCSH"", ""RNA::GPX7"", ""RNA::HNRNPA3P1"", ""RNA::KTI12"", ""RNA::LOC644936"", ""RNA::LSM14A"", ""RNA::NACA2"", ""RNA::NCRNA00152"", ""RNA::PIGC"", ""RNA::PLEK2"", ""RNA::PPIAL4C"", ""RNA::RAB6C"", ""RNA::RGPD4"", ""RNA::SYNPO2""]",20
2,1,svm_l1,direct,"[""RNA::AK2"", ""RNA::ANGEL2"", ""RNA::ASAP3"", ""RNA::ATP1B3"", ""RNA::ATP5EP2"", ""RNA::ATP8B5P"", ""RNA::BASE"", ""RNA::C11orf92"", ""RNA::C12orf29"", ""RNA::C15orf21"", ""RNA::CARD8"", ""RNA::CD69"", ""RNA::CDKL1"", ""RNA::EEF1A1P9"", ""RNA::FAM190A"", ""RNA::FOXD3"", ""RNA::FTHL3"", ""RNA::FYCO1"", ""RNA::G6PC2"", ""RNA::GBP7"", ""RNA::GCSH"", ""RNA::HDAC1"", ""RNA::HIST1H4H"", ""RNA::HK2"", ""RNA::HNRNPA3P1"", ""RNA::ID3"", ""RNA::LEKR1"", ""RNA::LOC100129034"", ""RNA::LOC100240726"", ""RNA::LOC348021"", ""RNA::LOC643387"", ""RNA::LOC644936"", ""RNA::LOC728643"", ""RNA::LSM14A"", ""RNA::MFSD2B"", ""RNA::MLH1"", ""RNA::MRPS10"", ""RNA::MSX2"", ""RNA::MYOZ2"", ""RNA::NACAP1"", ""RNA::NIF3L1"", ""RNA::NUDT3"", ""RNA::OR6C75"", ""RNA::PA2G4P4"", ""RNA::PGA5"", ""RNA::PGRMC2"", ""RNA::PLEKHA4"", ""RNA::PMP2"", ""RNA::PPIAL4C"", ""RNA::PWP1"", ""RNA::SAMD11"", ""RNA::SCP2"", ""RNA::SEMA6A"", ""RNA::SFRS4"", ""RNA::SH3BGRL3"", ""RNA::SLC47A1"", ""RNA::SNTG1"", ""RNA::SUMF1"", ""RNA::SUMO1P3"", ""RNA::SYF2"", ""RNA::SYNPO2"", ""RNA::TFF2"", ""RNA::THRAP3"", ""RNA::TRIM48"", ""RNA::XIRP1"", ""RNA::XRCC5"", ""RNA::ZNF596"", ""SCNV::KCTD15"", ""SCNV::LIN28A"", ""SCNV::PEX14"", ""SCNV::SPATA21""]",71
2,1,svm_l1,rfecv_only,"[""RNA::AK2"", ""RNA::ASAP3"", ""RNA::EEF1A1P9"", ""RNA::FTHL3"", ""RNA::HNRNPA3P1"", ""RNA::LOC643387"", ""RNA::LOC644936"", ""RNA::LOC728643"", ""RNA::LSM14A"", ""RNA::NACAP1"", ""RNA::PPIAL4C"", ""RNA::SFRS4"", ""RNA::SYF2"", ""RNA::SYNPO2""]",14
2,1,svm_l1,highest_locking_score,"[""RNA::ANGEL2"", ""RNA::ATP5EP2"", ""RNA::CDKL1"", ""RNA::GCSH"", ""RNA::LOC100240726"", ""RNA::MLH1"", ""RNA::PGA5"", ""RNA::PGRMC2"", ""RNA::PMP2"", ""RNA::SFRS4"", ""RNA::SUMF1"", ""RNA::SUMO1P3"", ""RNA::SYNPO2"", ""SCNV::SPATA21""]",14
2,1,svm_l1,legacy_top3_medoid,"[""RNA::ATP8B5P"", ""RNA::CDKL1"", ""RNA::FYCO1"", ""RNA::LOC644936"", ""RNA::NACAP1"", ""RNA::OR6C75"", ""RNA::PGRMC2"", ""RNA::PMP2"", ""RNA::SFRS4"", ""RNA::SUMF1"", ""RNA::SYF2"", ""RNA::SYNPO2"", ""RNA::TRIM48"", ""RNA::ZNF596""]",14
2,1,svm_l1,unrestricted_medoid,"[""RNA::FYCO1"", ""RNA::LOC100129034"", ""RNA::LOC644936"", ""RNA::NUDT3"", ""RNA::PGRMC2"", ""RNA::SEMA6A"", ""RNA::SFRS4"", ""RNA::SLC47A1"", ""RNA::SUMO1P3"", ""RNA::SYF2"", ""RNA::SYNPO2"", ""RNA::TFF2"", ""RNA::ZNF596"", ""SCNV::PEX14""]",14
2,1,svm_l1,regret_constrained_medoid,"[""RNA::FYCO1"", ""RNA::LOC100129034"", ""RNA::LOC644936"", ""RNA::NUDT3"", ""RNA::PGRMC2"", ""RNA::SEMA6A"", ""RNA::SFRS4"", ""RNA::SLC47A1"", ""RNA::SUMO1P3"", ""RNA::SYF2"", ""RNA::SYNPO2"", ""RNA::TFF2"", ""RNA::ZNF596"", ""SCNV::PEX14""]",14
2,1,xgboost,direct,"[""RNA::ABCA17P"", ""RNA::ABCG1"", ""RNA::ABCG5"", ""RNA::AGAP1"", ""RNA::AHR"", ""RNA::AMPD1"", ""RNA::ANAPC16"", ""RNA::APOE"", ""RNA::ARL3"", ""RNA::ASAP3"", ""RNA::ASB1"", ""RNA::ATE1"", ""RNA::AZI2"", ""RNA::BFAR"", ""RNA::C12orf50"", ""RNA::C14orf102"", ""RNA::C15orf34"", ""RNA::C17orf46"", ""RNA::C1orf187"", ""RNA::C22orf15"", ""RNA::C4A"", ""RNA::CALCR"", ""RNA::CCDC58"", ""RNA::CDKN2C"", ""RNA::CLDN4"", ""RNA::CLIC6"", ""RNA::DCHS2"", ""RNA::DNALI1"", ""RNA::DPM3"", ""RNA::DPPA4"", ""RNA::DPY19L2P4"", ""RNA::EEF1A1P9"", ""RNA::EFNA2"", ""RNA::ERRFI1"", ""RNA::EYS"", ""RNA::FAM190A"", ""RNA::FASTKD2"", ""RNA::FETUB"", ""RNA::FICD"", ""RNA::FITM1"", ""RNA::FLJ34503"", ""RNA::G6PC2"", ""RNA::GATSL2"", ""RNA::GCLC"", ""RNA::GGTLC1"", ""RNA::GPR68"", ""RNA::GRIK1"", ""RNA::HDAC5"", ""RNA::HECA"", ""RNA::HERC2"", ""RNA::HIST1H1E"", ""RNA::HNRNPA3P1"", ""RNA::ICAM3"", ""RNA::ITPKA"", ""RNA::LFNG"", ""RNA::LGSN"", ""RNA::LOC341056"", ""RNA::LSM14A"", ""RNA::MAP4K1"", ""RNA::METTL9"", ""RNA::MFSD2B"", ""RNA::MGAT4B"", ""RNA::MIA"", ""RNA::MLANA"", ""RNA::MMS19"", ""RNA::MOCOS"", ""RNA::MOSPD3"", ""RNA::MS4A15"", ""RNA::MYOM2"", ""RNA::NEB"", ""RNA::NFIA"", ""RNA::NFYC"", ""RNA::NIPAL4"", ""RNA::NOP56"", ""RNA::P2RX3"", ""RNA::PCBP3"", ""RNA::PIK3R6"", ""RNA::PRKCB"", ""RNA::PRR5"", ""RNA::RAI14"", ""RNA::RNF186"", ""RNA::SEMA6A"", ""RNA::SERTAD2"", ""RNA::SFRP2"", ""RNA::SGCA"", ""RNA::SIGLEC6"", ""RNA::SIX5"", ""RNA::SLC25A3"", ""RNA::SLC30A7"", ""RNA::SLC6A1"", ""RNA::SMTNL1"", ""RNA::SNORA57"", ""RNA::SRP19"", ""RNA::SYCP2"", ""RNA::TMEM204"", ""RNA::TTC36"", ""RNA::TXNDC12"", ""RNA::VEZT"", ""RNA::ZMAT2"", ""RNA::ZXDB""]",100
2,1,xgboost,rfecv_only,"[""RNA::ABCG1"", ""RNA::ASAP3"", ""RNA::BFAR"", ""RNA::C4A"", ""RNA::CDKN2C"", ""RNA::DNALI1"", ""RNA::EEF1A1P9"", ""RNA::GGTLC1"", ""RNA::HDAC5"", ""RNA::HERC2"", ""RNA::HNRNPA3P1"", ""RNA::LOC341056"", ""RNA::LSM14A"", ""RNA::MFSD2B"", ""RNA::NFIA"", ""RNA::PCBP3"", ""RNA::SFRP2"", ""RNA::SLC30A7"", ""RNA::SLC6A1"", ""RNA::TXNDC12""]",20
2,1,xgboost,highest_locking_score,"[""RNA::ABCG1"", ""RNA::ABCG5"", ""RNA::ARL3"", ""RNA::CALCR"", ""RNA::FASTKD2"", ""RNA::FICD"", ""RNA::HNRNPA3P1"", ""RNA::ICAM3"", ""RNA::MIA"", ""RNA::NEB"", ""RNA::NOP56"", ""RNA::P2RX3"", ""RNA::PCBP3"", ""RNA::PIK3R6"", ""RNA::SERTAD2"", ""RNA::SGCA"", ""RNA::SIX5"", ""RNA::SLC6A1"", ""RNA::TXNDC12"", ""RNA::ZXDB""]",20
2,1,xgboost,legacy_top3_medoid,"[""RNA::ASAP3"", ""RNA::BFAR"", ""RNA::C14orf102"", ""RNA::C17orf46"", ""RNA::C4A"", ""RNA::CALCR"", ""RNA::DNALI1"", ""RNA::DPY19L2P4"", ""RNA::EEF1A1P9"", ""RNA::EYS"", ""RNA::HIST1H1E"", ""RNA::LGSN"", ""RNA::LOC341056"", ""RNA::MAP4K1"", ""RNA::MIA"", ""RNA::MS4A15"", ""RNA::SFRP2"", ""RNA::SGCA"", ""RNA::SMTNL1"", ""RNA::TXNDC12""]",20
2,1,xgboost,unrestricted_medoid,"[""RNA::ABCG1"", ""RNA::BFAR"", ""RNA::C12orf50"", ""RNA::CALCR"", ""RNA::DPPA4"", ""RNA::FETUB"", ""RNA::G6PC2"", ""RNA::GATSL2"", ""RNA::HECA"", ""RNA::LOC341056"", ""RNA::MS4A15"", ""RNA::NIPAL4"", ""RNA::PIK3R6"", ""RNA::RAI14"", ""RNA::SEMA6A"", ""RNA::SERTAD2"", ""RNA::SLC25A3"", ""RNA::SYCP2"", ""RNA::VEZT"", ""RNA::ZMAT2""]",20
2,1,xgboost,regret_constrained_medoid,"[""RNA::ABCG1"", ""RNA::BFAR"", ""RNA::C12orf50"", ""RNA::CALCR"", ""RNA::DPPA4"", ""RNA::FETUB"", ""RNA::G6PC2"", ""RNA::GATSL2"", ""RNA::HECA"", ""RNA::LOC341056"", ""RNA::MS4A15"", ""RNA::NIPAL4"", ""RNA::PIK3R6"", ""RNA::RAI14"", ""RNA::SEMA6A"", ""RNA::SERTAD2"", ""RNA::SLC25A3"", ""RNA::SYCP2"", ""RNA::VEZT"", ""RNA::ZMAT2""]",20
2,1,boruta_rf,direct,"[""RNA::AK2"", ""RNA::AKAP6"", ""RNA::ANXA2P1"", ""RNA::ASAP3"", ""RNA::ATP5EP2"", ""RNA::ATP6V1C2"", ""RNA::ATP8B5P"", ""RNA::BAGE2"", ""RNA::BFAR"", ""RNA::BZW1"", ""RNA::C12orf48"", ""RNA::C12orf51"", ""RNA::C15orf21"", ""RNA::C1orf144"", ""RNA::C22orf46"", ""RNA::C3orf38"", ""RNA::C5orf53"", ""RNA::CA9"", ""RNA::CASP6"", ""RNA::CCDC109B"", ""RNA::CDC26"", ""RNA::CKLF"", ""RNA::CLIC1"", ""RNA::CNIH4"", ""RNA::CNN3"", ""RNA::COMMD10"", ""RNA::CPEB3"", ""RNA::CTCFL"", ""RNA::DCUN1D5"", ""RNA::DDOST"", ""RNA::DEPDC1"", ""RNA::DNALI1"", ""RNA::DOCK7"", ""RNA::DPYD"", ""RNA::DST"", ""RNA::DSTYK"", ""RNA::DTX4"", ""RNA::DYNC1H1"", ""RNA::EDARADD"", ""RNA::EEF1A1P9"", ""RNA::ERI1"", ""RNA::FAM136A"", ""RNA::FAM71D"", ""RNA::FAM90A7"", ""RNA::FTHL3"", ""RNA::GBAP1"", ""RNA::GCSH"", ""RNA::GLB1"", ""RNA::GNG5"", ""RNA::GPN1"", ""RNA::GPR137C"", ""RNA::GPX7"", ""RNA::GUSBL1"", ""RNA::H3F3C"", ""RNA::HDAC1"", ""RNA::HERC2"", ""RNA::HIST1H2BE"", ""RNA::HMGN5"", ""RNA::HNRNPA3P1"", ""RNA::IFNGR2"", ""RNA::IK"", ""RNA::KIAA1409"", ""RNA::KTI12"", ""RNA::LDHA"", ""RNA::LOC100130776"", ""RNA::LOC284232"", ""RNA::LOC341056"", ""RNA::LOC407835"", ""RNA::LOC442454"", ""RNA::LOC541471"", ""RNA::LOC643387"", ""RNA::LOC644936"", ""RNA::LOC728643"", ""RNA::LRRC37A4"", ""RNA::LRRC42"", ""RNA::LRRTM4"", ""RNA::LSM14A"", ""RNA::LYPLA1"", ""RNA::MFSD2B"", ""RNA::MLLT6"", ""RNA::MPRIP"", ""RNA::MRPL36"", ""RNA::MYO18A"", ""RNA::NACAP1"", ""RNA::NADK"", ""RNA::NCRNA00152"", ""RNA::NFIA"", ""RNA::NPLOC4"", ""RNA::NUP37"", ""RNA::OSTC"", ""RNA::PA2G4P4"", ""RNA::PMS2L2"", ""RNA::PNPLA1"", ""RNA::PNRC2"", ""RNA::PPIA"", ""RNA::PPIAL4C"", ""RNA::PPPDE1"", ""RNA::PRDX4"", ""RNA::PRMT6"", ""RNA::PTTG1""]",100
2,1,boruta_rf,rfecv_only,"[""RNA::ASAP3"", ""RNA::EEF1A1P9"", ""RNA::FTHL3"", ""RNA::LOC442454"", ""RNA::LOC643387"", ""RNA::LOC728643"", ""RNA::LRRTM4"", ""RNA::NACAP1""]",8
2,1,boruta_rf,highest_locking_score,"[""RNA::ANXA2P1"", ""RNA::C12orf51"", ""RNA::C15orf21"", ""RNA::CASP6"", ""RNA::DEPDC1"", ""RNA::DOCK7"", ""RNA::DYNC1H1"", ""RNA::ERI1"", ""RNA::GNG5"", ""RNA::GUSBL1"", ""RNA::HNRNPA3P1"", ""RNA::IK"", ""RNA::LOC541471"", ""RNA::LOC728643"", ""RNA::MRPL36"", ""RNA::NPLOC4"", ""RNA::OSTC"", ""RNA::PNRC2""]",18
2,1,boruta_rf,legacy_top3_medoid,"[""RNA::ANXA2P1"", ""RNA::C12orf51"", ""RNA::C15orf21"", ""RNA::CASP6"", ""RNA::DEPDC1"", ""RNA::DOCK7"", ""RNA::DYNC1H1"", ""RNA::ERI1"", ""RNA::GNG5"", ""RNA::GUSBL1"", ""RNA::HNRNPA3P1"", ""RNA::IK"", ""RNA::LOC541471"", ""RNA::LOC728643"", ""RNA::MRPL36"", ""RNA::NPLOC4"", ""RNA::OSTC"", ""RNA::PNRC2""]",18
2,1,boruta_rf,unrestricted_medoid,"[""RNA::BZW1"", ""RNA::C5orf53"", ""RNA::COMMD10"", ""RNA::CTCFL"", ""RNA::DOCK7"", ""RNA::DST"", ""RNA::DYNC1H1"", ""RNA::GBAP1"", ""RNA::GCSH"", ""RNA::GPX7"", ""RNA::HDAC1"", ""RNA::LOC341056"", ""RNA::LOC728643"", ""RNA::MFSD2B"", ""RNA::MPRIP""]",15
2,1,boruta_rf,regret_constrained_medoid,"[""RNA::ANXA2P1"", ""RNA::C12orf51"", ""RNA::C15orf21"", ""RNA::CASP6"", ""RNA::DEPDC1"", ""RNA::DOCK7"", ""RNA::DYNC1H1"", ""RNA::ERI1"", ""RNA::GNG5"", ""RNA::GUSBL1"", ""RNA::HNRNPA3P1"", ""RNA::IK"", ""RNA::LOC541471"", ""RNA::LOC728643"", ""RNA::MRPL36"", ""RNA::NPLOC4"", ""RNA::OSTC"", ""RNA::PNRC2""]",18
2,2,svm_l1,direct,"[""RNA::ADAM2"", ""RNA::ANKRD20B"", ""RNA::ARHGEF17"", ""RNA::ARID5B"", ""RNA::ASAP3"", ""RNA::ATP5EP2"", ""RNA::ATP8B5P"", ""RNA::BAI1"", ""RNA::BNIP3L"", ""RNA::C14orf143"", ""RNA::C15orf21"", ""RNA::C2orf61"", ""RNA::C3orf48"", ""RNA::CARD8"", ""RNA::CCDC34"", ""RNA::CHRDL2"", ""RNA::CHRNA7"", ""RNA::CNN3"", ""RNA::CPT2"", ""RNA::CT45A1"", ""RNA::CTSH"", ""RNA::CXCL13"", ""RNA::DDX19B"", ""RNA::EEPD1"", ""RNA::FAM180B"", ""RNA::FLJ35024"", ""RNA::FOXD3"", ""RNA::FTHL3"", ""RNA::GCSH"", ""RNA::GPR182"", ""RNA::HIST1H2BE"", ""RNA::HLA-G"", ""RNA::HNRNPA3P1"", ""RNA::LAYN"", ""RNA::LEKR1"", ""RNA::LOC100129034"", ""RNA::LOC151162"", ""RNA::LOC643387"", ""RNA::LOC728643"", ""RNA::LRRC3"", ""RNA::LSM14A"", ""RNA::MAD2L2"", ""RNA::MFNG"", ""RNA::MFSD2B"", ""RNA::MIA"", ""RNA::MSX2P1"", ""RNA::MYH6"", ""RNA::MYOZ2"", ""RNA::NACAP1"", ""RNA::NCRNA00169"", ""RNA::NECAP2"", ""RNA::OR1L1"", ""RNA::OR6C75"", ""RNA::OR8D1"", ""RNA::PGA5"", ""RNA::PLEKHA4"", ""RNA::PMP2"", ""RNA::POLR2C"", ""RNA::PPIAL4C"", ""RNA::RET"", ""RNA::SPATS2"", ""RNA::SUMO1P3"", ""RNA::SUN3"", ""RNA::SUSD3"", ""RNA::SYF2"", ""RNA::TAAR8"", ""RNA::TAC4"", ""RNA::TBC1D25"", ""RNA::TCHH"", ""RNA::THAP8"", ""RNA::THRAP3"", ""RNA::TRIM35"", ""RNA::TXNDC12"", ""RNA::VASH2"", ""RNA::WLS"", ""RNA::ZNRF4"", ""SCNV::DAB1"", ""SCNV::KCTD15"", ""SCNV::LINC00662""]",79
2,2,svm_l1,rfecv_only,"[""RNA::ASAP3"", ""RNA::CNN3"", ""RNA::FTHL3"", ""RNA::GCSH"", ""RNA::HNRNPA3P1"", ""RNA::LOC100129034"", ""RNA::LOC643387"", ""RNA::LOC728643"", ""RNA::LSM14A"", ""RNA::NACAP1"", ""RNA::PLEKHA4"", ""RNA::PPIAL4C"", ""RNA::SUMO1P3"", ""RNA::SYF2"", ""RNA::TXNDC12""]",15
2,2,svm_l1,highest_locking_score,"[""RNA::ANKRD20B"", ""RNA::BNIP3L"", ""RNA::C14orf143"", ""RNA::C2orf61"", ""RNA::CARD8"", ""RNA::CHRDL2"", ""RNA::EEPD1"", ""RNA::HNRNPA3P1"", ""RNA::LAYN"", ""RNA::LEKR1"", ""RNA::MYH6"", ""RNA::NCRNA00169"", ""RNA::OR1L1"", ""RNA::TBC1D25"", ""RNA::THAP8""]",15
2,2,svm_l1,legacy_top3_medoid,"[""RNA::ANKRD20B"", ""RNA::BNIP3L"", ""RNA::C14orf143"", ""RNA::C2orf61"", ""RNA::CARD8"", ""RNA::CHRDL2"", ""RNA::EEPD1"", ""RNA::HNRNPA3P1"", ""RNA::LAYN"", ""RNA::LEKR1"", ""RNA::MYH6"", ""RNA::NCRNA00169"", ""RNA::OR1L1"", ""RNA::TBC1D25"", ""RNA::THAP8""]",15
2,2,svm_l1,unrestricted_medoid,"[""RNA::C2orf61"", ""RNA::CARD8"", ""RNA::CNN3"", ""RNA::EEPD1"", ""RNA::FAM180B"", ""RNA::FLJ35024"", ""RNA::GPR182"", ""RNA::HLA-G"", ""RNA::LAYN"", ""RNA::LOC100129034"", ""RNA::LRRC3"", ""RNA::MAD2L2"", ""RNA::NACAP1"", ""RNA::PMP2"", ""RNA::SUMO1P3""]",15
2,2,svm_l1,regret_constrained_medoid,"[""RNA::ANKRD20B"", ""RNA::BNIP3L"", ""RNA::C14orf143"", ""RNA::C2orf61"", ""RNA::CARD8"", ""RNA::CHRDL2"", ""RNA::EEPD1"", ""RNA::HNRNPA3P1"", ""RNA::LAYN"", ""RNA::LEKR1"", ""RNA::MYH6"", ""RNA::NCRNA00169"", ""RNA::OR1L1"", ""RNA::TBC1D25"", ""RNA::THAP8""]",15
2,2,xgboost,direct,"[""RNA::ABHD5"", ""RNA::AKAP7"", ""RNA::ALDH18A1"", ""RNA::ANKRD39"", ""RNA::ANP32D"", ""RNA::AOC2"", ""RNA::ARHGEF15"", ""RNA::ARHGEF18"", ""RNA::ARHGEF35"", ""RNA::ARSK"", ""RNA::ASAP3"", ""RNA::ATP7B"", ""RNA::ATP8B5P"", ""RNA::B3GNT7"", ""RNA::BAX"", ""RNA::BCKDHA"", ""RNA::BTF3L4"", ""RNA::C11orf65"", ""RNA::C12orf65"", ""RNA::C15orf38"", ""RNA::C19orf42"", ""RNA::C19orf52"", ""RNA::C1orf55"", ""RNA::C9orf78"", ""RNA::CBLL1"", ""RNA::CCDC72"", ""RNA::CCL1"", ""RNA::CEBPG"", ""RNA::CHRNA7"", ""RNA::CHTF8"", ""RNA::CKLF"", ""RNA::CNN3"", ""RNA::CT45A1"", ""RNA::CTAGE4"", ""RNA::DAG1"", ""RNA::DBNDD2"", ""RNA::DDAH1"", ""RNA::DIAPH2"", ""RNA::DNAJC5B"", ""RNA::EEF1A1P9"", ""RNA::EXOC3"", ""RNA::FAF2"", ""RNA::FAM133A"", ""RNA::FAM155B"", ""RNA::FAM24B"", ""RNA::FANCF"", ""RNA::FUK"", ""RNA::GAB2"", ""RNA::GBP7"", ""RNA::GFI1B"", ""RNA::GHDC"", ""RNA::GTF3C2"", ""RNA::HAX1"", ""RNA::HERC2"", ""RNA::HIST1H2BE"", ""RNA::HNRNPA3P1"", ""RNA::HOXB7"", ""RNA::IFT140"", ""RNA::KDELR1"", ""RNA::KIAA0649"", ""RNA::KIAA0664"", ""RNA::LOC100133612"", ""RNA::LOC442459"", ""RNA::LOC647121"", ""RNA::LOC647288"", ""RNA::LOC92659"", ""RNA::MTX1"", ""RNA::NFIA"", ""RNA::NPAT"", ""RNA::NR2E1"", ""RNA::PAPPA2"", ""RNA::PARK7"", ""RNA::PDHA1"", ""RNA::PL-5283"", ""RNA::PLTP"", ""RNA::PMPCB"", ""RNA::PUSL1"", ""RNA::RAPGEF5"", ""RNA::RXFP3"", ""RNA::S100PBP"", ""RNA::SCARNA9L"", ""RNA::SEPHS2"", ""RNA::SRF"", ""RNA::STAG3L1"", ""RNA::TCF4"", ""RNA::THRAP3"", ""RNA::TOX"", ""RNA::TP53I3"", ""RNA::TRIM10"", ""RNA::TTC5"", ""RNA::TXLNA"", ""RNA::UPB1"", ""RNA::UPF1"", ""RNA::VEGFA"", ""RNA::VNN2"", ""RNA::VPS52"", ""RNA::YLPM1"", ""RNA::ZNF443"", ""RNA::ZNF619"", ""SCNV::RELN""]",100
2,2,xgboost,rfecv_only,"[""RNA::ASAP3"", ""RNA::ATP8B5P"", ""RNA::CKLF"", ""RNA::CNN3"", ""RNA::EEF1A1P9"", ""RNA::GTF3C2"", ""RNA::HERC2"", ""RNA::HNRNPA3P1"", ""RNA::HOXB7"", ""RNA::KDELR1"", ""RNA::KIAA0649"", ""RNA::MTX1"", ""RNA::NFIA"", ""RNA::PUSL1"", ""RNA::S100PBP"", ""RNA::SEPHS2"", ""RNA::THRAP3"", ""RNA::TXLNA"", ""RNA::VEGFA""]",19
2,2,xgboost,highest_locking_score,"[""RNA::ARHGEF15"", ""RNA::ATP8B5P"", ""RNA::BAX"", ""RNA::BTF3L4"", ""RNA::C19orf52"", ""RNA::C9orf78"", ""RNA::CEBPG"", ""RNA::CT45A1"", ""RNA::FAF2"", ""RNA::GAB2"", ""RNA::GBP7"", ""RNA::HAX1"", ""RNA::HERC2"", ""RNA::HNRNPA3P1"", ""RNA::KIAA0649"", ""RNA::LOC442459"", ""RNA::NFIA"", ""RNA::PDHA1"", ""RNA::ZNF619""]",19
2,2,xgboost,legacy_top3_medoid,"[""RNA::ABHD5"", ""RNA::AOC2"", ""RNA::ARSK"", ""RNA::ATP7B"", ""RNA::CCL1"", ""RNA::CNN3"", ""RNA::CTAGE4"", ""RNA::DNAJC5B"", ""RNA::FAF2"", ""RNA::FAM155B"", ""RNA::GBP7"", ""RNA::HERC2"", ""RNA::HIST1H2BE"", ""RNA::PAPPA2"", ""RNA::PLTP"", ""RNA::THRAP3"", ""RNA::TP53I3"", ""RNA::TRIM10"", ""RNA::UPB1"", ""RNA::ZNF443""]",20
2,2,xgboost,unrestricted_medoid,"[""RNA::ABHD5"", ""RNA::AOC2"", ""RNA::ARSK"", ""RNA::ATP7B"", ""RNA::CCL1"", ""RNA::CNN3"", ""RNA::CTAGE4"", ""RNA::DNAJC5B"", ""RNA::FAF2"", ""RNA::FAM155B"", ""RNA::GBP7"", ""RNA::HERC2"", ""RNA::HIST1H2BE"", ""RNA::PAPPA2"", ""RNA::PLTP"", ""RNA::THRAP3"", ""RNA::TP53I3"", ""RNA::TRIM10"", ""RNA::UPB1"", ""RNA::ZNF443""]",20
2,2,xgboost,regret_constrained_medoid,"[""RNA::ABHD5"", ""RNA::AOC2"", ""RNA::ARSK"", ""RNA::ATP7B"", ""RNA::CCL1"", ""RNA::CNN3"", ""RNA::CTAGE4"", ""RNA::DNAJC5B"", ""RNA::FAF2"", ""RNA::FAM155B"", ""RNA::GBP7"", ""RNA::HERC2"", ""RNA::HIST1H2BE"", ""RNA::PAPPA2"", ""RNA::PLTP"", ""RNA::THRAP3"", ""RNA::TP53I3"", ""RNA::TRIM10"", ""RNA::UPB1"", ""RNA::ZNF443""]",20
2,2,boruta_rf,direct,"[""RNA::ACTL6A"", ""RNA::AK2"", ""RNA::AKAP6"", ""RNA::ANXA2P1"", ""RNA::ASAP3"", ""RNA::ATP5EP2"", ""RNA::ATP6V1C2"", ""RNA::ATP8B5P"", ""RNA::BRD7"", ""RNA::BZW1"", ""RNA::C12orf51"", ""RNA::C14orf147"", ""RNA::C15orf21"", ""RNA::C1orf144"", ""RNA::CASP4"", ""RNA::CASP6"", ""RNA::CCDC109B"", ""RNA::CD58"", ""RNA::CDC26"", ""RNA::CDKN3"", ""RNA::CEP170L"", ""RNA::CKLF"", ""RNA::CLIC1"", ""RNA::CNN3"", ""RNA::COMMD10"", ""RNA::CPEB3"", ""RNA::CTCFL"", ""RNA::DDOST"", ""RNA::DNALI1"", ""RNA::DOCK7"", ""RNA::DPYD"", ""RNA::DYNC1H1"", ""RNA::EDARADD"", ""RNA::EEF1A1P9"", ""RNA::FAM71D"", ""RNA::FAM90A7"", ""RNA::FTHL3"", ""RNA::GBAP1"", ""RNA::GCSH"", ""RNA::GGTLC1"", ""RNA::GPN1"", ""RNA::GPX7"", ""RNA::GUSBL1"", ""RNA::H3F3C"", ""RNA::HDAC1"", ""RNA::HMGN5"", ""RNA::HNRNPA3P1"", ""RNA::KIAA0427"", ""RNA::KIF3A"", ""RNA::KTI12"", ""RNA::LDHA"", ""RNA::LOC100130776"", ""RNA::LOC284232"", ""RNA::LOC341056"", ""RNA::LOC407835"", ""RNA::LOC442454"", ""RNA::LOC541471"", ""RNA::LOC643387"", ""RNA::LOC644936"", ""RNA::LOC645332"", ""RNA::LOC728643"", ""RNA::LRRC37A4"", ""RNA::LRRTM4"", ""RNA::LSM14A"", ""RNA::LYPLA1"", ""RNA::MAGOH"", ""RNA::MFSD2B"", ""RNA::MICAL3"", ""RNA::MPRIP"", ""RNA::MTX1"", ""RNA::MUM1L1"", ""RNA::NACA2"", ""RNA::NACAP1"", ""RNA::NADK"", ""RNA::NALCN"", ""RNA::NCRNA00152"", ""RNA::NFIA"", ""RNA::NUP37"", ""RNA::OSTC"", ""RNA::PA2G4P4"", ""RNA::PAIP1"", ""RNA::PDPN"", ""RNA::PIP4K2B"", ""RNA::PMS2L2"", ""RNA::PNPLA1"", ""RNA::PPIA"", ""RNA::PPIAL4C"", ""RNA::PRDX4"", ""RNA::RAB42"", ""RNA::RAB6C"", ""RNA::RAP1B"", ""RNA::RHOC"", ""RNA::RPF1"", ""RNA::RPL12"", ""RNA::RPL13AP3"", ""RNA::RPL17"", ""RNA::RPL23P8"", ""RNA::RUSC2"", ""RNA::SBF1"", ""RNA::SF3A3""]",100
2,2,boruta_rf,rfecv_only,"[""RNA::ASAP3"", ""RNA::DOCK7"", ""RNA::EEF1A1P9"", ""RNA::FTHL3"", ""RNA::LOC442454"", ""RNA::LOC643387"", ""RNA::LOC728643"", ""RNA::NACAP1"", ""RNA::NFIA"", ""RNA::RPL13AP3""]",10
2,2,boruta_rf,highest_locking_score,"[""RNA::AKAP6"", ""RNA::ASAP3"", ""RNA::ATP5EP2"", ""RNA::ATP8B5P"", ""RNA::CPEB3"", ""RNA::CTCFL"", ""RNA::FAM90A7"", ""RNA::GCSH"", ""RNA::GGTLC1"", ""RNA::GPX7"", ""RNA::HNRNPA3P1"", ""RNA::LDHA"", ""RNA::LRRC37A4"", ""RNA::LSM14A"", ""RNA::NUP37"", ""RNA::RHOC"", ""RNA::SBF1""]",17
2,2,boruta_rf,legacy_top3_medoid,"[""RNA::ASAP3"", ""RNA::DPYD"", ""RNA::EDARADD"", ""RNA::EEF1A1P9"", ""RNA::FTHL3"", ""RNA::HNRNPA3P1"", ""RNA::KIAA0427"", ""RNA::KIF3A"", ""RNA::LOC341056"", ""RNA::LOC407835"", ""RNA::LOC541471"", ""RNA::LOC643387"", ""RNA::LOC644936"", ""RNA::LSM14A"", ""RNA::MICAL3"", ""RNA::MPRIP"", ""RNA::NACA2"", ""RNA::NCRNA00152"", ""RNA::PAIP1"", ""RNA::PPIAL4C"", ""RNA::RAB42"", ""RNA::RPL13AP3""]",22
2,2,boruta_rf,unrestricted_medoid,"[""RNA::ASAP3"", ""RNA::DPYD"", ""RNA::EDARADD"", ""RNA::EEF1A1P9"", ""RNA::FTHL3"", ""RNA::HNRNPA3P1"", ""RNA::KIAA0427"", ""RNA::KIF3A"", ""RNA::LOC341056"", ""RNA::LOC407835"", ""RNA::LOC541471"", ""RNA::LOC643387"", ""RNA::LOC644936"", ""RNA::LSM14A"", ""RNA::MICAL3"", ""RNA::MPRIP"", ""RNA::NACA2"", ""RNA::NCRNA00152"", ""RNA::PAIP1"", ""RNA::PPIAL4C"", ""RNA::RAB42"", ""RNA::RPL13AP3""]",22
2,2,boruta_rf,regret_constrained_medoid,"[""RNA::AKAP6"", ""RNA::ASAP3"", ""RNA::ATP5EP2"", ""RNA::ATP8B5P"", ""RNA::CPEB3"", ""RNA::CTCFL"", ""RNA::FAM90A7"", ""RNA::GCSH"", ""RNA::GGTLC1"", ""RNA::GPX7"", ""RNA::HNRNPA3P1"", ""RNA::LDHA"", ""RNA::LRRC37A4"", ""RNA::LSM14A"", ""RNA::NUP37"", ""RNA::RHOC"", ""RNA::SBF1""]",17
2,3,svm_l1,direct,"[""RNA::ABCG1"", ""RNA::AGPAT4"", ""RNA::AK2"", ""RNA::AMZ2P1"", ""RNA::ASAP3"", ""RNA::ATP5EP2"", ""RNA::ATP8B5P"", ""RNA::C15orf21"", ""RNA::C19orf61"", ""RNA::C2orf67"", ""RNA::C3orf48"", ""RNA::C4A"", ""RNA::CA9"", ""RNA::CARD8"", ""RNA::CD151"", ""RNA::CDK11B"", ""RNA::CDKL1"", ""RNA::CHRNA7"", ""RNA::CT45A1"", ""RNA::EEPD1"", ""RNA::EML5"", ""RNA::FAM159A"", ""RNA::FOXD3"", ""RNA::FTHL3"", ""RNA::GAPT"", ""RNA::GBP7"", ""RNA::GCSH"", ""RNA::GLUD1"", ""RNA::GMDS"", ""RNA::HECA"", ""RNA::HIST1H2BE"", ""RNA::HNRNPA3P1"", ""RNA::HSPC072"", ""RNA::HTN3"", ""RNA::KLHL4"", ""RNA::LEKR1"", ""RNA::LHX5"", ""RNA::LIMD2"", ""RNA::LOC100129034"", ""RNA::LOC341056"", ""RNA::LOC643387"", ""RNA::LOC728643"", ""RNA::LONRF1"", ""RNA::LSM14A"", ""RNA::MCM6"", ""RNA::MFN2"", ""RNA::MFNG"", ""RNA::MFSD2B"", ""RNA::MIA"", ""RNA::MSX2"", ""RNA::MSX2P1"", ""RNA::MYOZ2"", ""RNA::NACAP1"", ""RNA::NCF1C"", ""RNA::NEU2"", ""RNA::NIF3L1"", ""RNA::NUDT3"", ""RNA::OR11G2"", ""RNA::OR4D11"", ""RNA::OR8D1"", ""RNA::PA2G4P4"", ""RNA::PAFAH2"", ""RNA::PDZD9"", ""RNA::PLEKHA2"", ""RNA::PLEKHA4"", ""RNA::PPIAL4C"", ""RNA::PPP2R5A"", ""RNA::PRAM1"", ""RNA::PRRG2"", ""RNA::RAN"", ""RNA::RGAG4"", ""RNA::SCN7A"", ""RNA::SFRS4"", ""RNA::SLC47A1"", ""RNA::SLCO1A2"", ""RNA::SRXN1"", ""RNA::ST6GAL1"", ""RNA::SUMO1P3"", ""RNA::SUN3"", ""RNA::SUSD3"", ""RNA::TAS1R1"", ""RNA::THRAP3"", ""RNA::TMEM18"", ""RNA::TMX2"", ""RNA::TRIM35"", ""RNA::TRIM48"", ""SCNV::DAB1"", ""SCNV::GPR42"", ""SCNV::KCTD15"", ""SCNV::PEX14""]",90
2,3,svm_l1,rfecv_only,"[""RNA::ASAP3"", ""RNA::CD151"", ""RNA::FTHL3"", ""RNA::HNRNPA3P1"", ""RNA::LOC643387"", ""RNA::LOC728643"", ""RNA::NACAP1"", ""RNA::SFRS4"", ""SCNV::DAB1""]",9
2,3,svm_l1,highest_locking_score,"[""RNA::AGPAT4"", ""RNA::ASAP3"", ""RNA::C15orf21"", ""RNA::C4A"", ""RNA::HNRNPA3P1"", ""RNA::HTN3"", ""RNA::LHX5"", ""RNA::LONRF1"", ""RNA::MSX2"", ""RNA::OR4D11"", ""RNA::SLC47A1"", ""RNA::SLCO1A2"", ""RNA::SUN3"", ""RNA::SUSD3"", ""RNA::THRAP3"", ""SCNV::DAB1""]",16
2,3,svm_l1,legacy_top3_medoid,"[""RNA::C3orf48"", ""RNA::CT45A1"", ""RNA::GCSH"", ""RNA::LOC341056"", ""RNA::MSX2"", ""RNA::NCF1C"", ""RNA::OR8D1"", ""RNA::PLEKHA4"", ""RNA::PPP2R5A"", ""RNA::SLCO1A2"", ""RNA::ST6GAL1"", ""SCNV::KCTD15""]",12
2,3,svm_l1,unrestricted_medoid,"[""RNA::ATP5EP2"", ""RNA::C19orf61"", ""RNA::C3orf48"", ""RNA::CA9"", ""RNA::FOXD3"", ""RNA::HSPC072"", ""RNA::LSM14A"", ""RNA::MFSD2B"", ""RNA::PA2G4P4"", ""RNA::PRAM1"", ""RNA::RAN"", ""RNA::SLCO1A2"", ""SCNV::DAB1""]",13
2,3,svm_l1,regret_constrained_medoid,"[""RNA::AGPAT4"", ""RNA::ASAP3"", ""RNA::C15orf21"", ""RNA::C4A"", ""RNA::HNRNPA3P1"", ""RNA::HTN3"", ""RNA::LHX5"", ""RNA::LONRF1"", ""RNA::MSX2"", ""RNA::OR4D11"", ""RNA::SLC47A1"", ""RNA::SLCO1A2"", ""RNA::SUN3"", ""RNA::SUSD3"", ""RNA::THRAP3"", ""SCNV::DAB1""]",16
2,3,xgboost,direct,"[""RNA::ACAP3"", ""RNA::ACSBG1"", ""RNA::ADCYAP1"", ""RNA::ALG12"", ""RNA::ALMS1P"", ""RNA::ANGEL2"", ""RNA::ANGPTL2"", ""RNA::ARHGEF3"", ""RNA::ARL4C"", ""RNA::ASAP3"", ""RNA::ATP5EP2"", ""RNA::ATP8B5P"", ""RNA::AVEN"", ""RNA::AZIN1"", ""RNA::B3GNT7"", ""RNA::C12orf59"", ""RNA::C14orf143"", ""RNA::C18orf2"", ""RNA::C18orf26"", ""RNA::C18orf8"", ""RNA::C20orf111"", ""RNA::C2orf43"", ""RNA::C3orf77"", ""RNA::C6orf142"", ""RNA::CCDC107"", ""RNA::CCDC46"", ""RNA::CDKAL1"", ""RNA::CENPC1"", ""RNA::CLUAP1"", ""RNA::CPO"", ""RNA::CYP3A43"", ""RNA::DDOST"", ""RNA::DRD2"", ""RNA::EEF1A1P9"", ""RNA::ERP44"", ""RNA::FAM124A"", ""RNA::FCRL3"", ""RNA::FOXI1"", ""RNA::FTHL3"", ""RNA::GALR1"", ""RNA::GLIS1"", ""RNA::GPR128"", ""RNA::HNRNPA3P1"", ""RNA::HSD3B2"", ""RNA::IFIH1"", ""RNA::IHH"", ""RNA::KLHL15"", ""RNA::L3MBTL3"", ""RNA::LDLRAD2"", ""RNA::LOC162632"", ""RNA::LOC642852"", ""RNA::LOC90784"", ""RNA::LRRN4CL"", ""RNA::LRRTM4"", ""RNA::MADD"", ""RNA::MASTL"", ""RNA::MAT1A"", ""RNA::MGC16703"", ""RNA::NCRNA00169"", ""RNA::NECAP2"", ""RNA::NEURL3"", ""RNA::NFIA"", ""RNA::NMI"", ""RNA::OR5B2"", ""RNA::PAPPA2"", ""RNA::PCDHB8"", ""RNA::PDCD5"", ""RNA::PLSCR1"", ""RNA::PPIAL4C"", ""RNA::PSMG3"", ""RNA::PTGER2"", ""RNA::QPRT"", ""RNA::RDH16"", ""RNA::RGS10"", ""RNA::RGS9"", ""RNA::RORA"", ""RNA::RPL13A"", ""RNA::RPPH1"", ""RNA::RTF1"", ""RNA::SCGB3A2"", ""RNA::SCML1"", ""RNA::SECISBP2"", ""RNA::SECTM1"", ""RNA::SH3BP5"", ""RNA::THRAP3"", ""RNA::TMEM179"", ""RNA::TMEM87A"", ""RNA::TNFSF13B"", ""RNA::TP53I13"", ""RNA::TRIB1"", ""RNA::TXLNA"", ""RNA::ZNF275"", ""RNA::ZNF425"", ""RNA::ZNF426"", ""RNA::ZNF697"", ""SCNV::DAB1"", ""SCNV::FFAR3"", ""SCNV::KIF1B"", ""SCNV::NEGR1"", ""SCNV::PEX14""]",100
2,3,xgboost,rfecv_only,"[""RNA::ASAP3"", ""RNA::ATP5EP2"", ""RNA::ATP8B5P"", ""RNA::C20orf111"", ""RNA::DDOST"", ""RNA::EEF1A1P9"", ""RNA::ERP44"", ""RNA::FTHL3"", ""RNA::HNRNPA3P1"", ""RNA::LDLRAD2"", ""RNA::LRRTM4"", ""RNA::MADD"", ""RNA::PLSCR1"", ""RNA::PPIAL4C"", ""RNA::RGS10"", ""RNA::TMEM87A"", ""RNA::TXLNA"", ""SCNV::DAB1"", ""SCNV::KIF1B"", ""SCNV::PEX14""]",20
2,3,xgboost,highest_locking_score,"[""RNA::C14orf143"", ""RNA::C2orf43"", ""RNA::CCDC46"", ""RNA::CPO"", ""RNA::CYP3A43"", ""RNA::EEF1A1P9"", ""RNA::GLIS1"", ""RNA::GPR128"", ""RNA::HNRNPA3P1"", ""RNA::HSD3B2"", ""RNA::IHH"", ""RNA::OR5B2"", ""RNA::PLSCR1"", ""RNA::PPIAL4C"", ""RNA::RGS10"", ""RNA::RORA"", ""RNA::RPPH1"", ""RNA::SCML1"", ""SCNV::DAB1"", ""SCNV::FFAR3""]",20
2,3,xgboost,legacy_top3_medoid,"[""RNA::ALG12"", ""RNA::ANGEL2"", ""RNA::ARHGEF3"", ""RNA::ATP8B5P"", ""RNA::B3GNT7"", ""RNA::C18orf2"", ""RNA::ERP44"", ""RNA::GLIS1"", ""RNA::HSD3B2"", ""RNA::IHH"", ""RNA::LOC162632"", ""RNA::PAPPA2"", ""RNA::PLSCR1"", ""RNA::RDH16"", ""RNA::RORA"", ""RNA::RTF1"", ""RNA::TXLNA"", ""RNA::ZNF426"", ""RNA::ZNF697"", ""SCNV::PEX14""]",20
2,3,xgboost,unrestricted_medoid,"[""RNA::ANGEL2"", ""RNA::ATP8B5P"", ""RNA::AZIN1"", ""RNA::B3GNT7"", ""RNA::C18orf2"", ""RNA::C6orf142"", ""RNA::CCDC46"", ""RNA::CLUAP1"", ""RNA::DDOST"", ""RNA::HSD3B2"", ""RNA::IHH"", ""RNA::KLHL15"", ""RNA::L3MBTL3"", ""RNA::LDLRAD2"", ""RNA::MASTL"", ""RNA::PSMG3"", ""RNA::PTGER2"", ""RNA::SCML1"", ""RNA::TP53I13"", ""RNA::ZNF697""]",20
2,3,xgboost,regret_constrained_medoid,"[""RNA::ACAP3"", ""RNA::ALG12"", ""RNA::ANGEL2"", ""RNA::ARHGEF3"", ""RNA::C12orf59"", ""RNA::C6orf142"", ""RNA::CYP3A43"", ""RNA::FAM124A"", ""RNA::HNRNPA3P1"", ""RNA::HSD3B2"", ""RNA::IHH"", ""RNA::LOC90784"", ""RNA::MASTL"", ""RNA::PAPPA2"", ""RNA::PCDHB8"", ""RNA::PTGER2"", ""RNA::SECISBP2"", ""RNA::THRAP3"", ""RNA::TP53I13"", ""SCNV::DAB1""]",20
2,3,boruta_rf,direct,"[""RNA::AKAP6"", ""RNA::ANXA2P1"", ""RNA::ASAP3"", ""RNA::ATP5EP2"", ""RNA::ATP6V1C2"", ""RNA::ATP8B5P"", ""RNA::BAGE2"", ""RNA::BRD7"", ""RNA::BZW1"", ""RNA::C10orf4"", ""RNA::C12orf48"", ""RNA::C14orf19"", ""RNA::C15orf21"", ""RNA::CASP6"", ""RNA::CCDC109B"", ""RNA::CDC26"", ""RNA::CEP170L"", ""RNA::CKLF"", ""RNA::CPEB3"", ""RNA::CTCFL"", ""RNA::DDOST"", ""RNA::DOCK7"", ""RNA::DST"", ""RNA::DYNC1H1"", ""RNA::EDARADD"", ""RNA::EEF1A1P9"", ""RNA::EIF3A"", ""RNA::FAM71D"", ""RNA::FAM90A7"", ""RNA::FTHL3"", ""RNA::GBAP1"", ""RNA::GCSH"", ""RNA::GGTLC1"", ""RNA::GPN1"", ""RNA::GPX7"", ""RNA::GUSBL1"", ""RNA::H3F3C"", ""RNA::HNRNPA3P1"", ""RNA::IKBIP"", ""RNA::LDHA"", ""RNA::LOC100130776"", ""RNA::LOC284232"", ""RNA::LOC341056"", ""RNA::LOC407835"", ""RNA::LOC442454"", ""RNA::LOC541471"", ""RNA::LOC643387"", ""RNA::LOC644936"", ""RNA::LOC728643"", ""RNA::LRRC37A4"", ""RNA::LRRTM4"", ""RNA::LSM14A"", ""RNA::LYPLA1"", ""RNA::MDK"", ""RNA::MFSD2B"", ""RNA::MPRIP"", ""RNA::NACA2"", ""RNA::NACAP1"", ""RNA::NALCN"", ""RNA::NCRNA00152"", ""RNA::OSTC"", ""RNA::PA2G4P4"", ""RNA::PAIP1"", ""RNA::PCBP3"", ""RNA::PIGC"", ""RNA::PMS2L2"", ""RNA::PPIA"", ""RNA::PPIAL4C"", ""RNA::PVT1"", ""RNA::RAB6C"", ""RNA::RAN"", ""RNA::REXO2"", ""RNA::RPL12"", ""RNA::RPL13A"", ""RNA::RPL13AP3"", ""RNA::RPL17"", ""RNA::RPL23P8"", ""RNA::RPS27A"", ""RNA::RRM2"", ""RNA::SHQ1"", ""RNA::SLC6A10P"", ""RNA::SNRNP40"", ""RNA::SPCS2"", ""RNA::SPTAN1"", ""RNA::SUMO1P3"", ""RNA::SYNPO2"", ""RNA::TARSL2"", ""RNA::TMOD2"", ""RNA::TNRC6C"", ""RNA::TOP1P2"", ""RNA::TOR1A"", ""RNA::TUBA1C"", ""RNA::TXLNA"", ""RNA::UBE2MP1"", ""RNA::UPF2"", ""RNA::WBP11P1"", ""RNA::WDR77"", ""RNA::ZCCHC9"", ""RNA::ZMYND17"", ""RNA::ZNF207""]",100
2,3,boruta_rf,rfecv_only,"[""RNA::ASAP3"", ""RNA::EEF1A1P9"", ""RNA::FTHL3"", ""RNA::HNRNPA3P1"", ""RNA::LOC442454"", ""RNA::LOC643387"", ""RNA::LOC728643"", ""RNA::TXLNA"", ""RNA::WDR77""]",9
2,3,boruta_rf,highest_locking_score,"[""RNA::C14orf19"", ""RNA::CASP6"", ""RNA::CEP170L"", ""RNA::DYNC1H1"", ""RNA::GBAP1"", ""RNA::GCSH"", ""RNA::HNRNPA3P1"", ""RNA::LOC442454"", ""RNA::LOC643387"", ""RNA::LOC644936"", ""RNA::MPRIP"", ""RNA::PAIP1"", ""RNA::PVT1"", ""RNA::RAB6C"", ""RNA::RRM2"", ""RNA::SLC6A10P"", ""RNA::SNRNP40"", ""RNA::SYNPO2"", ""RNA::TXLNA"", ""RNA::WBP11P1""]",20
2,3,boruta_rf,legacy_top3_medoid,"[""RNA::C10orf4"", ""RNA::C15orf21"", ""RNA::CEP170L"", ""RNA::CTCFL"", ""RNA::DDOST"", ""RNA::FAM90A7"", ""RNA::LOC643387"", ""RNA::LSM14A"", ""RNA::NALCN"", ""RNA::REXO2"", ""RNA::RPL13A"", ""RNA::RPL13AP3""]",12
2,3,boruta_rf,unrestricted_medoid,"[""RNA::ASAP3"", ""RNA::ATP5EP2"", ""RNA::C15orf21"", ""RNA::GGTLC1"", ""RNA::LOC643387"", ""RNA::NALCN"", ""RNA::OSTC"", ""RNA::PPIAL4C"", ""RNA::PVT1"", ""RNA::REXO2"", ""RNA::RPL23P8"", ""RNA::RPS27A"", ""RNA::SPCS2"", ""RNA::SPTAN1"", ""RNA::TARSL2"", ""RNA::TUBA1C"", ""RNA::ZNF207""]",17
2,3,boruta_rf,regret_constrained_medoid,"[""RNA::C10orf4"", ""RNA::C15orf21"", ""RNA::CEP170L"", ""RNA::CTCFL"", ""RNA::DDOST"", ""RNA::FAM90A7"", ""RNA::LOC643387"", ""RNA::LSM14A"", ""RNA::NALCN"", ""RNA::REXO2"", ""RNA::RPL13A"", ""RNA::RPL13AP3""]",12
2,4,svm_l1,direct,"[""RNA::ABCG1"", ""RNA::ACSM2A"", ""RNA::ADAM2"", ""RNA::AK2"", ""RNA::ANGEL2"", ""RNA::ATP5EP2"", ""RNA::ATP8B5P"", ""RNA::C14orf105"", ""RNA::C15orf21"", ""RNA::C4A"", ""RNA::CARD8"", ""RNA::CCDC102A"", ""RNA::CLIC6"", ""RNA::CLP1"", ""RNA::CSTF1"", ""RNA::CYTL1"", ""RNA::FHL3"", ""RNA::FOXD3"", ""RNA::FOXG1"", ""RNA::FTHL3"", ""RNA::G6PC2"", ""RNA::GAPT"", ""RNA::GCSH"", ""RNA::HAPLN1"", ""RNA::HCG22"", ""RNA::HDAC1"", ""RNA::HIST1H4H"", ""RNA::HK2"", ""RNA::HKDC1"", ""RNA::HNRNPA3P1"", ""RNA::HSPBAP1"", ""RNA::HTN3"", ""RNA::ID2B"", ""RNA::ID3"", ""RNA::ITGA8"", ""RNA::LEKR1"", ""RNA::LGALS9C"", ""RNA::LIMD2"", ""RNA::LOC100129034"", ""RNA::LOC100133050"", ""RNA::LOC100288778"", ""RNA::LOC643387"", ""RNA::LOC728643"", ""RNA::MFNG"", ""RNA::MFSD2B"", ""RNA::MRPS10"", ""RNA::MYH6"", ""RNA::NACAP1"", ""RNA::NCF1C"", ""RNA::OR5B12"", ""RNA::OR8D1"", ""RNA::PA2G4P4"", ""RNA::PDZD9"", ""RNA::PLEKHA4"", ""RNA::PMP2"", ""RNA::POLR3F"", ""RNA::PPIAL4C"", ""RNA::PRRG2"", ""RNA::PRUNE"", ""RNA::RGAG4"", ""RNA::SCP2"", ""RNA::SLC17A8"", ""RNA::SPATS2"", ""RNA::SRXN1"", ""RNA::SUMO1P3"", ""RNA::THRAP3"", ""RNA::TMEM149"", ""RNA::TMEM178"", ""RNA::WLS"", ""RNA::ZNF263"", ""SCNV::LINC00662""]",71
2,4,svm_l1,rfecv_only,"[""RNA::FTHL3"", ""RNA::GCSH"", ""RNA::HAPLN1"", ""RNA::HDAC1"", ""RNA::HNRNPA3P1"", ""RNA::LOC643387"", ""RNA::LOC728643"", ""RNA::NACAP1"", ""RNA::PPIAL4C"", ""RNA::SCP2"", ""RNA::SUMO1P3"", ""RNA::THRAP3"", ""RNA::TMEM149"", ""RNA::WLS"", ""SCNV::LINC00662""]",15
2,4,svm_l1,highest_locking_score,"[""RNA::ABCG1"", ""RNA::ADAM2"", ""RNA::CARD8"", ""RNA::CCDC102A"", ""RNA::CYTL1"", ""RNA::FOXD3"", ""RNA::GCSH"", ""RNA::HNRNPA3P1"", ""RNA::NCF1C"", ""RNA::OR5B12"", ""RNA::OR8D1"", ""RNA::PMP2"", ""RNA::PRUNE"", ""RNA::SRXN1"", ""SCNV::LINC00662""]",15
2,4,svm_l1,legacy_top3_medoid,"[""RNA::ABCG1"", ""RNA::ADAM2"", ""RNA::CARD8"", ""RNA::CCDC102A"", ""RNA::CYTL1"", ""RNA::FOXD3"", ""RNA::GCSH"", ""RNA::HNRNPA3P1"", ""RNA::NCF1C"", ""RNA::OR5B12"", ""RNA::OR8D1"", ""RNA::PMP2"", ""RNA::PRUNE"", ""RNA::SRXN1"", ""SCNV::LINC00662""]",15
2,4,svm_l1,unrestricted_medoid,"[""RNA::ABCG1"", ""RNA::ACSM2A"", ""RNA::ADAM2"", ""RNA::AK2"", ""RNA::FHL3"", ""RNA::FOXD3"", ""RNA::FOXG1"", ""RNA::HNRNPA3P1"", ""RNA::HSPBAP1"", ""RNA::LEKR1"", ""RNA::LOC100133050"", ""RNA::OR8D1"", ""RNA::PLEKHA4"", ""RNA::SUMO1P3"", ""RNA::ZNF263""]",15
2,4,svm_l1,regret_constrained_medoid,"[""RNA::ABCG1"", ""RNA::ACSM2A"", ""RNA::ADAM2"", ""RNA::AK2"", ""RNA::FHL3"", ""RNA::FOXD3"", ""RNA::FOXG1"", ""RNA::HNRNPA3P1"", ""RNA::HSPBAP1"", ""RNA::LEKR1"", ""RNA::LOC100133050"", ""RNA::OR8D1"", ""RNA::PLEKHA4"", ""RNA::SUMO1P3"", ""RNA::ZNF263""]",15
2,4,xgboost,direct,"[""RNA::ABCA12"", ""RNA::ABCA9"", ""RNA::ACAD8"", ""RNA::ADAM8"", ""RNA::AKR1CL1"", ""RNA::ALKBH3"", ""RNA::ANKRD20A3"", ""RNA::ANKRD31"", ""RNA::ASAP3"", ""RNA::ASXL2"", ""RNA::B3GNT5"", ""RNA::B4GALNT3"", ""RNA::BAZ1B"", ""RNA::C10orf75"", ""RNA::C5orf34"", ""RNA::C6orf124"", ""RNA::C8orf4"", ""RNA::CALHM1"", ""RNA::CASP9"", ""RNA::CC2D2A"", ""RNA::CCDC41"", ""RNA::CLGN"", ""RNA::CRLS1"", ""RNA::CRYZL1"", ""RNA::CYP21A2"", ""RNA::DHRS12"", ""RNA::DIS3L2"", ""RNA::DNALI1"", ""RNA::EEF1A1P9"", ""RNA::ENPP7"", ""RNA::ETNK1"", ""RNA::FAM46D"", ""RNA::FAM58B"", ""RNA::FAM98B"", ""RNA::FBXO21"", ""RNA::FLJ39582"", ""RNA::FTHL3"", ""RNA::FZD4"", ""RNA::GLIS2"", ""RNA::GPX3"", ""RNA::IFNE"", ""RNA::INPP1"", ""RNA::IRS4"", ""RNA::KGFLP2"", ""RNA::KIAA1409"", ""RNA::KLHL12"", ""RNA::KRTAP5-3"", ""RNA::LBX1"", ""RNA::LOC100129066"", ""RNA::LOC285359"", ""RNA::LOC442454"", ""RNA::LOC647309"", ""RNA::MAK16"", ""RNA::MGC45800"", ""RNA::MIMT1"", ""RNA::MRC1"", ""RNA::MRPL35"", ""RNA::MYO5A"", ""RNA::NAA15"", ""RNA::NADK"", ""RNA::NAPB"", ""RNA::NT5C3"", ""RNA::NUDT11"", ""RNA::OAT"", ""RNA::OR2C1"", ""RNA::PCBP3"", ""RNA::PDCD6"", ""RNA::PHC1"", ""RNA::PID1"", ""RNA::PLCB4"", ""RNA::PNPO"", ""RNA::PPIAL4C"", ""RNA::PSD2"", ""RNA::PSMA8"", ""RNA::PSMG1"", ""RNA::RAB41"", ""RNA::RPS27L"", ""RNA::RWDD1"", ""RNA::SEPT9"", ""RNA::SLC5A3"", ""RNA::SUPT5H"", ""RNA::SUSD3"", ""RNA::TAF15"", ""RNA::THRAP3"", ""RNA::TMEM165"", ""RNA::TMEM233"", ""RNA::TMEM39A"", ""RNA::TNF"", ""RNA::TOP1P2"", ""RNA::TP53I3"", ""RNA::TRIP10"", ""RNA::TTC5"", ""RNA::UGT1A10"", ""RNA::VPS53"", ""RNA::WLS"", ""RNA::ZFP36"", ""RNA::ZNF667"", ""RNA::ZXDB"", ""SCNV::PLEKHF1"", ""SCNV::snoU13|ENSG00000238506.1""]",100
2,4,xgboost,rfecv_only,"[""RNA::ASAP3"", ""RNA::B3GNT5"", ""RNA::C5orf34"", ""RNA::CRYZL1"", ""RNA::DNALI1"", ""RNA::EEF1A1P9"", ""RNA::FTHL3"", ""RNA::KIAA1409"", ""RNA::LOC442454"", ""RNA::NADK"", ""RNA::PCBP3"", ""RNA::PPIAL4C"", ""RNA::RAB41"", ""RNA::SEPT9"", ""RNA::THRAP3"", ""RNA::TMEM165"", ""RNA::TOP1P2"", ""RNA::WLS"", ""SCNV::PLEKHF1""]",19
2,4,xgboost,highest_locking_score,"[""RNA::ABCA12"", ""RNA::ABCA9"", ""RNA::ANKRD31"", ""RNA::C10orf75"", ""RNA::CALHM1"", ""RNA::CCDC41"", ""RNA::FAM98B"", ""RNA::FTHL3"", ""RNA::GPX3"", ""RNA::KIAA1409"", ""RNA::NADK"", ""RNA::NUDT11"", ""RNA::PLCB4"", ""RNA::PSMA8"", ""RNA::RPS27L"", ""RNA::SEPT9"", ""RNA::SUPT5H"", ""RNA::TOP1P2"", ""RNA::TRIP10"", ""RNA::VPS53"", ""SCNV::snoU13|ENSG00000238506.1""]",21
2,4,xgboost,legacy_top3_medoid,"[""RNA::ACAD8"", ""RNA::CC2D2A"", ""RNA::CCDC41"", ""RNA::CRYZL1"", ""RNA::CYP21A2"", ""RNA::DNALI1"", ""RNA::EEF1A1P9"", ""RNA::FAM58B"", ""RNA::FBXO21"", ""RNA::GLIS2"", ""RNA::GPX3"", ""RNA::KGFLP2"", ""RNA::KRTAP5-3"", ""RNA::LOC647309"", ""RNA::OAT"", ""RNA::PLCB4"", ""RNA::SEPT9"", ""RNA::TAF15"", ""RNA::TOP1P2""]",19
2,4,xgboost,unrestricted_medoid,"[""RNA::ACAD8"", ""RNA::CC2D2A"", ""RNA::CCDC41"", ""RNA::CRYZL1"", ""RNA::CYP21A2"", ""RNA::DNALI1"", ""RNA::EEF1A1P9"", ""RNA::FAM58B"", ""RNA::FBXO21"", ""RNA::GLIS2"", ""RNA::GPX3"", ""RNA::KGFLP2"", ""RNA::KRTAP5-3"", ""RNA::LOC647309"", ""RNA::OAT"", ""RNA::PLCB4"", ""RNA::SEPT9"", ""RNA::TAF15"", ""RNA::TOP1P2""]",19
2,4,xgboost,regret_constrained_medoid,"[""RNA::ABCA12"", ""RNA::ABCA9"", ""RNA::ANKRD31"", ""RNA::C10orf75"", ""RNA::CALHM1"", ""RNA::CCDC41"", ""RNA::FAM98B"", ""RNA::FTHL3"", ""RNA::GPX3"", ""RNA::KIAA1409"", ""RNA::NADK"", ""RNA::NUDT11"", ""RNA::PLCB4"", ""RNA::PSMA8"", ""RNA::RPS27L"", ""RNA::SEPT9"", ""RNA::SUPT5H"", ""RNA::TOP1P2"", ""RNA::TRIP10"", ""RNA::VPS53"", ""SCNV::snoU13|ENSG00000238506.1""]",21
2,4,boruta_rf,direct,"[""RNA::AK2"", ""RNA::ANXA2P1"", ""RNA::ASAP3"", ""RNA::ATP5EP2"", ""RNA::ATP6V1C2"", ""RNA::ATP8B5P"", ""RNA::BAGE2"", ""RNA::BOD1"", ""RNA::BRD7"", ""RNA::BZW1"", ""RNA::C15orf21"", ""RNA::C1orf144"", ""RNA::CASP6"", ""RNA::CDC26"", ""RNA::CENPA"", ""RNA::CEP170L"", ""RNA::CHGB"", ""RNA::CKLF"", ""RNA::CMC1"", ""RNA::CNN3"", ""RNA::CPEB3"", ""RNA::CTCFL"", ""RNA::DGCR2"", ""RNA::DNALI1"", ""RNA::DOCK7"", ""RNA::DST"", ""RNA::DYNC1H1"", ""RNA::DYNC1I2"", ""RNA::EDARADD"", ""RNA::EEF1A1P9"", ""RNA::EIF3A"", ""RNA::EXTL3"", ""RNA::FAF1"", ""RNA::FAM71D"", ""RNA::FAM90A7"", ""RNA::FTHL3"", ""RNA::GBAP1"", ""RNA::GCSH"", ""RNA::GGTLC1"", ""RNA::GPN1"", ""RNA::GPX7"", ""RNA::GUSBL1"", ""RNA::H3F3C"", ""RNA::HDAC1"", ""RNA::HNRNPA3P1"", ""RNA::ID2B"", ""RNA::IFNGR2"", ""RNA::ITGB3BP"", ""RNA::KDELR2"", ""RNA::KIAA1409"", ""RNA::LOC284232"", ""RNA::LOC341056"", ""RNA::LOC407835"", ""RNA::LOC442454"", ""RNA::LOC643387"", ""RNA::LOC644936"", ""RNA::LOC728643"", ""RNA::LOX"", ""RNA::LRRC37A4"", ""RNA::LRRC42"", ""RNA::LSM14A"", ""RNA::LYPLA1"", ""RNA::MADD"", ""RNA::MFSD2B"", ""RNA::MPRIP"", ""RNA::MYO18A"", ""RNA::NACA2"", ""RNA::NACAP1"", ""RNA::NADK"", ""RNA::NALCN"", ""RNA::NCRNA00152"", ""RNA::NFIA"", ""RNA::NOX4"", ""RNA::NUP37"", ""RNA::OSTC"", ""RNA::PA2G4P4"", ""RNA::PCBP3"", ""RNA::PIGC"", ""RNA::PMS2L2"", ""RNA::PPIA"", ""RNA::PPIAL4C"", ""RNA::RAB6C"", ""RNA::RGPD4"", ""RNA::RPL12"", ""RNA::RPL13A"", ""RNA::RPL13AP3"", ""RNA::RPL17"", ""RNA::RPL23P8"", ""RNA::RPL7"", ""RNA::S100A10"", ""RNA::SCP2"", ""RNA::SDF4"", ""RNA::SHQ1"", ""RNA::SLC6A10P"", ""RNA::SNRNP40"", ""RNA::SNX3"", ""RNA::SPCS2"", ""RNA::SPTAN1"", ""RNA::SUMO1P3"", ""RNA::TARSL2""]",100
2,4,boruta_rf,rfecv_only,"[""RNA::DNALI1"", ""RNA::EEF1A1P9"", ""RNA::FTHL3"", ""RNA::LOC442454"", ""RNA::LOC643387"", ""RNA::LOC728643"", ""RNA::LRRC42"", ""RNA::NADK"", ""RNA::RPL13AP3""]",9
2,4,boruta_rf,highest_locking_score,"[""RNA::ATP8B5P"", ""RNA::CHGB"", ""RNA::CKLF"", ""RNA::CTCFL"", ""RNA::DGCR2"", ""RNA::DYNC1H1"", ""RNA::EDARADD"", ""RNA::EXTL3"", ""RNA::FAM90A7"", ""RNA::FTHL3"", ""RNA::GCSH"", ""RNA::GPX7"", ""RNA::KIAA1409"", ""RNA::LOC643387"", ""RNA::NALCN"", ""RNA::NOX4"", ""RNA::RPL23P8"", ""RNA::S100A10"", ""RNA::SNX3""]",19
2,4,boruta_rf,legacy_top3_medoid,"[""RNA::ATP8B5P"", ""RNA::CHGB"", ""RNA::CKLF"", ""RNA::CTCFL"", ""RNA::DGCR2"", ""RNA::DYNC1H1"", ""RNA::EDARADD"", ""RNA::EXTL3"", ""RNA::FAM90A7"", ""RNA::FTHL3"", ""RNA::GCSH"", ""RNA::GPX7"", ""RNA::KIAA1409"", ""RNA::LOC643387"", ""RNA::NALCN"", ""RNA::NOX4"", ""RNA::RPL23P8"", ""RNA::S100A10"", ""RNA::SNX3""]",19
2,4,boruta_rf,unrestricted_medoid,"[""RNA::ATP6V1C2"", ""RNA::CEP170L"", ""RNA::CTCFL"", ""RNA::FAM90A7"", ""RNA::GGTLC1"", ""RNA::HDAC1"", ""RNA::ITGB3BP"", ""RNA::LOC284232"", ""RNA::LOC644936"", ""RNA::LOX"", ""RNA::LRRC37A4"", ""RNA::OSTC"", ""RNA::PCBP3"", ""RNA::PPIA"", ""RNA::RPL17"", ""RNA::S100A10""]",16
2,4,boruta_rf,regret_constrained_medoid,"[""RNA::ATP8B5P"", ""RNA::CHGB"", ""RNA::CKLF"", ""RNA::CTCFL"", ""RNA::DGCR2"", ""RNA::DYNC1H1"", ""RNA::EDARADD"", ""RNA::EXTL3"", ""RNA::FAM90A7"", ""RNA::FTHL3"", ""RNA::GCSH"", ""RNA::GPX7"", ""RNA::KIAA1409"", ""RNA::LOC643387"", ""RNA::NALCN"", ""RNA::NOX4"", ""RNA::RPL23P8"", ""RNA::S100A10"", ""RNA::SNX3""]",19
2,5,svm_l1,direct,"[""RNA::ADAM2"", ""RNA::AK2"", ""RNA::ANGEL2"", ""RNA::ANKRD27"", ""RNA::ATP5EP2"", ""RNA::ATP8B5P"", ""RNA::C10orf131"", ""RNA::C15orf21"", ""RNA::C1orf123"", ""RNA::C1orf87"", ""RNA::C3orf38"", ""RNA::C3orf48"", ""RNA::CARD8"", ""RNA::CCDC102A"", ""RNA::CDK11B"", ""RNA::CERKL"", ""RNA::CHRNA7"", ""RNA::CMC1"", ""RNA::CSDE1"", ""RNA::CT45A1"", ""RNA::CUL4A"", ""RNA::CXorf21"", ""RNA::ESM1"", ""RNA::FAM159A"", ""RNA::FOXD3"", ""RNA::FTHL3"", ""RNA::FYCO1"", ""RNA::G6PC2"", ""RNA::GCSH"", ""RNA::GLP1R"", ""RNA::GP9"", ""RNA::GPR182"", ""RNA::GRM8"", ""RNA::H3F3C"", ""RNA::HBZ"", ""RNA::HCG22"", ""RNA::HIST1H2BE"", ""RNA::HIST1H4H"", ""RNA::HNRNPA3P1"", ""RNA::LEKR1"", ""RNA::LIMD2"", ""RNA::LOC100129034"", ""RNA::LOC341056"", ""RNA::LOC643387"", ""RNA::LOC644936"", ""RNA::LOC728643"", ""RNA::MFNG"", ""RNA::MFSD2B"", ""RNA::MIA"", ""RNA::MSX2"", ""RNA::MSX2P1"", ""RNA::MYOZ2"", ""RNA::NACAP1"", ""RNA::NUDT3"", ""RNA::OR6C75"", ""RNA::PA2G4P4"", ""RNA::PABPC4"", ""RNA::PCDHGB7"", ""RNA::PMP2"", ""RNA::PPIAL4C"", ""RNA::PRR5-ARHGAP8"", ""RNA::PWP1"", ""RNA::RGAG4"", ""RNA::RPL13AP3"", ""RNA::SCN7A"", ""RNA::SFRS4"", ""RNA::SHQ1"", ""RNA::SLC16A10"", ""RNA::SLC47A1"", ""RNA::SNORD115-7"", ""RNA::SRXN1"", ""RNA::ST6GAL1"", ""RNA::SUMO1P3"", ""RNA::SUSD3"", ""RNA::SYF2"", ""RNA::TARDBP"", ""RNA::THRAP3"", ""RNA::TMEM159"", ""RNA::TMEM178"", ""RNA::TMEM18"", ""RNA::TMX2"", ""RNA::TRIM35"", ""SCNV::DAB1"", ""SCNV::LINC00662"", ""SCNV::RN7SL150P""]",85
2,5,svm_l1,rfecv_only,"[""RNA::AK2"", ""RNA::ANGEL2"", ""RNA::FAM159A"", ""RNA::FTHL3"", ""RNA::GCSH"", ""RNA::HNRNPA3P1"", ""RNA::LOC643387"", ""RNA::LOC728643"", ""RNA::NACAP1"", ""RNA::PPIAL4C"", ""RNA::RPL13AP3"", ""RNA::SYF2"", ""SCNV::DAB1""]",13
2,5,svm_l1,highest_locking_score,"[""RNA::CMC1"", ""RNA::FAM159A"", ""RNA::GLP1R"", ""RNA::HIST1H4H"", ""RNA::LOC644936"", ""RNA::LOC728643"", ""RNA::OR6C75"", ""RNA::PA2G4P4"", ""RNA::PPIAL4C"", ""RNA::SLC16A10"", ""RNA::SYF2"", ""RNA::TARDBP"", ""RNA::TRIM35""]",13
2,5,svm_l1,legacy_top3_medoid,"[""RNA::CMC1"", ""RNA::FAM159A"", ""RNA::GLP1R"", ""RNA::HIST1H4H"", ""RNA::LOC644936"", ""RNA::LOC728643"", ""RNA::OR6C75"", ""RNA::PA2G4P4"", ""RNA::PPIAL4C"", ""RNA::SLC16A10"", ""RNA::SYF2"", ""RNA::TARDBP"", ""RNA::TRIM35""]",13
2,5,svm_l1,unrestricted_medoid,"[""RNA::ANGEL2"", ""RNA::CT45A1"", ""RNA::ESM1"", ""RNA::G6PC2"", ""RNA::HIST1H4H"", ""RNA::MFNG"", ""RNA::MFSD2B"", ""RNA::PA2G4P4"", ""RNA::SHQ1"", ""RNA::SLC16A10"", ""RNA::SRXN1"", ""RNA::TARDBP"", ""RNA::TRIM35""]",13
2,5,svm_l1,regret_constrained_medoid,"[""RNA::ANGEL2"", ""RNA::CT45A1"", ""RNA::ESM1"", ""RNA::G6PC2"", ""RNA::HIST1H4H"", ""RNA::MFNG"", ""RNA::MFSD2B"", ""RNA::PA2G4P4"", ""RNA::SHQ1"", ""RNA::SLC16A10"", ""RNA::SRXN1"", ""RNA::TARDBP"", ""RNA::TRIM35""]",13
2,5,xgboost,direct,"[""RNA::ABCA10"", ""RNA::ABCA5"", ""RNA::ADAMDEC1"", ""RNA::AFMID"", ""RNA::AIFM3"", ""RNA::ANKRD20A3"", ""RNA::ANO5"", ""RNA::ANP32D"", ""RNA::AOX1"", ""RNA::APBA3"", ""RNA::APLF"", ""RNA::APOBEC2"", ""RNA::APOBEC3G"", ""RNA::ARHGEF1"", ""RNA::ATP13A1"", ""RNA::BCL11B"", ""RNA::BTRC"", ""RNA::C12orf24"", ""RNA::C3orf38"", ""RNA::CCDC126"", ""RNA::CDH5"", ""RNA::CLEC18B"", ""RNA::CLEC7A"", ""RNA::COL1A1"", ""RNA::CRIP3"", ""RNA::CYB5D2"", ""RNA::CYP21A2"", ""RNA::CYP4F12"", ""RNA::DLGAP1"", ""RNA::EEF1A1P9"", ""RNA::FADD"", ""RNA::FAF2"", ""RNA::FAM168A"", ""RNA::FAM171B"", ""RNA::FCRLB"", ""RNA::FOXL2"", ""RNA::FTHL3"", ""RNA::GBP1"", ""RNA::GCSH"", ""RNA::GFOD2"", ""RNA::GLIS2"", ""RNA::GUCY1B3"", ""RNA::HUS1B"", ""RNA::IKBKAP"", ""RNA::ITIH3"", ""RNA::KCTD5"", ""RNA::KDELR1"", ""RNA::KIF5B"", ""RNA::LMO2"", ""RNA::LMOD1"", ""RNA::LOC148413"", ""RNA::LOC286467"", ""RNA::LOC442454"", ""RNA::MED8"", ""RNA::MEX3C"", ""RNA::MRPL52"", ""RNA::NALCN"", ""RNA::NEUROG2"", ""RNA::NFIA"", ""RNA::NLGN3"", ""RNA::PABPC4"", ""RNA::PCDHGB7"", ""RNA::PITX1"", ""RNA::PLEKHH2"", ""RNA::PPCDC"", ""RNA::PTAR1"", ""RNA::RAP1GAP"", ""RNA::RAVER2"", ""RNA::RGS4"", ""RNA::RGS9"", ""RNA::RHBDD1"", ""RNA::RNF183"", ""RNA::RPL12"", ""RNA::RRP8"", ""RNA::RYBP"", ""RNA::S100PBP"", ""RNA::S1PR2"", ""RNA::SAMD13"", ""RNA::SESN3"", ""RNA::SLC22A2"", ""RNA::SMAD7"", ""RNA::SNRNP40"", ""RNA::SYT14"", ""RNA::TARDBP"", ""RNA::TRIM11"", ""RNA::TTC1"", ""RNA::TTC39C"", ""RNA::USP30"", ""RNA::WNT7A"", ""RNA::WWC2"", ""RNA::YY1AP1"", ""RNA::ZBTB42"", ""RNA::ZCCHC14"", ""RNA::ZMAT2"", ""RNA::ZNF425"", ""RNA::ZNF460"", ""SCNV::DAB1"", ""SCNV::MAP3K6"", ""SCNV::SLC2A13"", ""SCNV::ZNF479""]",100
2,5,xgboost,rfecv_only,"[""RNA::C3orf38"", ""RNA::EEF1A1P9"", ""RNA::FTHL3"", ""RNA::GCSH"", ""RNA::KDELR1"", ""RNA::KIF5B"", ""RNA::LOC148413"", ""RNA::LOC442454"", ""RNA::MED8"", ""RNA::NALCN"", ""RNA::NFIA"", ""RNA::RGS9"", ""RNA::RPL12"", ""RNA::S100PBP"", ""RNA::SNRNP40"", ""RNA::TARDBP"", ""RNA::ZBTB42"", ""RNA::ZMAT2"", ""SCNV::DAB1"", ""SCNV::MAP3K6""]",20
2,5,xgboost,highest_locking_score,"[""RNA::ABCA10"", ""RNA::AFMID"", ""RNA::APBA3"", ""RNA::APLF"", ""RNA::APOBEC3G"", ""RNA::CYP21A2"", ""RNA::FAF2"", ""RNA::FCRLB"", ""RNA::FOXL2"", ""RNA::FTHL3"", ""RNA::GFOD2"", ""RNA::GLIS2"", ""RNA::LOC286467"", ""RNA::MRPL52"", ""RNA::PPCDC"", ""RNA::RNF183"", ""RNA::S1PR2"", ""RNA::TARDBP"", ""RNA::TTC39C"", ""SCNV::MAP3K6""]",20
2,5,xgboost,legacy_top3_medoid,"[""RNA::ABCA10"", ""RNA::AFMID"", ""RNA::APBA3"", ""RNA::APLF"", ""RNA::APOBEC3G"", ""RNA::CYP21A2"", ""RNA::FAF2"", ""RNA::FCRLB"", ""RNA::FOXL2"", ""RNA::FTHL3"", ""RNA::GFOD2"", ""RNA::GLIS2"", ""RNA::LOC286467"", ""RNA::MRPL52"", ""RNA::PPCDC"", ""RNA::RNF183"", ""RNA::S1PR2"", ""RNA::TARDBP"", ""RNA::TTC39C"", ""SCNV::MAP3K6""]",20
2,5,xgboost,unrestricted_medoid,"[""RNA::AOX1"", ""RNA::APBA3"", ""RNA::ARHGEF1"", ""RNA::BTRC"", ""RNA::C12orf24"", ""RNA::CCDC126"", ""RNA::CYB5D2"", ""RNA::CYP21A2"", ""RNA::DLGAP1"", ""RNA::EEF1A1P9"", ""RNA::FOXL2"", ""RNA::GCSH"", ""RNA::LOC148413"", ""RNA::PLEKHH2"", ""RNA::PTAR1"", ""RNA::RGS4"", ""RNA::RPL12"", ""RNA::TARDBP"", ""RNA::USP30"", ""RNA::ZBTB42""]",20
2,5,xgboost,regret_constrained_medoid,"[""RNA::ABCA10"", ""RNA::AFMID"", ""RNA::APBA3"", ""RNA::APLF"", ""RNA::APOBEC3G"", ""RNA::CYP21A2"", ""RNA::FAF2"", ""RNA::FCRLB"", ""RNA::FOXL2"", ""RNA::FTHL3"", ""RNA::GFOD2"", ""RNA::GLIS2"", ""RNA::LOC286467"", ""RNA::MRPL52"", ""RNA::PPCDC"", ""RNA::RNF183"", ""RNA::S1PR2"", ""RNA::TARDBP"", ""RNA::TTC39C"", ""SCNV::MAP3K6""]",20
2,5,boruta_rf,direct,"[""RNA::ACBD5"", ""RNA::ACTL6A"", ""RNA::AK2"", ""RNA::ANXA2P1"", ""RNA::ASAP3"", ""RNA::ATP5EP2"", ""RNA::ATP6V1C2"", ""RNA::ATP8B5P"", ""RNA::BAGE2"", ""RNA::BZW1"", ""RNA::C12orf48"", ""RNA::C15orf21"", ""RNA::C1orf116"", ""RNA::C3orf38"", ""RNA::CAPZA1"", ""RNA::CDC26"", ""RNA::CEP170L"", ""RNA::CKLF"", ""RNA::CLIC1"", ""RNA::CMC1"", ""RNA::CNIH4"", ""RNA::CNPY3"", ""RNA::COMMD10"", ""RNA::CPEB3"", ""RNA::CTCFL"", ""RNA::DDOST"", ""RNA::DST"", ""RNA::DSTYK"", ""RNA::DYNC1H1"", ""RNA::EDARADD"", ""RNA::EEF1A1P9"", ""RNA::EIF3A"", ""RNA::FAF1"", ""RNA::FAM71D"", ""RNA::FAM90A7"", ""RNA::FTHL3"", ""RNA::GBAP1"", ""RNA::GCSH"", ""RNA::GGTLC1"", ""RNA::GNAO1"", ""RNA::GPN1"", ""RNA::GPX7"", ""RNA::GUSB"", ""RNA::GUSBL1"", ""RNA::H3F3C"", ""RNA::HDAC1"", ""RNA::HERC2"", ""RNA::HIST1H2BE"", ""RNA::HMGN5"", ""RNA::HNRNPA3P1"", ""RNA::HNRNPUL2"", ""RNA::HTATSF1"", ""RNA::IFNGR2"", ""RNA::IGFBP2"", ""RNA::IK"", ""RNA::IKBIP"", ""RNA::KTI12"", ""RNA::LDHA"", ""RNA::LOC284232"", ""RNA::LOC341056"", ""RNA::LOC399744"", ""RNA::LOC407835"", ""RNA::LOC442454"", ""RNA::LOC541471"", ""RNA::LOC643387"", ""RNA::LOC644936"", ""RNA::LOC728643"", ""RNA::LRRC37A4"", ""RNA::LRRC42"", ""RNA::LSM14A"", ""RNA::LYPLA1"", ""RNA::MADD"", ""RNA::MAGOH"", ""RNA::MFSD2B"", ""RNA::MPRIP"", ""RNA::MTX1"", ""RNA::MYH6"", ""RNA::MYO18A"", ""RNA::NACA2"", ""RNA::NACAP1"", ""RNA::NALCN"", ""RNA::NCRNA00152"", ""RNA::NFIA"", ""RNA::NUP37"", ""RNA::OSTC"", ""RNA::PA2G4P4"", ""RNA::PIGC"", ""RNA::PMS2L2"", ""RNA::POLE2"", ""RNA::PPIA"", ""RNA::PPIAL4C"", ""RNA::PPIL5"", ""RNA::PRDX4"", ""RNA::PVT1"", ""RNA::RAB6C"", ""RNA::RAP1B"", ""RNA::RASGRF1"", ""RNA::RGPD4"", ""RNA::RPL12"", ""RNA::RPL13AP3""]",100
2,5,boruta_rf,rfecv_only,"[""RNA::ASAP3"", ""RNA::EEF1A1P9"", ""RNA::FTHL3"", ""RNA::LOC442454"", ""RNA::LOC643387"", ""RNA::LOC728643"", ""RNA::NACAP1"", ""RNA::NFIA"", ""RNA::RPL13AP3""]",9
2,5,boruta_rf,highest_locking_score,"[""RNA::ACBD5"", ""RNA::ATP8B5P"", ""RNA::BZW1"", ""RNA::DST"", ""RNA::EDARADD"", ""RNA::EIF3A"", ""RNA::FAF1"", ""RNA::FTHL3"", ""RNA::GCSH"", ""RNA::HIST1H2BE"", ""RNA::HMGN5"", ""RNA::IKBIP"", ""RNA::LOC442454"", ""RNA::MAGOH"", ""RNA::MFSD2B"", ""RNA::MYO18A"", ""RNA::NACA2"", ""RNA::NCRNA00152"", ""RNA::PVT1"", ""RNA::RAB6C""]",20
2,5,boruta_rf,legacy_top3_medoid,"[""RNA::C1orf116"", ""RNA::CPEB3"", ""RNA::DSTYK"", ""RNA::EIF3A"", ""RNA::GNAO1"", ""RNA::HDAC1"", ""RNA::HERC2"", ""RNA::HIST1H2BE"", ""RNA::HNRNPA3P1"", ""RNA::KTI12"", ""RNA::LOC399744"", ""RNA::MFSD2B"", ""RNA::NACA2"", ""RNA::PPIA"", ""RNA::PPIAL4C"", ""RNA::RASGRF1""]",16
2,5,boruta_rf,unrestricted_medoid,"[""RNA::ACBD5"", ""RNA::ANXA2P1"", ""RNA::ASAP3"", ""RNA::ATP8B5P"", ""RNA::C15orf21"", ""RNA::CNPY3"", ""RNA::DSTYK"", ""RNA::FAF1"", ""RNA::HNRNPA3P1"", ""RNA::HNRNPUL2"", ""RNA::KTI12"", ""RNA::LOC442454"", ""RNA::LRRC42"", ""RNA::MYO18A"", ""RNA::PMS2L2""]",15
2,5,boruta_rf,regret_constrained_medoid,"[""RNA::ACBD5"", ""RNA::ATP8B5P"", ""RNA::BZW1"", ""RNA::DST"", ""RNA::EDARADD"", ""RNA::EIF3A"", ""RNA::FAF1"", ""RNA::FTHL3"", ""RNA::GCSH"", ""RNA::HIST1H2BE"", ""RNA::HMGN5"", ""RNA::IKBIP"", ""RNA::LOC442454"", ""RNA::MAGOH"", ""RNA::MFSD2B"", ""RNA::MYO18A"", ""RNA::NACA2"", ""RNA::NCRNA00152"", ""RNA::PVT1"", ""RNA::RAB6C""]",20
